0 3 0 466 2220 461
1 3 0 462 2221 1425
2 3 0 461 2237 466
3 3 0 1425 2236 462
4 3 0 2101 2222 402
5 3 0 405 2223 1529
6 3 0 459 1858 1418
7 3 0 1408 1758 460
8 3 0 1994 2226 395
9 3 0 396 2227 1402
10 3 0 402 2233 2101
11 3 0 1529 2232 405
12 3 0 396 1895 264
13 3 0 132 1419 395
14 3 0 1858 2231 1418
15 3 0 1408 2230 1758
16 3 0 403 2135 1411
17 3 0 404 1535 1533
18 3 0 2064 2241 1037
19 3 0 2241 2242 1037
20 3 0 395 2229 1994
21 3 0 1402 2228 396
22 3 0 264 1895 263
23 3 0 133 1419 132
24 3 0 1402 2227 1404
25 3 0 1530 2226 1994
26 3 0 130 2226 2223
27 3 0 2222 2227 266
28 3 0 1529 2223 1530
29 3 0 1404 2222 2101
30 3 0 1425 2221 1426
31 3 0 465 2220 466
32 3 0 2116 2237 1882
33 3 0 1861 2236 1507
34 3 0 460 2225 1408
35 3 0 1418 2224 459
36 3 0 396 2228 1895
37 3 0 1419 2229 395
38 3 0 1507 2233 1861
39 3 0 1882 2232 2116
40 3 0 2223 2226 1530
41 3 0 1404 2227 2222
42 3 0 1411 2235 403
43 3 0 404 2234 1535
44 3 0 1533 2231 404
45 3 0 403 2230 2135
46 3 0 407 2243 1405
47 3 0 143 2238 1412
48 3 0 398 2239 1410
49 3 0 1623 2240 1036
50 3 0 1624 2244 830
51 3 0 1915 2246 1319
52 3 0 1916 2241 2064
53 3 0 1677 2248 860
54 3 0 2086 2249 1325
55 3 0 428 2245 1562
56 3 0 1851 2251 1329
57 3 0 429 2247 1656
58 3 0 1688 2252 1954
59 3 0 380 2250 1721
60 3 0 1814 2256 1350
61 3 0 382 2253 1728
62 3 0 1931 2257 1965
63 3 0 427 2254 1967
64 3 0 1692 2255 1038
65 3 0 1693 2260 990
66 3 0 1763 2261 2008
67 3 0 366 2262 1511
68 3 0 243 2259 1632
69 3 0 400 2263 2133
70 3 0 246 2258 1494
71 3 0 2219 2371 464
72 3 0 463 2370 2218
73 3 0 2224 2371 2219
74 3 0 2218 2370 2225
75 3 0 1882 2237 461
76 3 0 462 2236 1861
77 3 0 685 2000 687
78 3 0 720 1421 1420
79 3 0 763 1570 1569
80 3 0 675 1800 677
81 3 0 1799 1982 1047
82 3 0 1798 1982 1799
83 3 0 2042 2186 717
84 3 0 1049 1982 1798
85 3 0 1049 1798 1796
86 3 0 1796 1844 1049
87 3 0 1797 1844 1796
88 3 0 1050 1844 1797
89 3 0 1986 2034 1051
90 3 0 1985 2034 1986
91 3 0 681 1422 683
92 3 0 1801 2115 1046
93 3 0 1052 2034 1985
94 3 0 1052 2150 2085
95 3 0 1985 2150 1052
96 3 0 671 1571 673
97 3 0 716 2038 1601
98 3 0 1601 2038 1600
99 3 0 1600 2038 792
100 3 0 792 1602 1600
101 3 0 792 2007 1602
102 3 0 1602 2007 1603
103 3 0 1603 2007 714
104 3 0 1588 1603 714
105 3 0 714 1660 1588
106 3 0 1845 2043 717
107 3 0 1588 1660 1585
108 3 0 1585 1660 761
109 3 0 761 1586 1585
110 3 0 717 2186 1845
111 3 0 2130 2217 1101
112 3 0 790 1640 1638
113 3 0 720 1422 1421
114 3 0 790 2003 1640
115 3 0 631 1943 633
116 3 0 1640 2003 1641
117 3 0 1572 1801 719
118 3 0 1641 2003 713
119 3 0 713 1787 1641
120 3 0 713 1888 1787
121 3 0 1787 1888 1788
122 3 0 763 1571 1570
123 3 0 1788 1888 776
124 3 0 1880 2175 1061
125 3 0 637 1587 639
126 3 0 776 2091 1788
127 3 0 1942 2091 776
128 3 0 1881 2091 1942
129 3 0 1944 2056 1056
130 3 0 1881 1942 712
131 3 0 1797 1845 1050
132 3 0 784 1821 1782
133 3 0 1782 1821 1781
134 3 0 1781 1821 711
135 3 0 711 1783 1781
136 3 0 711 1999 1783
137 3 0 1962 2174 1068
138 3 0 1424 1425 458
139 3 0 1064 2148 1102
140 3 0 458 2063 1424
141 3 0 1783 1999 1784
142 3 0 1605 2093 1102
143 3 0 683 1422 720
144 3 0 1572 2115 1801
145 3 0 1784 1999 778
146 3 0 370 2123 1427
147 3 0 1102 2148 1605
148 3 0 778 1963 1784
149 3 0 12 2071 11
150 3 0 14 1824 13
151 3 0 673 1571 763
152 3 0 1368 1823 1515
153 3 0 1108 2098 1112
154 3 0 1898 1962 1067
155 3 0 1515 1823 399
156 3 0 1897 1963 778
157 3 0 1822 2005 1061
158 3 0 1061 2175 1822
159 3 0 761 1587 1586
160 3 0 18 1523 17
161 3 0 1116 1546 1118
162 3 0 1370 2129 2052
163 3 0 1797 2043 1845
164 3 0 781 1808 1806
165 3 0 7 1426 6
166 3 0 1806 1808 1805
167 3 0 1639 1944 715
168 3 0 1811 1819 773
169 3 0 1805 1808 709
170 3 0 779 1635 1430
171 3 0 1898 2174 1962
172 3 0 1120 2102 1122
173 3 0 1430 1635 1381
174 3 0 708 2201 2184
175 3 0 1071 2171 1820
176 3 0 23 1751 22
177 3 0 1432 1633 392
178 3 0 392 1756 1432
179 3 0 759 1487 1431
180 3 0 1756 2070 1432
181 3 0 1415 2112 1508
182 3 0 1508 2112 1497
183 3 0 484 2077 482
184 3 0 1809 1960 1068
185 3 0 439 2070 1756
186 3 0 759 2051 1487
187 3 0 2047 2099 1577
188 3 0 1487 2051 1433
189 3 0 1256 2047 1497
190 3 0 1068 2174 1809
191 3 0 1497 2112 1256
192 3 0 1434 2070 439
193 3 0 1433 2051 797
194 3 0 822 2000 1423
195 3 0 1256 2099 2047
196 3 0 797 1746 1433
197 3 0 708 1871 1725
198 3 0 719 1800 1572
199 3 0 1420 2000 720
200 3 0 1566 1746 797
201 3 0 1863 2180 707
202 3 0 1725 1871 1724
203 3 0 687 2000 822
204 3 0 1423 2130 822
205 3 0 720 2000 685
206 3 0 27 1996 26
207 3 0 639 1587 761
208 3 0 1569 1800 763
209 3 0 1724 1871 772
210 3 0 1435 1746 1566
211 3 0 1436 1536 393
212 3 0 1873 1940 707
213 3 0 1435 1566 758
214 3 0 758 2087 1435
215 3 0 393 1884 1436
216 3 0 1639 2056 1944
217 3 0 1047 2155 1799
218 3 0 2075 2087 758
219 3 0 1782 1822 784
220 3 0 1884 2080 1436
221 3 0 1437 2087 2075
222 3 0 763 1800 675
223 3 0 440 2080 1884
224 3 0 677 1800 719
225 3 0 1437 2075 793
226 3 0 1438 2080 440
227 3 0 793 1550 1437
228 3 0 1804 1810 1070
229 3 0 440 1659 1438
230 3 0 1425 1426 458
231 3 0 793 1699 1550
232 3 0 1550 1699 1439
233 3 0 1439 1699 757
234 3 0 1659 2081 1438
235 3 0 757 2024 1439
236 3 0 394 2081 1659
237 3 0 1576 2024 757
238 3 0 1864 1956 1074
239 3 0 1371 2024 1576
240 3 0 1576 1607 1371
241 3 0 1589 2081 394
242 3 0 1865 1956 1864
243 3 0 2155 2188 1799
244 3 0 394 1753 1589
245 3 0 1075 1956 1865
246 3 0 1589 1753 1372
247 3 0 1865 1867 1075
248 3 0 2178 2181 1944
249 3 0 2138 2153 1373
250 3 0 1867 1955 1075
251 3 0 756 2153 2138
252 3 0 1372 1753 1752
253 3 0 709 1810 1805
254 3 0 1587 2181 2178
255 3 0 1868 1955 1867
256 3 0 707 2180 1873
257 3 0 2085 2150 1601
258 3 0 1571 2188 2155
259 3 0 1725 2201 708
260 3 0 1292 1608 1290
261 3 0 1806 1809 781
262 3 0 1076 1955 1868
263 3 0 1782 2005 1822
264 3 0 512 1525 510
265 3 0 1601 2150 716
266 3 0 783 2141 1997
267 3 0 1146 2035 1148
268 3 0 1723 1872 1073
269 3 0 730 1526 1524
270 3 0 419 1977 1440
271 3 0 1526 1578 1374
272 3 0 730 1578 1526
273 3 0 458 1426 7
274 3 0 1578 1887 1374
275 3 0 1820 2171 1811
276 3 0 1440 1977 1567
277 3 0 1892 2141 783
278 3 0 783 1937 1892
279 3 0 1801 2191 2190
280 3 0 2190 2191 1422
281 3 0 1887 2104 1374
282 3 0 1810 1819 1811
283 3 0 755 2104 1887
284 3 0 1892 1937 1891
285 3 0 1506 2146 1375
286 3 0 715 1943 1639
287 3 0 1567 1977 344
288 3 0 1506 2104 755
289 3 0 1891 1937 705
290 3 0 1441 1567 344
291 3 0 1986 2186 2042
292 3 0 344 1901 1441
293 3 0 755 2146 1506
294 3 0 1638 1943 790
295 3 0 772 1872 1724
296 3 0 1078 1938 1705
297 3 0 671 2188 1571
298 3 0 633 1943 715
299 3 0 790 1943 631
300 3 0 1650 1736 754
301 3 0 1154 2002 1156
302 3 0 1046 2191 1801
303 3 0 754 1744 1650
304 3 0 1705 1950 1078
305 3 0 1806 1960 1809
306 3 0 681 2190 1422
307 3 0 1650 1744 1376
308 3 0 1890 1938 1078
309 3 0 1704 1950 1705
310 3 0 414 1802 1442
311 3 0 1744 2027 1376
312 3 0 1376 2027 1818
313 3 0 1802 1968 1442
314 3 0 1079 1950 1704
315 3 0 1818 2027 753
316 3 0 524 1737 522
317 3 0 345 1968 1802
318 3 0 1079 2143 2046
319 3 0 1872 1940 1873
320 3 0 1704 2143 1079
321 3 0 1443 1968 345
322 3 0 536 1597 534
323 3 0 1266 2029 1264
324 3 0 1805 1810 1804
325 3 0 345 1902 1443
326 3 0 773 1820 1811
327 3 0 1051 2186 1986
328 3 0 752 1598 1596
329 3 0 704 1896 1663
330 3 0 1902 2067 1443
331 3 0 1598 1646 1378
332 3 0 752 1646 1598
333 3 0 1428 2093 1605
334 3 0 1663 1896 1662
335 3 0 1646 2028 1378
336 3 0 441 2067 1902
337 3 0 1378 2028 2014
338 3 0 1428 1605 1604
339 3 0 1662 1896 775
340 3 0 2014 2028 751
341 3 0 2013 2014 751
342 3 0 1444 2067 441
343 3 0 546 2136 544
344 3 0 775 1664 1662
345 3 0 1067 1963 1898
346 3 0 441 1764 1444
347 3 0 1604 2071 1428
348 3 0 1824 2123 370
349 3 0 548 1627 546
350 3 0 775 1702 1664
351 3 0 1627 2136 546
352 3 0 1427 2071 370
353 3 0 1444 1764 1590
354 3 0 750 1879 1626
355 3 0 1823 1824 14
356 3 0 13 1824 370
357 3 0 11 2071 1604
358 3 0 2063 2148 1424
359 3 0 1898 1963 1897
360 3 0 370 2071 12
361 3 0 1664 1702 1665
362 3 0 1424 2148 1064
363 3 0 1368 1824 1823
364 3 0 1515 2098 1108
365 3 0 1590 1764 346
366 3 0 1665 1702 703
367 3 0 1112 2098 1369
368 3 0 1724 1872 1723
369 3 0 1445 1590 346
370 3 0 1243 1860 1241
371 3 0 1369 2121 1523
372 3 0 1810 1811 1070
373 3 0 2098 2121 1369
374 3 0 399 2098 1515
375 3 0 1593 1665 703
376 3 0 1995 2132 749
377 3 0 371 1523 18
378 3 0 1505 1546 1116
379 3 0 552 1946 550
380 3 0 1881 2175 1880
381 3 0 1118 1546 1370
382 3 0 703 2048 1593
383 3 0 2052 2102 1370
384 3 0 2077 2145 1100
385 3 0 1505 1523 371
386 3 0 46 1777 45
387 3 0 1446 1995 788
388 3 0 1546 2129 1370
389 3 0 1446 2132 1995
390 3 0 371 1546 1505
391 3 0 1593 2048 1592
392 3 0 1523 2121 17
393 3 0 1592 2048 795
394 3 0 1447 1862 748
395 3 0 454 1751 1429
396 3 0 1237 2023 1235
397 3 0 1449 2100 421
398 3 0 748 1636 1447
399 3 0 1429 2102 454
400 3 0 1430 2128 779
401 3 0 1122 2102 1429
402 3 0 795 1594 1592
403 3 0 1370 2102 1120
404 3 0 22 1751 454
405 3 0 392 1751 23
406 3 0 421 1765 1449
407 3 0 1431 2077 759
408 3 0 795 1936 1594
409 3 0 1100 2145 1635
410 3 0 712 2175 1881
411 3 0 786 1974 1448
412 3 0 1633 1751 392
413 3 0 1449 1765 1652
414 3 0 1939 1974 786
415 3 0 1594 1936 1595
416 3 0 566 1975 564
417 3 0 1450 1974 1939
418 3 0 482 2077 1100
419 3 0 1635 2145 1381
420 3 0 1872 1873 1073
421 3 0 1652 1765 347
422 3 0 1450 1939 747
423 3 0 759 2077 484
424 3 0 439 1996 1434
425 3 0 1595 1936 702
426 3 0 747 1735 1450
427 3 0 1452 1652 347
428 3 0 637 2181 1587
429 3 0 702 1718 1595
430 3 0 1423 2217 2130
431 3 0 1056 2178 1944
432 3 0 393 1996 27
433 3 0 347 1832 1452
434 3 0 26 1996 439
435 3 0 774 1733 1451
436 3 0 1536 1996 393
437 3 0 774 1869 1733
438 3 0 1607 1608 1371
439 3 0 574 1734 572
440 3 0 1452 1832 1731
441 3 0 1733 1869 1453
442 3 0 1453 1869 746
443 3 0 1731 1832 420
444 3 0 1455 1731 420
445 3 0 762 1714 1713
446 3 0 730 1525 512
447 3 0 1454 1847 777
448 3 0 1217 1870 1215
449 3 0 777 1972 1454
450 3 0 535 1716 537
451 3 0 420 1666 1455
452 3 0 1874 1972 777
453 3 0 1524 1525 730
454 3 0 762 1749 1714
455 3 0 1371 1608 1292
456 3 0 1086 2161 2103
457 3 0 1456 1972 1874
458 3 0 1714 1749 1715
459 3 0 1456 1874 745
460 3 0 745 1889 1456
461 3 0 756 2138 1608
462 3 0 1715 1749 701
463 3 0 745 1990 1889
464 3 0 1752 2035 1372
465 3 0 1889 1990 1457
466 3 0 1736 1737 754
467 3 0 1182 1932 1184
468 3 0 1457 1990 782
469 3 0 705 1938 1891
470 3 0 1148 2035 1440
471 3 0 348 1903 1458
472 3 0 1373 2153 1525
473 3 0 1372 2035 1146
474 3 0 1440 2035 419
475 3 0 1459 1979 744
476 3 0 1608 2138 1290
477 3 0 1205 1991 1203
478 3 0 1997 2141 1868
479 3 0 1868 2141 1076
480 3 0 2184 2201 1820
481 3 0 1375 2146 1737
482 3 0 754 1737 524
483 3 0 1901 2002 1441
484 3 0 1460 1812 768
485 3 0 1186 1761 1188
486 3 0 1525 2153 510
487 3 0 1201 1980 1199
488 3 0 787 1935 1711
489 3 0 1891 1938 1890
490 3 0 752 1597 536
491 3 0 436 1667 1461
492 3 0 1596 1597 752
493 3 0 1156 2002 1442
494 3 0 1441 2002 1154
495 3 0 2029 2144 1377
496 3 0 1462 1875 743
497 3 0 1442 2002 414
498 3 0 2147 2154 700
499 3 0 753 2029 1818
500 3 0 1711 1935 1710
501 3 0 1197 1992 1195
502 3 0 743 1790 1462
503 3 0 1864 2180 1863
504 3 0 743 1885 1790
505 3 0 1790 1885 1463
506 3 0 1710 1935 700
507 3 0 1750 2161 1086
508 3 0 1463 1885 780
509 3 0 1190 1989 1192
510 3 0 1264 2029 1377
511 3 0 1818 2029 1266
512 3 0 701 1750 1715
513 3 0 750 1627 548
514 3 0 1086 2030 1750
515 3 0 1377 2144 1597
516 3 0 1626 1627 750
517 3 0 2046 2143 1663
518 3 0 349 1904 1464
519 3 0 1465 1941 742
520 3 0 1859 1860 1380
521 3 0 1737 2146 522
522 3 0 700 2154 1710
523 3 0 1189 1947 1187
524 3 0 1380 1860 1243
525 3 0 750 1946 1879
526 3 0 1597 2144 534
527 3 0 1663 2143 704
528 3 0 1380 1946 1859
529 3 0 544 2136 751
530 3 0 751 2136 2013
531 3 0 1466 1899 769
532 3 0 1194 2001 1196
533 3 0 1701 2094 1088
534 3 0 1185 2004 1183
535 3 0 769 1971 1466
536 3 0 770 1700 1540
537 3 0 346 1777 1445
538 3 0 550 1946 750
539 3 0 788 2023 1446
540 3 0 1859 1946 552
541 3 0 437 1668 1468
542 3 0 2215 2216 1382
543 3 0 421 1777 46
544 3 0 45 1777 346
545 3 0 749 2132 1860
546 3 0 1447 2023 1862
547 3 0 748 1975 1636
548 3 0 1540 1700 1538
549 3 0 1860 2132 1241
550 3 0 1668 1791 1468
551 3 0 741 1969 1467
552 3 0 421 2100 1777
553 3 0 1446 2023 1237
554 3 0 1235 2023 1447
555 3 0 1448 1975 786
556 3 0 1538 1700 698
557 3 0 1848 1969 741
558 3 0 350 1791 1668
559 3 0 618 1970 616
560 3 0 1716 1718 702
561 3 0 1074 2180 1864
562 3 0 1734 1735 747
563 3 0 1469 1969 1848
564 3 0 1469 1848 765
565 3 0 698 1539 1538
566 3 0 564 1975 748
567 3 0 786 1975 566
568 3 0 1470 1791 350
569 3 0 1451 1734 774
570 3 0 1750 2030 1715
571 3 0 350 1905 1470
572 3 0 746 1870 1453
573 3 0 1713 1716 762
574 3 0 511 1541 513
575 3 0 572 1734 747
576 3 0 774 1734 574
577 3 0 1470 1905 1813
578 3 0 1471 1886 740
579 3 0 1173 2019 1171
580 3 0 1454 1870 1847
581 3 0 740 1988 1471
582 3 0 1666 1932 1455
583 3 0 1813 1905 438
584 3 0 1453 1870 1217
585 3 0 762 1716 535
586 3 0 1745 1988 740
587 3 0 1215 1870 1454
588 3 0 1820 2201 1071
589 3 0 537 1716 702
590 3 0 1472 1988 1745
591 3 0 1473 1813 438
592 3 0 782 1991 1457
593 3 0 1571 2155 1570
594 3 0 2021 2053 1090
595 3 0 1472 1745 760
596 3 0 1455 1932 1182
597 3 0 1845 2149 1050
598 3 0 1184 1932 1458
599 3 0 1458 1903 1761
600 3 0 1458 1932 348
601 3 0 760 1789 1472
602 3 0 438 1669 1473
603 3 0 1540 1701 770
604 3 0 744 1980 1459
605 3 0 699 2020 1708
606 3 0 1459 1991 1979
607 3 0 1540 2094 1701
608 3 0 1778 1789 760
609 3 0 1708 2020 1707
610 3 0 1203 1991 1459
611 3 0 1669 1983 1473
612 3 0 1457 1991 1205
613 3 0 768 1992 1460
614 3 0 1460 1980 1812
615 3 0 1474 1789 1778
616 3 0 1188 1761 1461
617 3 0 1458 1761 1186
618 3 0 1474 1778 739
619 3 0 1707 2020 796
620 3 0 1461 1761 436
621 3 0 1667 1989 1461
622 3 0 1199 1980 1460
623 3 0 1459 1980 1201
624 3 0 1092 2157 2033
625 3 0 351 1983 1669
626 3 0 1462 1992 1875
627 3 0 739 2060 1474
628 3 0 1195 1992 1462
629 3 0 1460 1992 1197
630 3 0 780 1947 1463
631 3 0 1476 1983 351
632 3 0 1701 2154 2147
633 3 0 2103 2161 1711
634 3 0 1461 1989 1190
635 3 0 1192 1989 1464
636 3 0 698 1541 1539
637 3 0 1464 1989 349
638 3 0 1904 2001 1464
639 3 0 742 2004 1465
640 3 0 1465 1947 1941
641 3 0 351 1906 1476
642 3 0 789 1547 1475
643 3 0 513 1541 698
644 3 0 709 1819 1810
645 3 0 1970 1971 769
646 3 0 1822 2139 784
647 3 0 1187 1947 1465
648 3 0 1463 1947 1189
649 3 0 789 2006 1547
650 3 0 1466 2004 1899
651 3 0 1476 1906 1732
652 3 0 1547 2006 1477
653 3 0 796 2022 1707
654 3 0 638 1945 636
655 3 0 1464 2001 1194
656 3 0 1196 2001 1468
657 3 0 1183 2004 1466
658 3 0 1465 2004 1185
659 3 0 1467 1970 741
660 3 0 1477 2006 738
661 3 0 1732 1906 430
662 3 0 1468 2001 437
663 3 0 2151 2159 1541
664 3 0 772 1940 1872
665 3 0 1708 2021 699
666 3 0 738 2082 1477
667 3 0 1708 2053 2021
668 3 0 2037 2082 738
669 3 0 1809 2140 781
670 3 0 1479 1732 430
671 3 0 697 2105 1614
672 3 0 765 2019 1469
673 3 0 741 1970 618
674 3 0 616 1970 769
675 3 0 1706 2022 1092
676 3 0 1478 2082 2037
677 3 0 430 1670 1479
678 3 0 2022 2157 1092
679 3 0 1478 2037 791
680 3 0 1471 2019 1886
681 3 0 2021 2159 2151
682 3 0 669 2188 671
683 3 0 1088 2154 1701
684 3 0 791 2069 1478
685 3 0 1171 2019 1471
686 3 0 1670 1893 1479
687 3 0 1469 2019 1173
688 3 0 1711 2161 787
689 3 0 1554 1613 1093
690 3 0 1653 2069 791
691 3 0 773 2184 1820
692 3 0 589 2184 773
693 3 0 352 1893 1670
694 3 0 1945 2060 739
695 3 0 1480 2069 1653
696 3 0 1707 2022 1706
697 3 0 1480 1653 729
698 3 0 1482 1893 352
699 3 0 1811 2171 1070
700 3 0 1475 1945 789
701 3 0 511 2151 1541
702 3 0 798 1553 1521
703 3 0 1614 2105 1554
704 3 0 729 1548 1480
705 3 0 2061 2191 1046
706 3 0 352 1825 1482
707 3 0 1548 1757 1481
708 3 0 1520 1553 696
709 3 0 729 1757 1548
710 3 0 1521 1553 1520
711 3 0 1873 2168 1073
712 3 0 1481 1757 767
713 3 0 1093 1614 1554
714 3 0 1825 1973 1482
715 3 0 789 1945 638
716 3 0 701 1815 1750
717 3 0 1521 1613 1554
718 3 0 636 1945 739
719 3 0 767 1645 1481
720 3 0 2033 2157 1614
721 3 0 1070 2171 935
722 3 0 696 1522 1520
723 3 0 1521 1554 798
724 3 0 679 2190 681
725 3 0 1944 2181 715
726 3 0 432 1973 1825
727 3 0 1587 2178 1586
728 3 0 767 1876 1645
729 3 0 1073 2168 923
730 3 0 696 2107 1522
731 3 0 1747 2096 1095
732 3 0 1484 1973 432
733 3 0 1645 1876 1483
734 3 0 817 2097 1545
735 3 0 1483 1876 737
736 3 0 737 1610 1483
737 3 0 1583 1610 737
738 3 0 1383 1610 1583
739 3 0 1090 2159 2021
740 3 0 817 1545 1544
741 3 0 1581 1582 1383
742 3 0 1383 1582 1133
743 3 0 432 1907 1484
744 3 0 1375 1737 1736
745 3 0 1572 1800 1569
746 3 0 1031 2127 1338
747 3 0 1383 1583 1581
748 3 0 1534 1894 1545
749 3 0 796 2058 2022
750 3 0 695 1502 1500
751 3 0 1535 1894 1534
752 3 0 794 1619 1501
753 3 0 1522 2107 1747
754 3 0 1501 2096 1747
755 3 0 1639 1943 1638
756 3 0 1133 1582 1131
757 3 0 2068 2142 736
758 3 0 1522 1747 1095
759 3 0 705 2009 1938
760 3 0 1541 2159 1539
761 3 0 1784 1963 1849
762 3 0 756 1608 1607
763 3 0 734 1900 1486
764 3 0 1713 1718 1716
765 3 0 1849 1963 1067
766 3 0 1938 2009 1705
767 3 0 1543 2120 1113
768 3 0 1545 2097 1534
769 3 0 1574 2216 2215
770 3 0 1907 2011 1484
771 3 0 120 1575 119
772 3 0 1544 1900 817
773 3 0 1486 1900 1387
774 3 0 1431 2145 2077
775 3 0 804 1625 1489
776 3 0 2068 2114 1388
777 3 0 1475 2060 1945
778 3 0 485 1619 487
779 3 0 1501 1747 794
780 3 0 1879 1946 1380
781 3 0 735 2119 2108
782 3 0 804 1489 1031
783 3 0 1222 2011 1224
784 3 0 1467 1971 1970
785 3 0 1495 1496 1491
786 3 0 1489 2127 1031
787 3 0 1636 1975 1448
788 3 0 1573 1574 401
789 3 0 1701 2147 770
790 3 0 1451 1735 1734
791 3 0 1485 2127 1414
792 3 0 1093 2033 1614
793 3 0 1489 1625 1099
794 3 0 1388 2114 1531
795 3 0 122 2078 121
796 3 0 735 2108 1531
797 3 0 722 2090 693
798 3 0 1490 1495 1491
799 3 0 1500 1619 695
800 3 0 2124 2134 1390
801 3 0 401 1575 120
802 3 0 2012 2083 1391
803 3 0 1338 2127 1485
804 3 0 1501 1619 1500
805 3 0 1500 1502 1499
806 3 0 1503 1609 1504
807 3 0 1423 2000 1420
808 3 0 454 2102 2052
809 3 0 1812 1980 744
810 3 0 1886 2019 765
811 3 0 1847 1870 746
812 3 0 1388 2142 2068
813 3 0 1875 1992 768
814 3 0 1899 2004 742
815 3 0 1979 1991 782
816 3 0 1614 2157 697
817 3 0 1941 1947 780
818 3 0 1387 2090 1486
819 3 0 727 2120 1543
820 3 0 2119 2131 1389
821 3 0 1574 1575 401
822 3 0 1862 2023 788
823 3 0 817 1900 734
824 3 0 695 1609 1502
825 3 0 1511 1630 1629
826 3 0 1389 2131 1498
827 3 0 1531 2114 735
828 3 0 1034 1532 1045
829 3 0 1575 1976 119
830 3 0 487 1619 794
831 3 0 1097 1499 829
832 3 0 2108 2119 1389
833 3 0 1490 1491 1030
834 3 0 1484 2011 1222
835 3 0 781 2140 599
836 3 0 814 2079 1981
837 3 0 811 2113 1035
838 3 0 695 1619 485
839 3 0 1224 2011 1488
840 3 0 1364 1509 1014
841 3 0 1097 1500 1499
842 3 0 465 466 457
843 3 0 1498 2117 1119
844 3 0 1792 1793 1622
845 3 0 1552 2111 2089
846 3 0 1028 1490 1030
847 3 0 474 1527 1033
848 3 0 1042 1514 1387
849 3 0 1428 2071 1427
850 3 0 728 2117 1498
851 3 0 1099 1625 805
852 3 0 1502 1609 1503
853 3 0 123 465 457
854 3 0 1030 2047 1577
855 3 0 1519 1522 1095
856 3 0 1994 2066 1528
857 3 0 1114 1505 1116
858 3 0 363 1612 113
859 3 0 1282 1526 1374
860 3 0 362 1611 109
861 3 0 1602 1603 1054
862 3 0 349 1989 1667
863 3 0 457 2078 122
864 3 0 1393 2066 1994
865 3 0 1761 1903 436
866 3 0 809 1514 1042
867 3 0 784 2139 615
868 3 0 808 1987 820
869 3 0 1339 1532 1034
870 3 0 1599 1602 1054
871 3 0 1134 1536 1436
872 3 0 1121 1498 1119
873 3 0 353 1908 1488
874 3 0 1115 1543 1113
875 3 0 348 1932 1666
876 3 0 109 1611 108
877 3 0 1143 1548 1481
878 3 0 113 1612 112
879 3 0 414 2002 1901
880 3 0 1298 1550 1439
881 3 0 1364 1512 1509
882 3 0 1384 1900 1544
883 3 0 372 1792 1622
884 3 0 437 2001 1904
885 3 0 1410 2092 1316
886 3 0 1006 2095 1008
887 3 0 1365 1629 1018
888 3 0 1588 2032 1603
889 3 0 255 1549 408
890 3 0 1488 2011 353
891 3 0 1300 1550 1298
892 3 0 1529 1530 1528
893 3 0 353 2011 1907
894 3 0 2088 2118 819
895 3 0 829 1499 827
896 3 0 1532 1533 1045
897 3 0 1511 1629 1365
898 3 0 734 1486 725
899 3 0 1141 1645 1139
900 3 0 1531 2108 1125
901 3 0 1317 2109 1401
902 3 0 1276 1506 1375
903 3 0 693 2090 723
904 3 0 1387 1900 1384
905 3 0 1509 1512 1510
906 3 0 1527 1528 1033
907 3 0 1486 2090 722
908 3 0 408 1698 254
909 3 0 490 1566 797
910 3 0 1481 1645 1141
911 3 0 1537 1542 857
912 3 0 1539 1542 1537
913 3 0 1363 1644 1643
914 3 0 1434 1996 1536
915 3 0 1258 1598 1378
916 3 0 456 1793 1792
917 3 0 1014 1509 1016
918 3 0 1260 1598 1258
919 3 0 1603 2032 1054
920 3 0 256 1549 255
921 3 0 1747 2107 794
922 3 0 1126 1633 1432
923 3 0 1496 1497 1491
924 3 0 401 2078 1573
925 3 0 971 1786 969
926 3 0 1570 2084 1568
927 3 0 855 1542 1090
928 3 0 1504 1609 481
929 3 0 1010 1642 1012
930 3 0 1527 1529 1528
931 3 0 466 467 457
932 3 0 2089 2111 726
933 3 0 1127 1531 1125
934 3 0 696 1553 493
935 3 0 753 2144 2029
936 3 0 864 1948 866
937 3 0 1100 1635 1634
938 3 0 1310 1487 1433
939 3 0 1145 1548 1143
940 3 0 254 1698 253
941 3 0 472 1527 474
942 3 0 1544 1545 1403
943 3 0 1132 1536 1134
944 3 0 1641 1787 1786
945 3 0 1440 1567 1150
946 3 0 844 1615 1321
947 3 0 728 2124 2117
948 3 0 1155 1547 1477
949 3 0 1431 1487 1312
950 3 0 859 1537 857
951 3 0 481 1609 483
952 3 0 1124 1633 1126
953 3 0 456 1794 1793
954 3 0 866 1948 1325
955 3 0 1385 1544 1403
956 3 0 814 1981 802
957 3 0 121 2078 401
958 3 0 1421 2061 1366
959 3 0 407 1565 141
960 3 0 241 1776 240
961 3 0 456 1914 1794
962 3 0 1316 2092 824
963 3 0 419 2035 1752
964 3 0 1981 2079 1503
965 3 0 431 1739 115
966 3 0 240 1776 409
967 3 0 1363 1643 1642
968 3 0 857 1542 855
969 3 0 1018 1629 1020
970 3 0 1284 1526 1282
971 3 0 1390 2134 1543
972 3 0 1604 1605 406
973 3 0 10 1604 406
974 3 0 1406 1843 1409
975 3 0 1094 1519 837
976 3 0 874 1560 1327
977 3 0 991 1599 1054
978 3 0 1674 1678 1675
979 3 0 841 1613 839
980 3 0 1401 2109 1843
981 3 0 1043 2113 811
982 3 0 1168 1590 1445
983 3 0 1378 2014 1255
984 3 0 141 1565 140
985 3 0 1637 1640 1058
986 3 0 1497 2047 1491
987 3 0 1620 2036 146
988 3 0 1914 1915 1794
989 3 0 1640 1641 1058
990 3 0 1113 2120 1111
991 3 0 1596 1598 1260
992 3 0 150 1914 456
993 3 0 865 1709 1088
994 3 0 1504 1981 1503
995 3 0 1516 1517 1362
996 3 0 1514 2090 1387
997 3 0 1094 1520 1519
998 3 0 1286 1524 1284
999 3 0 1107 1551 1105
1000 3 0 1560 1561 1327
1001 3 0 757 1699 500
1002 3 0 1106 1515 1108
1003 3 0 807 1552 799
1004 3 0 1535 1895 1894
1005 3 0 1555 1558 1556
1006 3 0 1560 1563 1561
1007 3 0 1004 1516 1362
1008 3 0 1274 1736 1272
1009 3 0 800 1514 809
1010 3 0 698 1700 515
1011 3 0 1150 1567 1152
1012 3 0 1255 2014 1253
1013 3 0 492 1566 490
1014 3 0 500 1699 498
1015 3 0 2010 2072 369
1016 3 0 1375 1736 1274
1017 3 0 764 2043 1797
1018 3 0 1012 1642 1364
1019 3 0 1094 1613 1521
1020 3 0 151 1914 150
1021 3 0 993 1599 991
1022 3 0 850 1555 852
1023 3 0 523 1935 525
1024 3 0 729 1653 650
1025 3 0 154 2026 416
1026 3 0 525 1935 787
1027 3 0 969 1786 1059
1028 3 0 1364 1513 1512
1029 3 0 1760 1998 1929
1030 3 0 634 1778 632
1031 3 0 1081 1665 1649
1032 3 0 1615 1616 1321
1033 3 0 1420 1421 1366
1034 3 0 1391 2083 1551
1035 3 0 1908 2122 1488
1036 3 0 1363 1642 1010
1037 3 0 1084 1712 879
1038 3 0 1027 2061 1025
1039 3 0 136 1758 135
1040 3 0 1060 2106 2091
1041 3 0 225 1694 381
1042 3 0 779 2128 473
1043 3 0 632 1778 760
1044 3 0 842 1615 844
1045 3 0 852 1555 1323
1046 3 0 861 2094 1089
1047 3 0 973 1637 1058
1048 3 0 1524 1526 1284
1049 3 0 1058 1786 971
1050 3 0 1533 1534 1045
1051 3 0 653 1984 655
1052 3 0 1320 2110 1618
1053 3 0 24 1756 392
1054 3 0 128 1882 127
1055 3 0 1520 1522 1519
1056 3 0 368 1754 233
1057 3 0 25 1756 24
1058 3 0 1437 1550 1300
1059 3 0 515 1700 517
1060 3 0 867 1709 865
1061 3 0 1416 1417 1339
1062 3 0 872 1560 874
1063 3 0 238 1755 367
1064 3 0 504 1607 1576
1065 3 0 664 1581 662
1066 3 0 1712 1714 1085
1067 3 0 155 2026 154
1068 3 0 268 1861 402
1069 3 0 1098 2079 825
1070 3 0 1144 1589 1372
1071 3 0 36 1977 35
1072 3 0 376 1850 1683
1073 3 0 1166 1590 1168
1074 3 0 93 1828 358
1075 3 0 1093 1613 841
1076 3 0 1157 1547 1155
1077 3 0 1714 1715 1085
1078 3 0 1929 1998 426
1079 3 0 1557 1816 1323
1080 3 0 464 1549 256
1081 3 0 260 1858 459
1082 3 0 1694 1695 381
1083 3 0 269 1861 268
1084 3 0 655 1984 785
1085 3 0 261 1858 260
1086 3 0 641 1660 643
1087 3 0 1362 2095 1006
1088 3 0 239 1755 238
1089 3 0 227 1689 226
1090 3 0 1528 2066 1033
1091 3 0 736 2142 1582
1092 3 0 821 1552 807
1093 3 0 248 1651 365
1094 3 0 650 1653 648
1095 3 0 1649 1665 1593
1096 3 0 1000 2039 1361
1097 3 0 1317 1400 1399
1098 3 0 1664 1665 1081
1099 3 0 90 1647 89
1100 3 0 233 1754 232
1101 3 0 538 1646 752
1102 3 0 551 553 552
1103 3 0 1717 1718 1084
1104 3 0 34 1752 33
1105 3 0 640 2006 789
1106 3 0 1630 1632 1631
1107 3 0 1297 1299 1298
1108 3 0 1262 1596 1260
1109 3 0 384 1915 1914
1110 3 0 975 1637 973
1111 3 0 1517 1518 1362
1112 3 0 998 2039 1000
1113 3 0 1044 1507 1396
1114 3 0 1390 1543 1115
1115 3 0 1569 1570 1568
1116 3 0 146 2036 145
1117 3 0 372 1622 1621
1118 3 0 643 1660 714
1119 3 0 981 1606 1056
1120 3 0 1394 1419 1411
1121 3 0 140 1565 463
1122 3 0 1555 1556 1323
1123 3 0 477 1634 475
1124 3 0 823 824 816
1125 3 0 830 832 831
1126 3 0 1661 1664 1081
1127 3 0 226 1694 225
1128 3 0 1385 1386 1043
1129 3 0 1165 1789 1163
1130 3 0 448 1856 1853
1131 3 0 658 1876 656
1132 3 0 2117 2124 1390
1133 3 0 1692 1695 1694
1134 3 0 107 2049 106
1135 3 0 686 2083 2012
1136 3 0 1389 1498 1121
1137 3 0 467 2078 457
1138 3 0 883 1717 881
1139 3 0 1032 1099 805
1140 3 0 1361 1516 1002
1141 3 0 376 1682 1681
1142 3 0 656 1876 767
1143 3 0 970 1785 1355
1144 3 0 1084 1718 1713
1145 3 0 1314 1431 1312
1146 3 0 35 1977 419
1147 3 0 1467 1969 1177
1148 3 0 480 1634 477
1149 3 0 1327 2055 876
1150 3 0 1594 1595 1083
1151 3 0 2194 2195 1281
1152 3 0 1322 2073 1559
1153 3 0 1691 2072 2010
1154 3 0 1123 1389 1121
1155 3 0 1084 1713 1712
1156 3 0 1335 1336 1099
1157 3 0 797 2051 488
1158 3 0 1556 1557 1323
1159 3 0 82 1826 81
1160 3 0 1768 1933 1923
1161 3 0 1315 1382 1381
1162 3 0 509 511 510
1163 3 0 1492 1495 1490
1164 3 0 1418 1532 1339
1165 3 0 127 1882 461
1166 3 0 1096 1574 1573
1167 3 0 94 1828 93
1168 3 0 135 1758 403
1169 3 0 152 1748 384
1170 3 0 417 1740 157
1171 3 0 163 1674 410
1172 3 0 375 1674 164
1173 3 0 169 1917 385
1174 3 0 223 2041 427
1175 3 0 514 1578 730
1176 3 0 628 1745 740
1177 3 0 885 1591 1083
1178 3 0 1281 1283 1282
1179 3 0 89 1647 357
1180 3 0 1249 1626 1247
1181 3 0 444 1647 90
1182 3 0 835 1519 1095
1183 3 0 1109 1393 1110
1184 3 0 1236 1238 1237
1185 3 0 472 473 471
1186 3 0 839 1094 837
1187 3 0 1087 1709 867
1188 3 0 1285 1286 1284
1189 3 0 1096 1573 469
1190 3 0 1008 2095 1363
1191 3 0 968 1785 970
1192 3 0 1475 1547 1157
1193 3 0 1234 1236 1235
1194 3 0 1313 1314 1312
1195 3 0 416 1748 153
1196 3 0 1150 1152 1151
1197 3 0 642 2006 640
1198 3 0 1024 1026 1025
1199 3 0 1417 1418 1339
1200 3 0 1232 1234 1233
1201 3 0 1276 1375 1274
1202 3 0 1326 1560 872
1203 3 0 1358 2018 984
1204 3 0 1180 1731 1455
1205 3 0 1385 1403 1402
1206 3 0 432 1825 70
1207 3 0 539 1936 541
1208 3 0 831 1097 829
1209 3 0 1369 1505 1114
1210 3 0 1450 1735 1225
1211 3 0 1447 1636 1233
1212 3 0 1496 1508 1497
1213 3 0 1538 1539 1537
1214 3 0 108 1611 446
1215 3 0 1798 1799 718
1216 3 0 705 1937 563
1217 3 0 783 1997 567
1218 3 0 1704 1705 766
1219 3 0 771 1866 1865
1220 3 0 972 1964 974
1221 3 0 1780 1783 1063
1222 3 0 1472 1789 1165
1223 3 0 153 1748 152
1224 3 0 376 1681 172
1225 3 0 1689 1694 226
1226 3 0 1984 1985 785
1227 3 0 890 1654 1331
1228 3 0 893 1661 1081
1229 3 0 1097 1501 1500
1230 3 0 1656 2017 1331
1231 3 0 1654 1657 1655
1232 3 0 1752 1753 33
1233 3 0 394 1659 31
1234 3 0 32 1753 394
1235 3 0 995 2085 1053
1236 3 0 1016 1509 1365
1237 3 0 1600 1602 1599
1238 3 0 48 1765 47
1239 3 0 895 1661 893
1240 3 0 837 1519 835
1241 3 0 1029 1367 1366
1242 3 0 1476 1732 1210
1243 3 0 1695 1696 381
1244 3 0 1480 1548 1145
1245 3 0 1231 1636 1448
1246 3 0 186 1834 185
1247 3 0 1322 1555 850
1248 3 0 112 1612 435
1249 3 0 1928 1929 426
1250 3 0 471 1096 469
1251 3 0 1584 1606 983
1252 3 0 1122 1123 1121
1253 3 0 489 491 490
1254 3 0 1178 1731 1180
1255 3 0 1279 1281 1280
1256 3 0 485 487 486
1257 3 0 767 1757 654
1258 3 0 1324 1948 864
1259 3 0 1325 2045 868
1260 3 0 1177 1969 1175
1261 3 0 1592 1594 1591
1262 3 0 896 1949 898
1263 3 0 985 1584 983
1264 3 0 1396 1425 1424
1265 3 0 805 1625 731
1266 3 0 732 2050 1101
1267 3 0 1654 1655 1331
1268 3 0 164 1674 163
1269 3 0 182 1853 181
1270 3 0 526 1744 754
1271 3 0 852 854 853
1272 3 0 881 1717 1084
1273 3 0 974 1964 1356
1274 3 0 1641 1786 1058
1275 3 0 1741 1759 1742
1276 3 0 1853 1856 1854
1277 3 0 1294 1371 1292
1278 3 0 691 1628 721
1279 3 0 1384 1385 1043
1280 3 0 1330 1654 888
1281 3 0 1285 1287 1286
1282 3 0 1311 1312 1310
1283 3 0 1406 1408 1407
1284 3 0 1713 1714 1712
1285 3 0 470 471 469
1286 3 0 1065 2093 1428
1287 3 0 488 2051 486
1288 3 0 976 1965 978
1289 3 0 1366 2061 1027
1290 3 0 1055 1585 1584
1291 3 0 1168 1445 1170
1292 3 0 1398 1527 472
1293 3 0 711 1821 611
1294 3 0 632 760 630
1295 3 0 1336 1489 1099
1296 3 0 147 1620 146
1297 3 0 1927 1928 426
1298 3 0 502 1576 757
1299 3 0 1020 1039 1022
1300 3 0 1483 1610 1137
1301 3 0 1277 1278 1276
1302 3 0 448 1853 182
1303 3 0 249 1651 248
1304 3 0 491 696 493
1305 3 0 1048 1568 1019
1306 3 0 1510 1511 1365
1307 3 0 864 866 865
1308 3 0 1082 1591 887
1309 3 0 1080 1661 895
1310 3 0 1332 1949 896
1311 3 0 1393 1394 1110
1312 3 0 1364 1642 1513
1313 3 0 646 2037 644
1314 3 0 1016 1365 1018
1315 3 0 1256 2112 1032
1316 3 0 1312 1487 1310
1317 3 0 663 2043 764
1318 3 0 815 816 814
1319 3 0 984 2018 986
1320 3 0 1028 1030 1029
1321 3 0 1031 1338 1034
1322 3 0 1429 1633 1124
1323 3 0 47 1765 421
1324 3 0 630 1745 628
1325 3 0 888 1654 890
1326 3 0 891 1649 889
1327 3 0 994 2008 996
1328 3 0 1715 2030 1085
1329 3 0 1103 2111 1552
1330 3 0 499 697 501
1331 3 0 526 754 524
1332 3 0 544 751 542
1333 3 0 723 800 799
1334 3 0 1040 1490 1028
1335 3 0 1060 1881 1880
1336 3 0 1591 1594 1083
1337 3 0 156 1740 373
1338 3 0 187 1684 418
1339 3 0 383 1741 216
1340 3 0 422 1689 227
1341 3 0 375 1678 1674
1342 3 0 507 699 509
1343 3 0 723 1514 800
1344 3 0 1554 2105 798
1345 3 0 847 1092 845
1346 3 0 848 849 847
1347 3 0 847 1706 1092
1348 3 0 862 863 861
1349 3 0 898 1949 1333
1350 3 0 1784 1849 1063
1351 3 0 1301 1302 1300
1352 3 0 1313 1315 1314
1353 3 0 494 758 492
1354 3 0 827 1098 825
1355 3 0 830 831 829
1356 3 0 1317 1401 1400
1357 3 0 33 1753 32
1358 3 0 521 523 522
1359 3 0 553 555 554
1360 3 0 556 749 554
1361 3 0 555 1703 557
1362 3 0 687 688 686
1363 3 0 749 1860 1859
1364 3 0 1351 1726 956
1365 3 0 1356 1965 976
1366 3 0 1002 1003 1001
1367 3 0 1117 1390 1115
1368 3 0 1139 1645 1483
1369 3 0 502 757 500
1370 3 0 506 1607 504
1371 3 0 648 791 646
1372 3 0 721 722 693
1373 3 0 1055 1584 985
1374 3 0 1595 1718 1717
1375 3 0 1662 1664 1661
1376 3 0 478 694 479
1377 3 0 824 825 816
1378 3 0 1087 1710 1709
1379 3 0 1368 1515 1106
1380 3 0 1129 1388 1127
1381 3 0 1388 1531 1127
1382 3 0 1166 1168 1167
1383 3 0 1265 1267 1266
1384 3 0 806 1032 805
1385 3 0 809 1042 811
1386 3 0 879 1712 877
1387 3 0 986 1038 988
1388 3 0 1016 1018 1017
1389 3 0 1112 1113 1111
1390 3 0 1444 1590 1166
1391 3 0 1289 1291 1290
1392 3 0 81 1826 355
1393 3 0 539 541 540
1394 3 0 704 1703 555
1395 3 0 877 1085 875
1396 3 0 1111 1391 1107
1397 3 0 1449 1652 1174
1398 3 0 1691 1693 1690
1399 3 0 55 436 54
1400 3 0 59 437 58
1401 3 0 63 438 62
1402 3 0 157 1740 156
1403 3 0 372 1621 1620
1404 3 0 557 1703 766
1405 3 0 561 2009 705
1406 3 0 739 1778 634
1407 3 0 643 714 645
1408 3 0 645 2007 647
1409 3 0 820 821 807
1410 3 0 1035 1041 810
1411 3 0 1176 1652 1452
1412 3 0 1309 1310 1308
1413 3 0 166 2015 165
1414 3 0 388 1766 200
1415 3 0 390 1772 208
1416 3 0 426 1998 218
1417 3 0 1741 1742 425
1418 3 0 1770 1771 451
1419 3 0 505 506 504
1420 3 0 511 512 510
1421 3 0 843 1093 841
1422 3 0 1359 2008 994
1423 3 0 1047 1982 1013
1424 3 0 1124 1126 1125
1425 3 0 1561 1562 1327
1426 3 0 51 420 50
1427 3 0 79 1672 434
1428 3 0 791 2037 646
1429 3 0 706 1867 1866
1430 3 0 960 962 961
1431 3 0 972 974 973
1432 3 0 1048 1569 1568
1433 3 0 1106 1108 1107
1434 3 0 1310 1433 1308
1435 3 0 479 1504 481
1436 3 0 531 533 532
1437 3 0 547 549 548
1438 3 0 824 826 825
1439 3 0 67 1670 430
1440 3 0 764 1795 665
1441 3 0 809 811 810
1442 3 0 1132 1133 1131
1443 3 0 1267 1268 1266
1444 3 0 344 1977 36
1445 3 0 85 1827 356
1446 3 0 1114 1116 1115
1447 3 0 419 1752 34
1448 3 0 505 2020 507
1449 3 0 541 795 543
1450 3 0 563 1937 565
1451 3 0 822 1628 689
1452 3 0 886 1330 888
1453 3 0 894 1332 896
1454 3 0 897 1080 895
1455 3 0 1394 1411 1395
1456 3 0 775 1896 551
1457 3 0 654 1757 652
1458 3 0 1065 1066 821
1459 3 0 1144 1146 1145
1460 3 0 1152 1154 1153
1461 3 0 1533 1535 1534
1462 3 0 349 1667 56
1463 3 0 99 1673 413
1464 3 0 104 1648 415
1465 3 0 172 1681 171
1466 3 0 177 1852 386
1467 3 0 202 1846 201
1468 3 0 212 1775 211
1469 3 0 215 425 214
1470 3 0 219 426 218
1471 3 0 223 427 222
1472 3 0 427 1930 222
1473 3 0 230 369 229
1474 3 0 234 368 233
1475 3 0 238 367 237
1476 3 0 242 366 241
1477 3 0 366 1776 241
1478 3 0 245 400 244
1479 3 0 253 1697 252
1480 3 0 388 1846 1831
1481 3 0 1924 1934 389
1482 3 0 1769 1770 451
1483 3 0 498 1699 793
1484 3 0 724 731 725
1485 3 0 800 808 807
1486 3 0 838 839 837
1487 3 0 922 1722 1343
1488 3 0 956 957 955
1489 3 0 987 2032 1055
1490 3 0 1147 1480 1145
1491 3 0 1367 1420 1366
1492 3 0 1586 1606 1584
1493 3 0 1684 1687 1685
1494 3 0 1726 1729 1727
1495 3 0 75 1671 433
1496 3 0 468 470 469
1497 3 0 1103 1552 821
1498 3 0 827 1499 1098
1499 3 0 836 837 835
1500 3 0 1003 1051 1001
1501 3 0 1020 1022 1021
1502 3 0 1114 1115 1113
1503 3 0 1282 1374 1280
1504 3 0 1302 1437 1300
1505 3 0 257 464 256
1506 3 0 523 525 524
1507 3 0 537 702 539
1508 3 0 545 547 546
1509 3 0 549 551 550
1510 3 0 557 766 559
1511 3 0 560 788 558
1512 3 0 568 786 566
1513 3 0 570 1939 568
1514 3 0 647 2007 792
1515 3 0 826 827 825
1516 3 0 866 868 867
1517 3 0 1343 1957 924
1518 3 0 968 970 969
1519 3 0 1042 1384 1043
1520 3 0 1044 1396 1064
1521 3 0 1434 1536 1132
1522 3 0 439 1756 25
1523 3 0 641 643 642
1524 3 0 1140 1141 1139
1525 3 0 1232 1233 1231
1526 3 0 1305 1306 1304
1527 3 0 1638 1640 1637
1528 3 0 758 1566 492
1529 3 0 685 687 686
1530 3 0 889 1082 887
1531 3 0 901 1079 899
1532 3 0 1503 2079 1098
1533 3 0 1258 1378 1255
1534 3 0 689 691 690
1535 3 0 813 814 802
1536 3 0 1116 1117 1115
1537 3 0 1126 1127 1125
1538 3 0 1128 1129 1127
1539 3 0 1468 1791 1198
1540 3 0 1351 1729 1726
1541 3 0 533 762 535
1542 3 0 538 752 536
1543 3 0 564 748 562
1544 3 0 569 706 571
1545 3 0 572 747 570
1546 3 0 571 1866 573
1547 3 0 575 1863 577
1548 3 0 580 746 578
1549 3 0 579 1940 581
1550 3 0 588 745 586
1551 3 0 691 721 693
1552 3 0 874 1327 876
1553 3 0 960 1817 962
1554 3 0 994 996 995
1555 3 0 1001 2034 999
1556 3 0 1406 1407 1405
1557 3 0 1100 1634 480
1558 3 0 545 546 544
1559 3 0 1019 1568 1017
1560 3 0 1097 2096 1501
1561 3 0 1191 1790 1463
1562 3 0 1200 1791 1470
1563 3 0 1216 1893 1482
1564 3 0 1242 1243 1241
1565 3 0 1245 1879 1380
1566 3 0 1273 1274 1272
1567 3 0 1272 1736 1650
1568 3 0 1857 1920 1836
1569 3 0 200 1766 199
1570 3 0 204 1769 203
1571 3 0 1763 2010 369
1572 3 0 390 1814 1772
1573 3 0 1397 1507 1044
1574 3 0 1146 1147 1145
1575 3 0 1193 1790 1191
1576 3 0 1278 1506 1276
1577 3 0 1373 1524 1286
1578 3 0 1303 1305 1304
1579 3 0 493 494 492
1580 3 0 733 1625 804
1581 3 0 868 870 869
1582 3 0 872 874 873
1583 3 0 978 980 979
1584 3 0 1002 1004 1003
1585 3 0 1130 1131 1129
1586 3 0 1152 1567 1441
1587 3 0 501 503 502
1588 3 0 527 529 528
1589 3 0 529 531 530
1590 3 0 573 771 575
1591 3 0 576 774 574
1592 3 0 578 1869 576
1593 3 0 577 707 579
1594 3 0 581 772 583
1595 3 0 584 777 582
1596 3 0 583 1871 585
1597 3 0 586 1874 584
1598 3 0 597 599 598
1599 3 0 768 1812 598
1600 3 0 607 609 608
1601 3 0 611 1821 613
1602 3 0 613 784 615
1603 3 0 769 1899 614
1604 3 0 615 617 616
1605 3 0 619 621 620
1606 3 0 740 1886 626
1607 3 0 710 1898 1897
1608 3 0 771 1864 1863
1609 3 0 1987 2093 820
1610 3 0 986 988 987
1611 3 0 1120 1121 1119
1612 3 0 1626 1879 1247
1613 3 0 367 1829 237
1614 3 0 479 480 477
1615 3 0 644 738 642
1616 3 0 800 809 808
1617 3 0 1164 1165 1163
1618 3 0 1454 1972 1213
1619 3 0 1259 1260 1258
1620 3 0 1297 1298 1296
1621 3 0 898 1333 900
1622 3 0 903 1950 901
1623 3 0 1057 1638 1637
1624 3 0 1198 1791 1200
1625 3 0 106 2049 361
1626 3 0 508 756 506
1627 3 0 558 1995 556
1628 3 0 561 705 563
1629 3 0 565 783 567
1630 3 0 582 1847 580
1631 3 0 585 708 587
1632 3 0 591 1819 593
1633 3 0 594 1979 592
1634 3 0 593 709 595
1635 3 0 596 744 594
1636 3 0 598 1812 596
1637 3 0 612 742 610
1638 3 0 649 2038 651
1639 3 0 736 1581 664
1640 3 0 675 677 676
1641 3 0 970 1355 972
1642 3 0 1053 1599 993
1643 3 0 1382 1430 1381
1644 3 0 475 779 473
1645 3 0 702 1936 539
1646 3 0 703 1702 547
1647 3 0 773 1819 591
1648 3 0 601 603 602
1649 3 0 603 605 604
1650 3 0 605 607 606
1651 3 0 712 1942 619
1652 3 0 621 623 622
1653 3 0 776 1888 623
1654 3 0 627 629 628
1655 3 0 760 1745 630
1656 3 0 639 641 640
1657 3 0 663 665 664
1658 3 0 842 844 843
1659 3 0 878 1328 880
1660 3 0 1004 1362 1006
1661 3 0 1012 1014 1013
1662 3 0 1022 1024 1023
1663 3 0 1151 1478 1149
1664 3 0 1210 1732 1212
1665 3 0 59 1668 437
1666 3 0 63 1669 438
1667 3 0 384 1914 151
1668 3 0 167 1680 447
1669 3 0 193 1837 380
1670 3 0 201 1846 388
1671 3 0 203 1769 451
1672 3 0 208 1772 207
1673 3 0 211 1775 453
1674 3 0 376 1683 1682
1675 3 0 1836 1920 378
1676 3 0 387 1933 1841
1677 3 0 1923 1933 387
1678 3 0 388 1830 1766
1679 3 0 1674 1675 410
1680 3 0 1686 1834 418
1681 3 0 448 1857 1856
1682 3 0 448 1920 1857
1683 3 0 1768 1923 450
1684 3 0 1774 1924 452
1685 3 0 499 2105 697
1686 3 0 513 514 512
1687 3 0 517 1700 770
1688 3 0 521 522 520
1689 3 0 541 1936 795
1690 3 0 840 841 839
1691 3 0 1320 1615 842
1692 3 0 844 845 843
1693 3 0 852 853 851
1694 3 0 856 857 855
1695 3 0 864 865 863
1696 3 0 868 869 867
1697 3 0 878 879 877
1698 3 0 880 881 879
1699 3 0 902 903 901
1700 3 0 942 1779 1348
1701 3 0 953 1780 1063
1702 3 0 970 971 969
1703 3 0 982 1966 1358
1704 3 0 1055 1588 1585
1705 3 0 1069 1806 1805
1706 3 0 1080 1663 1662
1707 3 0 1148 1440 1150
1708 3 0 1158 1968 1160
1709 3 0 1163 1474 1161
1710 3 0 1174 1176 1175
1711 3 0 1176 1178 1177
1712 3 0 1184 1186 1185
1713 3 0 1235 1447 1233
1714 3 0 1240 1242 1241
1715 3 0 1245 1380 1243
1716 3 0 1254 1255 1253
1717 3 0 1257 1259 1258
1718 3 0 1268 1818 1266
1719 3 0 1272 1650 1270
1720 3 0 1281 1282 1280
1721 3 0 1287 1288 1286
1722 3 0 1322 1558 1555
1723 3 0 1728 1817 1352
1724 3 0 1530 1994 1528
1725 3 0 1623 2036 1620
1726 3 0 1850 1851 1683
1727 3 0 1690 1692 1689
1728 3 0 1719 1878 1720
1729 3 0 1766 1830 1767
1730 3 0 1769 1807 1770
1731 3 0 1831 1846 1771
1732 3 0 1772 1814 1773
1733 3 0 1840 1841 1839
1734 3 0 1927 2044 1928
1735 3 0 360 1673 100
1736 3 0 250 2016 455
1737 3 0 595 1808 597
1738 3 0 614 1899 612
1739 3 0 737 1876 658
1740 3 0 660 1583 737
1741 3 0 828 829 827
1742 3 0 834 835 833
1743 3 0 880 882 881
1744 3 0 884 886 885
1745 3 0 908 910 909
1746 3 0 926 928 927
1747 3 0 1344 1958 928
1748 3 0 930 932 931
1749 3 0 936 938 937
1750 3 0 944 946 945
1751 3 0 952 954 953
1752 3 0 1062 1780 955
1753 3 0 1069 1960 1806
1754 3 0 1108 1111 1107
1755 3 0 1160 1443 1162
1756 3 0 1439 2024 1296
1757 3 0 1720 1721 1342
1758 3 0 1516 1579 1517
1759 3 0 609 611 610
1760 3 0 617 619 618
1761 3 0 625 627 626
1762 3 0 679 681 680
1763 3 0 1066 1103 821
1764 3 0 994 995 993
1765 3 0 1055 2032 1588
1766 3 0 1139 1483 1137
1767 3 0 1144 1145 1143
1768 3 0 1338 1416 1339
1769 3 0 51 1666 420
1770 3 0 792 2038 649
1771 3 0 667 718 669
1772 3 0 1158 1159 1157
1773 3 0 1204 1813 1473
1774 3 0 1208 1209 1207
1775 3 0 1264 1377 1262
1776 3 0 409 1755 239
1777 3 0 476 478 477
1778 3 0 667 669 668
1779 3 0 732 805 731
1780 3 0 1010 1011 1009
1781 3 0 1134 1436 1136
1782 3 0 1138 1139 1137
1783 3 0 1156 1157 1155
1784 3 0 1195 1462 1193
1785 3 0 1199 1460 1197
1786 3 0 70 1825 69
1787 3 0 743 1875 602
1788 3 0 623 625 624
1789 3 0 713 2003 627
1790 3 0 738 2006 642
1791 3 0 645 647 646
1792 3 0 649 650 648
1793 3 0 958 1352 960
1794 3 0 965 1060 963
1795 3 0 981 1056 979
1796 3 0 989 2032 987
1797 3 0 1104 1105 1103
1798 3 0 1132 1134 1133
1799 3 0 1164 1166 1165
1800 3 0 357 1911 88
1801 3 0 491 493 492
1802 3 0 503 796 505
1803 3 0 653 654 652
1804 3 0 659 2042 717
1805 3 0 667 1795 718
1806 3 0 724 2050 732
1807 3 0 733 804 803
1808 3 0 995 1053 993
1809 3 0 1144 1372 1146
1810 3 0 30 440 29
1811 3 0 32 394 31
1812 3 0 49 1832 347
1813 3 0 80 1672 79
1814 3 0 385 1680 168
1815 3 0 411 1850 174
1816 3 0 178 1852 177
1817 3 0 1834 1835 378
1818 3 0 1772 1773 452
1819 3 0 533 1749 762
1820 3 0 573 1866 771
1821 3 0 605 1897 778
1822 3 0 621 1942 776
1823 3 0 625 1888 713
1824 3 0 631 632 630
1825 3 0 635 636 634
1826 3 0 1090 2053 853
1827 3 0 1014 1016 1015
1828 3 0 1163 1789 1474
1829 3 0 1222 1224 1223
1830 3 0 1261 1262 1260
1831 3 0 1283 1284 1282
1832 3 0 1429 1751 1633
1833 3 0 1774 1934 1924
1834 3 0 474 1033 476
1835 3 0 475 1634 779
1836 3 0 672 735 670
1837 3 0 724 732 731
1838 3 0 849 1706 847
1839 3 0 853 2053 851
1840 3 0 1150 1151 1149
1841 3 0 1191 1463 1189
1842 3 0 1225 1735 1223
1843 3 0 66 1906 65
1844 3 0 68 1670 67
1845 3 0 491 492 490
1846 3 0 765 1848 622
1847 3 0 666 736 664
1848 3 0 731 733 725
1849 3 0 1703 1704 766
1850 3 0 1083 1717 883
1851 3 0 1077 1890 907
1852 3 0 1076 1953 911
1853 3 0 912 914 913
1854 3 0 916 918 917
1855 3 0 918 920 919
1856 3 0 1074 1956 919
1857 3 0 920 922 921
1858 3 0 922 924 923
1859 3 0 924 926 925
1860 3 0 928 930 929
1861 3 0 932 934 933
1862 3 0 934 936 935
1863 3 0 938 940 939
1864 3 0 942 944 943
1865 3 0 946 948 947
1866 3 0 948 950 949
1867 3 0 950 952 951
1868 3 0 956 958 957
1869 3 0 1060 1880 963
1870 3 0 1354 1785 968
1871 3 0 970 972 971
1872 3 0 982 984 983
1873 3 0 1004 1006 1005
1874 3 0 1012 1364 1014
1875 3 0 1246 1248 1247
1876 3 0 678 728 676
1877 3 0 681 683 682
1878 3 0 1795 1798 718
1879 3 0 733 734 725
1880 3 0 764 1796 1795
1881 3 0 1057 1637 975
1882 3 0 1152 1441 1154
1883 3 0 1170 1172 1171
1884 3 0 1267 1269 1268
1885 3 0 1291 1293 1292
1886 3 0 260 459 259
1887 3 0 481 482 480
1888 3 0 647 648 646
1889 3 0 673 763 675
1890 3 0 691 692 690
1891 3 0 1010 1012 1011
1892 3 0 1170 1171 1169
1893 3 0 1176 1177 1175
1894 3 0 1176 1452 1178
1895 3 0 1448 1974 1229
1896 3 0 1230 1232 1231
1897 3 0 1244 1246 1245
1898 3 0 1246 1247 1245
1899 3 0 1379 1626 1249
1900 3 0 1273 1275 1274
1901 3 0 28 393 27
1902 3 0 44 1764 43
1903 3 0 58 1904 57
1904 3 0 69 1825 352
1905 3 0 74 1908 73
1906 3 0 83 1910 442
1907 3 0 404 1858 261
1908 3 0 498 793 496
1909 3 0 1018 1020 1019
1910 3 0 1203 1459 1201
1911 3 0 1211 1456 1209
1912 3 0 358 2025 92
1913 3 0 262 404 261
1914 3 0 265 396 264
1915 3 0 268 402 267
1916 3 0 270 462 269
1917 3 0 832 1318 834
1918 3 0 862 1324 864
1919 3 0 887 1591 885
1920 3 0 890 1331 892
1921 3 0 893 1081 891
1922 3 0 902 1334 904
1923 3 0 905 1078 903
1924 3 0 977 1057 975
1925 3 0 983 1606 981
1926 3 0 991 1054 989
1927 3 0 998 1000 999
1928 3 0 1082 1592 1591
1929 3 0 1142 1589 1144
1930 3 0 1182 1184 1183
1931 3 0 1305 1307 1306
1932 3 0 445 1828 94
1933 3 0 446 2049 107
1934 3 0 515 517 516
1935 3 0 567 1997 569
1936 3 0 761 1660 641
1937 3 0 652 1757 729
1938 3 0 659 660 658
1939 3 0 665 666 664
1940 3 0 812 813 802
1941 3 0 835 1095 833
1942 3 0 861 1089 859
1943 3 0 961 1061 959
1944 3 0 963 1880 961
1945 3 0 1171 1471 1169
1946 3 0 1200 1470 1202
1947 3 0 1202 1813 1204
1948 3 0 1224 1488 1226
1949 3 0 53 1903 348
1950 3 0 57 1904 349
1951 3 0 60 1668 59
1952 3 0 64 1669 63
1953 3 0 65 1906 351
1954 3 0 73 1908 353
1955 3 0 171 1681 428
1956 3 0 173 1850 376
1957 3 0 378 1920 184
1958 3 0 379 1684 188
1959 3 0 449 1921 190
1960 3 0 380 1922 192
1961 3 0 412 1837 194
1962 3 0 450 1923 198
1963 3 0 389 1769 204
1964 3 0 452 1924 206
1965 3 0 382 1775 212
1966 3 0 213 1926 382
1967 3 0 215 1741 425
1968 3 0 228 2072 422
1969 3 0 232 1754 423
1970 3 0 234 1842 368
1971 3 0 379 1687 1684
1972 3 0 379 1688 1687
1973 3 0 379 1921 1688
1974 3 0 383 1760 1759
1975 3 0 388 1831 1830
1976 3 0 389 1934 1807
1977 3 0 412 1839 1838
1978 3 0 412 1840 1839
1979 3 0 1685 1686 418
1980 3 0 1743 1926 425
1981 3 0 1766 1767 450
1982 3 0 503 2058 796
1983 3 0 515 516 514
1984 3 0 520 755 518
1985 3 0 523 524 522
1986 3 0 535 536 534
1987 3 0 537 538 536
1988 3 0 541 542 540
1989 3 0 549 1702 775
1990 3 0 553 1896 704
1991 3 0 561 562 560
1992 3 0 565 566 564
1993 3 0 565 1937 783
1994 3 0 568 1939 786
1995 3 0 571 572 570
1996 3 0 573 574 572
1997 3 0 577 578 576
1998 3 0 579 580 578
1999 3 0 581 582 580
2000 3 0 585 586 584
2001 3 0 585 1871 708
2002 3 0 587 588 586
2003 3 0 589 590 588
2004 3 0 591 592 590
2005 3 0 597 598 596
2006 3 0 601 602 600
2007 3 0 603 604 602
2008 3 0 613 614 612
2009 3 0 619 620 618
2010 3 0 627 628 626
2011 3 0 637 638 636
2012 3 0 716 1984 653
2013 3 0 706 1868 1867
2014 3 0 771 1865 1864
2015 3 0 831 2096 1097
2016 3 0 850 851 849
2017 3 0 854 855 853
2018 3 0 856 1037 858
2019 3 0 860 861 859
2020 3 0 872 873 871
2021 3 0 877 1712 1085
2022 3 0 884 885 883
2023 3 0 888 889 887
2024 3 0 890 891 889
2025 3 0 896 897 895
2026 3 0 900 901 899
2027 3 0 901 1950 1079
2028 3 0 902 1883 1334
2029 3 0 904 905 903
2030 3 0 908 909 907
2031 3 0 910 911 909
2032 3 0 910 1952 1340
2033 3 0 912 913 911
2034 3 0 914 915 913
2035 3 0 913 1955 1076
2036 3 0 914 1954 1341
2037 3 0 916 917 915
2038 3 0 917 1956 1075
2039 3 0 922 923 921
2040 3 0 926 927 925
2041 3 0 925 1723 1073
2042 3 0 928 929 927
2043 3 0 929 1877 1072
2044 3 0 932 933 931
2045 3 0 934 1803 1346
2046 3 0 938 939 937
2047 3 0 942 943 941
2048 3 0 944 945 943
2049 3 0 946 947 945
2050 3 0 945 1962 1068
2051 3 0 946 1961 1349
2052 3 0 952 953 951
2053 3 0 954 1993 1351
2054 3 0 958 1726 1352
2055 3 0 960 961 959
2056 3 0 964 965 963
2057 3 0 978 979 977
2058 3 0 980 981 979
2059 3 0 982 983 981
2060 3 0 986 987 985
2061 3 0 988 989 987
2062 3 0 990 991 989
2063 3 0 1062 1782 1781
2064 3 0 1072 1725 1724
2065 3 0 1082 1593 1592
2066 3 0 1149 2069 1147
2067 3 0 1175 1969 1469
2068 3 0 1184 1185 1183
2069 3 0 1188 1461 1190
2070 3 0 1207 1457 1205
2071 3 0 1212 1732 1479
2072 3 0 1221 1733 1219
2073 3 0 1219 1733 1453
2074 3 0 1220 1973 1484
2075 3 0 1224 1225 1223
2076 3 0 1223 1735 1451
2077 3 0 1227 1450 1225
2078 3 0 1230 1231 1229
2079 3 0 1233 1636 1231
2080 3 0 1239 1446 1237
2081 3 0 1263 1264 1262
2082 3 0 1307 1308 1306
2083 3 0 1326 1564 1563
2084 3 0 1351 1730 1729
2085 3 0 1866 1867 1865
2086 3 0 405 1882 128
2087 3 0 253 1698 1697
2088 3 0 497 498 496
2089 3 0 629 790 631
2090 3 0 653 655 654
2091 3 0 657 659 658
2092 3 0 669 670 668
2093 3 0 671 672 670
2094 3 0 681 682 680
2095 3 0 685 686 684
2096 3 0 689 1628 691
2097 3 0 691 693 692
2098 3 0 839 1613 1094
2099 3 0 992 993 991
2100 3 0 1783 1784 1063
2101 3 0 1218 1220 1219
2102 3 0 1482 1973 1218
2103 3 0 1238 1240 1239
2104 3 0 37 1901 344
2105 3 0 56 1667 55
2106 3 0 55 1667 436
2107 3 0 62 1905 61
2108 3 0 72 1907 71
2109 3 0 434 1909 78
2110 3 0 110 2057 362
2111 3 0 503 505 504
2112 3 0 517 519 518
2113 3 0 559 2009 561
2114 3 0 562 1862 560
2115 3 0 637 639 638
2116 3 0 643 644 642
2117 3 0 687 822 689
2118 3 0 1079 2046 899
2119 3 0 904 906 905
2120 3 0 910 912 911
2121 3 0 1340 1954 912
2122 3 0 914 916 915
2123 3 0 1075 1955 915
2124 3 0 940 942 941
2125 3 0 1347 1779 940
2126 3 0 1067 1962 947
2127 3 0 988 990 989
2128 3 0 996 997 995
2129 3 0 1002 1516 1004
2130 3 0 1192 1464 1194
2131 3 0 1204 1473 1206
2132 3 0 1270 1376 1268
2133 3 0 1277 1279 1278
2134 3 0 61 1905 350
2135 3 0 71 1907 432
2136 3 0 354 1671 76
2137 3 0 359 1912 96
2138 3 0 483 484 482
2139 3 0 677 679 678
2140 3 0 1065 1428 1427
2141 3 0 1134 1136 1135
2142 3 0 1174 1175 1173
2143 3 0 1188 1189 1187
2144 3 0 1192 1193 1191
2145 3 0 1194 1195 1193
2146 3 0 1198 1199 1197
2147 3 0 1200 1201 1199
2148 3 0 1202 1203 1201
2149 3 0 1210 1211 1209
2150 3 0 1212 1213 1211
2151 3 0 1216 1218 1217
2152 3 0 1220 1222 1221
2153 3 0 1228 1230 1229
2154 3 0 1557 2064 1816
2155 3 0 39 414 38
2156 3 0 43 441 42
2157 3 0 45 346 44
2158 3 0 346 1764 44
2159 3 0 47 421 46
2160 3 0 49 347 48
2161 3 0 347 1765 48
2162 3 0 420 1832 50
2163 3 0 69 352 68
2164 3 0 73 353 72
2165 3 0 77 354 76
2166 3 0 81 355 80
2167 3 0 83 442 82
2168 3 0 85 356 84
2169 3 0 87 443 86
2170 3 0 89 357 88
2171 3 0 93 358 92
2172 3 0 95 445 94
2173 3 0 99 413 98
2174 3 0 104 415 103
2175 3 0 106 361 105
2176 3 0 108 446 107
2177 3 0 110 362 109
2178 3 0 114 363 113
2179 3 0 116 1913 431
2180 3 0 118 364 117
2181 3 0 648 1653 791
2182 3 0 660 737 658
2183 3 0 684 727 682
2184 3 0 832 834 833
2185 3 0 870 1326 872
2186 3 0 882 1329 884
2187 3 0 904 1951 906
2188 3 0 906 1337 908
2189 3 0 908 1952 910
2190 3 0 915 1955 913
2191 3 0 916 1719 918
2192 3 0 926 1344 928
2193 3 0 940 1779 942
2194 3 0 956 1726 958
2195 3 0 1008 1009 1007
2196 3 0 1007 1844 1050
2197 3 0 1012 1013 1011
2198 3 0 1014 1015 1013
2199 3 0 1026 1040 1028
2200 3 0 1154 1156 1155
2201 3 0 1218 1973 1220
2202 3 0 1223 1451 1221
2203 3 0 1379 1627 1626
2204 3 0 37 344 36
2205 3 0 414 1901 38
2206 3 0 41 345 40
2207 3 0 438 1905 62
2208 3 0 353 1907 72
2209 3 0 91 444 90
2210 3 0 95 1912 445
2211 3 0 121 401 120
2212 3 0 123 457 122
2213 3 0 474 476 475
2214 3 0 487 794 489
2215 3 0 766 2009 559
2216 3 0 978 1357 980
2217 3 0 1009 1844 1007
2218 3 0 1152 1153 1151
2219 3 0 1180 1182 1181
2220 3 0 1726 1727 1352
2221 3 0 10 406 9
2222 3 0 13 370 12
2223 3 0 16 399 15
2224 3 0 19 371 18
2225 3 0 437 1904 58
2226 3 0 433 1908 74
2227 3 0 76 1671 75
2228 3 0 443 1827 86
2229 3 0 96 1912 95
2230 3 0 629 631 630
2231 3 0 665 667 666
2232 3 0 665 1795 667
2233 3 0 677 719 679
2234 3 0 1172 1174 1173
2235 3 0 1206 1983 1208
2236 3 0 1220 1484 1222
2237 3 0 1413 1414 1336
2238 3 0 1385 1402 1386
2239 3 0 8 458 7
2240 3 0 11 1604 10
2241 3 0 430 1906 66
2242 3 0 352 1670 68
2243 3 0 77 1909 354
2244 3 0 355 1672 80
2245 3 0 145 398 144
2246 3 0 150 456 149
2247 3 0 152 384 151
2248 3 0 154 416 153
2249 3 0 158 417 157
2250 3 0 160 374 159
2251 3 0 165 375 164
2252 3 0 167 447 166
2253 3 0 169 385 168
2254 3 0 175 411 174
2255 3 0 177 386 176
2256 3 0 429 1852 178
2257 3 0 377 1919 180
2258 3 0 183 448 182
2259 3 0 185 378 184
2260 3 0 187 418 186
2261 3 0 189 379 188
2262 3 0 191 449 190
2263 3 0 192 1922 191
2264 3 0 193 380 192
2265 3 0 195 412 194
2266 3 0 197 387 196
2267 3 0 198 1923 197
2268 3 0 199 450 198
2269 3 0 201 388 200
2270 3 0 203 451 202
2271 3 0 451 1846 202
2272 3 0 205 389 204
2273 3 0 207 452 206
2274 3 0 209 390 208
2275 3 0 211 453 210
2276 3 0 453 1925 210
2277 3 0 213 382 212
2278 3 0 216 1741 215
2279 3 0 217 383 216
2280 3 0 218 1998 217
2281 3 0 221 391 220
2282 3 0 225 381 224
2283 3 0 228 422 227
2284 3 0 232 423 231
2285 3 0 236 424 235
2286 3 0 240 409 239
2287 3 0 248 365 247
2288 3 0 250 455 249
2289 3 0 252 397 251
2290 3 0 387 1841 1840
2291 3 0 389 1807 1769
2292 3 0 412 1838 1837
2293 3 0 1742 1743 425
2294 3 0 1767 1768 450
2295 3 0 517 518 516
2296 3 0 531 532 530
2297 3 0 543 544 542
2298 3 0 547 548 546
2299 3 0 549 550 548
2300 3 0 553 554 552
2301 3 0 555 556 554
2302 3 0 557 558 556
2303 3 0 559 560 558
2304 3 0 563 564 562
2305 3 0 567 568 566
2306 3 0 569 570 568
2307 3 0 575 576 574
2308 3 0 576 1869 774
2309 3 0 577 1863 707
2310 3 0 580 1847 746
2311 3 0 581 1940 772
2312 3 0 583 584 582
2313 3 0 584 1874 777
2314 3 0 593 594 592
2315 3 0 592 1979 782
2316 3 0 595 596 594
2317 3 0 596 1812 744
2318 3 0 597 1808 781
2319 3 0 599 600 598
2320 3 0 600 1875 768
2321 3 0 605 606 604
2322 3 0 604 1885 743
2323 3 0 607 608 606
2324 3 0 609 610 608
2325 3 0 611 612 610
2326 3 0 612 1899 742
2327 3 0 615 616 614
2328 3 0 617 618 616
2329 3 0 621 622 620
2330 3 0 625 626 624
2331 3 0 624 1886 765
2332 3 0 629 630 628
2333 3 0 633 634 632
2334 3 0 639 640 638
2335 3 0 714 2007 645
2336 3 0 652 729 650
2337 3 0 848 1322 850
2338 3 0 1136 1138 1137
2339 3 0 1142 1144 1143
2340 3 0 1162 1163 1161
2341 3 0 1168 1169 1167
2342 3 0 1172 1173 1171
2343 3 0 1182 1183 1181
2344 3 0 1190 1191 1189
2345 3 0 1196 1197 1195
2346 3 0 1204 1205 1203
2347 3 0 1206 1207 1205
2348 3 0 1473 1983 1206
2349 3 0 1207 1889 1457
2350 3 0 1214 1215 1213
2351 3 0 1214 1216 1215
2352 3 0 1216 1217 1215
2353 3 0 1218 1219 1217
2354 3 0 1220 1221 1219
2355 3 0 1222 1223 1221
2356 3 0 1451 1733 1221
2357 3 0 1226 1227 1225
2358 3 0 1234 1235 1233
2359 3 0 1236 1237 1235
2360 3 0 1240 1241 1239
2361 3 0 1242 1244 1243
2362 3 0 1250 1251 1249
2363 3 0 1360 2040 2039
2364 3 0 442 1826 82
2365 3 0 142 407 141
2366 3 0 255 408 254
2367 3 0 499 500 498
2368 3 0 503 504 502
2369 3 0 675 676 674
2370 3 0 679 680 678
2371 3 0 1128 1130 1129
2372 3 0 1172 1449 1174
2373 3 0 1209 1889 1207
2374 3 0 1215 1454 1213
2375 3 0 1231 1448 1229
2376 3 0 2091 2106 1788
2377 3 0 127 461 126
2378 3 0 129 405 128
2379 3 0 137 460 136
2380 3 0 460 1758 136
2381 3 0 462 1861 269
2382 3 0 870 872 871
2383 3 0 882 884 883
2384 3 0 1081 1649 891
2385 3 0 1334 1951 904
2386 3 0 906 908 907
2387 3 0 1337 1952 908
2388 3 0 1345 1803 932
2389 3 0 1352 1817 960
2390 3 0 966 968 967
2391 3 0 974 976 975
2392 3 0 990 992 991
2393 3 0 1124 1125 1123
2394 3 0 1136 1137 1135
2395 3 0 1180 1455 1182
2396 3 0 1188 1190 1189
2397 3 0 1210 1212 1211
2398 3 0 1727 1728 1352
2399 3 0 78 1909 77
2400 3 0 135 403 134
2401 3 0 1762 1763 369
2402 3 0 504 1576 502
2403 3 0 818 2097 803
2404 3 0 1148 1149 1147
2405 3 0 1216 1482 1218
2406 3 0 1335 1413 1336
2407 3 0 38 1901 37
2408 3 0 348 1666 52
2409 3 0 132 395 131
2410 3 0 656 767 654
2411 3 0 826 828 827
2412 3 0 1051 2034 1001
2413 3 0 1120 1122 1121
2414 3 0 1137 1610 1135
2415 3 0 1186 1187 1185
2416 3 0 1190 1192 1191
2417 3 0 1196 1198 1197
2418 3 0 1204 1206 1205
2419 3 0 1206 1208 1207
2420 3 0 1456 1889 1209
2421 3 0 1224 1226 1225
2422 3 0 1226 1228 1227
2423 3 0 1248 1249 1247
2424 3 0 1257 1258 1255
2425 3 0 1289 1290 1288
2426 3 0 516 1578 514
2427 3 0 517 770 519
2428 3 0 636 739 634
2429 3 0 820 1065 821
2430 3 0 987 1055 985
2431 3 0 1442 1968 1158
2432 3 0 1213 1972 1211
2433 3 0 1219 1453 1217
2434 3 0 1229 1974 1227
2435 3 0 53 348 52
2436 3 0 57 349 56
2437 3 0 61 350 60
2438 3 0 65 351 64
2439 3 0 747 1939 570
2440 3 0 706 1997 1868
2441 3 0 869 1087 867
2442 3 0 909 1077 907
2443 3 0 910 1340 912
2444 3 0 913 1076 911
2445 3 0 912 1954 914
2446 3 0 914 1341 916
2447 3 0 917 1075 915
2448 3 0 921 1074 919
2449 3 0 927 1723 925
2450 3 0 929 1072 927
2451 3 0 928 1958 930
2452 3 0 930 1345 932
2453 3 0 933 1071 931
2454 3 0 934 1346 936
2455 3 0 936 1959 938
2456 3 0 939 1804 937
2457 3 0 943 1960 941
2458 3 0 946 1349 948
2459 3 0 949 1067 947
2460 3 0 966 1354 968
2461 3 0 982 1358 984
2462 3 0 1044 1064 1041
2463 3 0 1062 1781 1780
2464 3 0 1106 1107 1105
2465 3 0 1148 1150 1149
2466 3 0 1200 1202 1201
2467 3 0 1470 1813 1202
2468 3 0 1719 1720 1342
2469 3 0 1361 1579 1516
2470 3 0 35 419 34
2471 3 0 345 1802 40
2472 3 0 647 649 648
2473 3 0 657 658 656
2474 3 0 661 662 660
2475 3 0 661 663 662
2476 3 0 663 664 662
2477 3 0 663 764 665
2478 3 0 1069 1805 1804
2479 3 0 52 1666 51
2480 3 0 350 1668 60
2481 3 0 351 1669 64
2482 3 0 372 1620 147
2483 3 0 410 2065 162
2484 3 0 181 1853 377
2485 3 0 184 1920 183
2486 3 0 183 1920 448
2487 3 0 185 1834 378
2488 3 0 418 1834 186
2489 3 0 188 1684 187
2490 3 0 190 1921 189
2491 3 0 189 1921 379
2492 3 0 191 1922 449
2493 3 0 195 1840 412
2494 3 0 387 1840 196
2495 3 0 197 1923 387
2496 3 0 199 1766 450
2497 3 0 205 1924 389
2498 3 0 207 1772 452
2499 3 0 217 1998 383
2500 3 0 1855 1919 377
2501 3 0 1835 1836 378
2502 3 0 383 1759 1741
2503 3 0 422 1691 1690
2504 3 0 1771 1846 451
2505 3 0 1773 1774 452
2506 3 0 519 520 518
2507 3 0 525 526 524
2508 3 0 527 528 526
2509 3 0 529 530 528
2510 3 0 539 540 538
2511 3 0 593 1819 709
2512 3 0 613 1821 784
2513 3 0 620 1848 741
2514 3 0 623 624 622
2515 3 0 640 789 638
2516 3 0 639 761 641
2517 3 0 811 1035 810
2518 3 0 842 843 841
2519 3 0 851 1091 849
2520 3 0 866 867 865
2521 3 0 876 877 875
2522 3 0 882 883 881
2523 3 0 886 887 885
2524 3 0 892 893 891
2525 3 0 894 895 893
2526 3 0 898 899 897
2527 3 0 906 907 905
2528 3 0 906 1951 1337
2529 3 0 909 1953 1077
2530 3 0 918 919 917
2531 3 0 918 1719 1342
2532 3 0 920 921 919
2533 3 0 924 925 923
2534 3 0 926 1957 1344
2535 3 0 930 931 929
2536 3 0 930 1958 1345
2537 3 0 934 935 933
2538 3 0 936 937 935
2539 3 0 937 1804 1070
2540 3 0 940 941 939
2541 3 0 941 1960 1069
2542 3 0 948 949 947
2543 3 0 950 951 949
2544 3 0 950 1978 1350
2545 3 0 954 955 953
2546 3 0 958 959 957
2547 3 0 962 963 961
2548 3 0 961 1880 1061
2549 3 0 962 1817 1353
2550 3 0 966 967 965
2551 3 0 968 969 967
2552 3 0 972 973 971
2553 3 0 974 975 973
2554 3 0 976 977 975
2555 3 0 984 985 983
2556 3 0 986 2018 1038
2557 3 0 1057 1639 1638
2558 3 0 1065 1427 1066
2559 3 0 1077 1892 1891
2560 3 0 1104 1368 1106
2561 3 0 1160 1161 1159
2562 3 0 1162 1164 1163
2563 3 0 1166 1167 1165
2564 3 0 1452 1731 1178
2565 3 0 1183 1466 1181
2566 3 0 1202 1204 1203
2567 3 0 1211 1972 1456
2568 3 0 1214 1893 1216
2569 3 0 1252 1253 1251
2570 3 0 1376 1818 1268
2571 3 0 1275 1276 1274
2572 3 0 1296 2024 1294
2573 3 0 1686 1835 1834
2574 3 0 86 1827 85
2575 3 0 252 1697 397
2576 3 0 507 508 506
2577 3 0 623 1888 625
2578 3 0 641 642 640
2579 3 0 655 785 657
2580 3 0 667 668 666
2581 3 0 673 674 672
2582 3 0 677 678 676
2583 3 0 804 818 803
2584 3 0 862 864 863
2585 3 0 892 894 893
2586 3 0 902 904 903
2587 3 0 1078 1950 903
2588 3 0 1341 1719 916
2589 3 0 1072 1723 927
2590 3 0 958 960 959
2591 3 0 984 986 985
2592 3 0 996 2008 1360
2593 3 0 1094 1521 1520
2594 3 0 1186 1188 1187
2595 3 0 1655 1656 1331
2596 3 0 483 1609 695
2597 3 0 505 507 506
2598 3 0 635 637 636
2599 3 0 659 717 661
2600 3 0 803 2097 817
2601 3 0 998 999 997
2602 3 0 1004 1005 1003
2603 3 0 1135 1610 1383
2604 3 0 1307 1309 1308
2605 3 0 1585 1586 1584
2606 3 0 26 439 25
2607 3 0 493 495 494
2608 3 0 1178 1180 1179
2609 3 0 1194 1196 1195
2610 3 0 1251 1379 1249
2611 3 0 22 454 21
2612 3 0 24 392 23
2613 3 0 31 1659 30
2614 3 0 649 651 650
2615 3 0 687 689 688
2616 3 0 834 836 835
2617 3 0 996 1360 998
2618 3 0 1049 1844 1009
2619 3 0 1018 1019 1017
2620 3 0 1020 1021 1019
2621 3 0 1024 1025 1023
2622 3 0 1026 1027 1025
2623 3 0 1030 1577 1029
2624 3 0 1174 1652 1176
2625 3 0 1263 1265 1264
2626 3 0 1295 1297 1296
2627 3 0 1335 1415 1413
2628 3 0 1401 1405 1400
2629 3 0 796 2020 505
2630 3 0 542 2028 540
2631 3 0 778 1999 607
2632 3 0 624 765 622
2633 3 0 911 1953 909
2634 3 0 919 1956 917
2635 3 0 918 1342 920
2636 3 0 920 1722 922
2637 3 0 922 1343 924
2638 3 0 925 1073 923
2639 3 0 931 1877 929
2640 3 0 932 1803 934
2641 3 0 937 1070 935
2642 3 0 938 1347 940
2643 3 0 941 1069 939
2644 3 0 942 1348 944
2645 3 0 947 1962 945
2646 3 0 950 1350 952
2647 3 0 957 1062 955
2648 3 0 1007 1050 1005
2649 3 0 1015 1047 1013
2650 3 0 1212 1214 1213
2651 3 0 1283 1392 1285
2652 3 0 472 474 473
2653 3 0 651 652 650
2654 3 0 655 656 654
2655 3 0 801 812 802
2656 3 0 1816 2064 1037
2657 3 0 1108 1112 1111
2658 3 0 1175 1469 1173
2659 3 0 1493 1494 1492
2660 3 0 43 1764 441
2661 3 0 67 430 66
2662 3 0 71 432 70
2663 3 0 75 433 74
2664 3 0 79 434 78
2665 3 0 97 359 96
2666 3 0 101 360 100
2667 3 0 105 1648 104
2668 3 0 361 1648 105
2669 3 0 112 435 111
2670 3 0 116 431 115
2671 3 0 148 372 147
2672 3 0 156 373 155
2673 3 0 163 410 162
2674 3 0 171 428 170
2675 3 0 173 376 172
2676 3 0 179 429 178
2677 3 0 181 377 180
2678 3 0 194 1837 193
2679 3 0 206 1924 205
2680 3 0 214 1926 213
2681 3 0 251 2016 250
2682 3 0 383 1998 1760
2683 3 0 1684 1685 418
2684 3 0 560 1862 788
2685 3 0 588 1990 745
2686 3 0 608 1941 780
2687 3 0 643 645 644
2688 3 0 844 846 845
2689 3 0 856 858 857
2690 3 0 858 860 859
2691 3 0 1146 1148 1147
2692 3 0 1178 1179 1177
2693 3 0 1179 1971 1467
2694 3 0 1462 1790 1193
2695 3 0 1208 1983 1476
2696 3 0 1269 1270 1268
2697 3 0 1291 1292 1290
2698 3 0 140 463 139
2699 3 0 501 502 500
2700 3 0 1786 1787 1059
2701 3 0 1160 1162 1161
2702 3 0 124 465 123
2703 3 0 489 490 488
2704 3 0 748 1862 562
2705 3 0 601 710 603
2706 3 0 604 743 602
2707 3 0 605 778 607
2708 3 0 617 712 619
2709 3 0 619 1942 621
2710 3 0 621 776 623
2711 3 0 625 713 627
2712 3 0 627 2003 629
2713 3 0 645 646 644
2714 3 0 890 892 891
2715 3 0 1355 1964 972
2716 3 0 1000 1002 1001
2717 3 0 1077 1953 1892
2718 3 0 1502 1503 1098
2719 3 0 1126 1128 1127
2720 3 0 1198 1200 1199
2721 3 0 1306 1435 1304
2722 3 0 1351 1993 1730
2723 3 0 519 521 520
2724 3 0 633 635 634
2725 3 0 683 720 685
2726 3 0 689 690 688
2727 3 0 1509 1510 1365
2728 3 0 647 792 649
2729 3 0 804 1031 818
2730 3 0 1029 1577 1367
2731 3 0 1138 1140 1139
2732 3 0 1180 1181 1179
2733 3 0 1192 1194 1193
2734 3 0 1271 1272 1270
2735 3 0 1634 1635 779
2736 3 0 1985 1986 785
2737 3 0 836 838 837
2738 3 0 873 1086 871
2739 3 0 876 2055 878
2740 3 0 885 1083 883
2741 3 0 907 1890 905
2742 3 0 924 1957 926
2743 3 0 945 1068 943
2744 3 0 953 1063 951
2745 3 0 952 1993 954
2746 3 0 954 1351 956
2747 3 0 962 1353 964
2748 3 0 969 1059 967
2749 3 0 992 994 993
2750 3 0 1066 1104 1103
2751 3 0 1072 1724 1723
2752 3 0 1077 1891 1890
2753 3 0 1168 1170 1169
2754 3 0 1212 1479 1214
2755 3 0 1247 1879 1245
2756 3 0 1341 1878 1719
2757 3 0 565 567 566
2758 3 0 571 573 572
2759 3 0 592 782 590
2760 3 0 744 1979 594
2761 3 0 595 597 596
2762 3 0 709 1808 595
2763 3 0 600 768 598
2764 3 0 710 1897 603
2765 3 0 780 1885 606
2766 3 0 610 1941 608
2767 3 0 742 1941 610
2768 3 0 611 613 612
2769 3 0 613 615 614
2770 3 0 616 769 614
2771 3 0 628 740 626
2772 3 0 800 807 799
2773 3 0 1396 1424 1064
2774 3 0 1164 1444 1166
2775 3 0 1184 1458 1186
2776 3 0 40 1802 39
2777 3 0 1675 1676 410
2778 3 0 476 477 475
2779 3 0 487 489 488
2780 3 0 507 509 508
2781 3 0 736 1582 1581
2782 3 0 1130 1132 1131
2783 3 0 87 1911 443
2784 3 0 165 2015 375
2785 3 0 168 1680 167
2786 3 0 196 1840 195
2787 3 0 210 1925 209
2788 3 0 219 1927 426
2789 3 0 391 2044 1927
2790 3 0 529 701 531
2791 3 0 721 724 722
2792 3 0 843 2033 1093
2793 3 0 844 1321 846
2794 3 0 846 847 845
2795 3 0 848 850 849
2796 3 0 858 859 857
2797 3 0 870 871 869
2798 3 0 874 876 875
2799 3 0 1085 2030 875
2800 3 0 878 2055 1328
2801 3 0 905 1890 1078
2802 3 0 938 1959 1347
2803 3 0 949 1849 1067
2804 3 0 978 1965 1357
2805 3 0 1595 1717 1083
2806 3 0 1118 1120 1119
2807 3 0 1244 1245 1243
2808 3 0 1283 1285 1284
2809 3 0 1295 1296 1294
2810 3 0 1562 2055 1327
2811 3 0 1330 1658 1657
2812 3 0 30 1659 440
2813 3 0 54 1903 53
2814 3 0 535 537 536
2815 3 0 537 539 538
2816 3 0 749 1859 554
2817 3 0 788 1995 558
2818 3 0 561 563 562
2819 3 0 567 569 568
2820 3 0 573 575 574
2821 3 0 575 577 576
2822 3 0 577 579 578
2823 3 0 746 1869 578
2824 3 0 579 581 580
2825 3 0 581 583 582
2826 3 0 777 1847 582
2827 3 0 583 585 584
2828 3 0 585 587 586
2829 3 0 745 1874 586
2830 3 0 587 589 588
2831 3 0 590 1990 588
2832 3 0 589 591 590
2833 3 0 589 773 591
2834 3 0 782 1990 590
2835 3 0 591 593 592
2836 3 0 593 595 594
2837 3 0 597 781 599
2838 3 0 599 601 600
2839 3 0 602 1875 600
2840 3 0 608 780 606
2841 3 0 609 711 611
2842 3 0 620 741 618
2843 3 0 622 1848 620
2844 3 0 626 1886 624
2845 3 0 659 661 660
2846 3 0 683 684 682
2847 3 0 888 890 889
2848 3 0 898 900 899
2849 3 0 900 902 901
2850 3 0 1068 1960 943
2851 3 0 1348 1961 944
2852 3 0 1349 1978 948
2853 3 0 1063 1849 951
2854 3 0 964 966 965
2855 3 0 980 982 981
2856 3 0 1054 2032 989
2857 3 0 1000 1361 1002
2858 3 0 1062 2005 1782
2859 3 0 455 1651 249
2860 3 0 479 481 480
2861 3 0 485 486 484
2862 3 0 487 488 486
2863 3 0 511 513 512
2864 3 0 644 2037 738
2865 3 0 825 2079 816
2866 3 0 999 1052 997
2867 3 0 1000 1001 999
2868 3 0 999 2034 1052
2869 3 0 1064 1102 1041
2870 3 0 1156 1442 1158
2871 3 0 1159 1475 1157
2872 3 0 1642 1643 1513
2873 3 0 808 820 807
2874 3 0 1142 1143 1141
2875 3 0 1196 1468 1198
2876 3 0 1238 1239 1237
2877 3 0 1293 1294 1292
2878 3 0 1361 2039 1580
2879 3 0 50 1832 49
2880 3 0 483 695 485
2881 3 0 669 671 670
2882 3 0 1006 1007 1005
2883 3 0 1006 1008 1007
2884 3 0 1008 1010 1009
2885 3 0 1016 1017 1015
2886 3 0 1025 2061 1046
2887 3 0 1028 1029 1027
2888 3 0 1130 1434 1132
2889 3 0 1326 1563 1560
2890 3 0 474 475 473
2891 3 0 541 543 542
2892 3 0 751 2028 542
2893 3 0 557 559 558
2894 3 0 563 565 564
2895 3 0 569 571 570
2896 3 0 706 1866 571
2897 3 0 771 1863 575
2898 3 0 707 1940 579
2899 3 0 772 1871 583
2900 3 0 603 1897 605
2901 3 0 683 685 684
2902 3 0 693 723 692
2903 3 0 764 1797 1796
2904 3 0 810 1987 808
2905 3 0 813 819 815
2906 3 0 944 1961 946
2907 3 0 948 1978 950
2908 3 0 973 1058 971
2909 3 0 1011 1049 1009
2910 3 0 1373 1525 1524
2911 3 0 478 801 694
2912 3 0 801 802 694
2913 3 0 732 806 805
2914 3 0 28 1884 393
2915 3 0 441 1902 42
2916 3 0 424 1842 235
2917 3 0 237 1829 236
2918 3 0 1853 1854 377
2919 3 0 478 479 477
2920 3 0 483 485 484
2921 3 0 551 552 550
2922 3 0 629 2003 790
2923 3 0 733 803 734
2924 3 0 855 1090 853
2925 3 0 1021 1048 1019
2926 3 0 1091 1707 1706
2927 3 0 1143 1481 1141
2928 3 0 1167 1988 1472
2929 3 0 1471 1988 1169
2930 3 0 1187 1465 1185
2931 3 0 1228 1229 1227
2932 3 0 509 510 508
2933 3 0 1109 1110 812
2934 3 0 1089 1537 859
2935 3 0 860 862 861
2936 3 0 1061 2005 959
2937 3 0 1153 2082 1151
2938 3 0 1675 1677 1676
2939 3 0 42 1902 41
2940 3 0 495 798 497
2941 3 0 521 700 523
2942 3 0 528 1744 526
2943 3 0 545 703 547
2944 3 0 550 750 548
2945 3 0 559 561 560
2946 3 0 886 888 887
2947 3 0 896 898 897
2948 3 0 1071 1877 931
2949 3 0 1350 1993 952
2950 3 0 954 956 955
2951 3 0 976 978 977
2952 3 0 1360 2039 998
2953 3 0 1122 1429 1124
2954 3 0 1135 1383 1133
2955 3 0 1154 1155 1153
2956 3 0 651 716 653
2957 3 0 803 817 734
2958 3 0 1008 1363 1010
2959 3 0 1391 1551 1107
2960 3 0 1179 1467 1177
2961 3 0 1208 1476 1210
2962 3 0 1265 1266 1264
2963 3 0 1303 1304 1302
2964 3 0 436 1903 54
2965 3 0 532 753 530
2966 3 0 549 775 551
2967 3 0 671 673 672
2968 3 0 1377 1596 1262
2969 3 0 490 797 488
2970 3 0 651 653 652
2971 3 0 655 657 656
2972 3 0 673 675 674
2973 3 0 838 840 839
2974 3 0 865 1088 863
2975 3 0 951 1849 949
2976 3 0 996 998 997
2977 3 0 1080 1662 1661
2978 3 0 1118 1370 1120
2979 3 0 1357 1967 1966
2980 3 0 41 1902 345
2981 3 0 850 852 851
2982 3 0 1158 1160 1159
2983 3 0 145 2036 398
2984 3 0 158 1833 417
2985 3 0 209 1925 390
2986 3 0 425 1926 214
2987 3 0 236 1829 424
2988 3 0 1676 2065 410
2989 3 0 533 534 532
2990 3 0 556 1995 749
2991 3 0 569 1997 706
2992 3 0 609 1999 711
2993 3 0 724 725 722
2994 3 0 840 1320 842
2995 3 0 874 875 873
2996 3 0 876 878 877
2997 3 0 1116 1118 1117
2998 3 0 1293 1295 1294
2999 3 0 1306 1746 1435
3000 3 0 1322 1559 1558
3001 3 0 1721 1722 1342
3002 3 0 466 468 467
3003 3 0 495 496 494
3004 3 0 501 2058 503
3005 3 0 753 2027 530
3006 3 0 543 545 544
3007 3 0 555 557 556
3008 3 0 832 833 831
3009 3 0 894 896 895
3010 3 0 1346 1959 936
3011 3 0 1622 1624 1621
3012 3 0 495 1553 798
3013 3 0 497 499 498
3014 3 0 731 1625 733
3015 3 0 690 726 688
3016 3 0 547 1702 549
3017 3 0 955 1780 953
3018 3 0 1022 1023 1021
3019 3 0 1053 2085 1601
3020 3 0 1104 1106 1105
3021 3 0 493 1553 495
3022 3 0 525 527 526
3023 3 0 606 1885 604
3024 3 0 1986 2042 785
3025 3 0 881 1084 879
3026 3 0 1026 1028 1027
3027 3 0 1126 1432 1128
3028 3 0 1155 1477 1153
3029 3 0 1315 1381 1314
3030 3 0 1317 1399 1316
3031 3 0 1854 1855 377
3032 3 0 422 1690 1689
3033 3 0 481 483 482
3034 3 0 854 856 855
3035 3 0 1478 2069 1149
3036 3 0 1169 1988 1167
3037 3 0 174 1850 173
3038 3 0 224 2041 223
3039 3 0 235 1842 234
3040 3 0 507 2020 699
3041 3 0 528 2027 1744
3042 3 0 823 1316 824
3043 3 0 852 1323 854
3044 3 0 1035 1397 1044
3045 3 0 1140 1142 1141
3046 3 0 1227 1974 1450
3047 3 0 551 1896 553
3048 3 0 553 704 555
3049 3 0 97 1738 359
3050 3 0 482 1100 480
3051 3 0 1069 1804 939
3052 3 0 1156 1158 1157
3053 3 0 1781 1783 1780
3054 3 0 39 1802 414
3055 3 0 813 815 814
3056 3 0 815 823 816
3057 3 0 1089 1538 1537
3058 3 0 1208 1210 1209
3059 3 0 1160 1968 1443
3060 3 0 1181 1971 1179
3061 3 0 1275 1277 1276
3062 3 0 84 1910 83
3063 3 0 88 1911 87
3064 3 0 486 759 484
3065 3 0 540 1646 538
3066 3 0 899 2046 897
3067 3 0 974 1356 976
3068 3 0 1299 1301 1300
3069 3 0 1330 1657 1654
3070 3 0 787 1815 527
3071 3 0 1167 1472 1165
3072 3 0 1042 1387 1384
3073 3 0 1271 1273 1272
3074 3 0 148 1792 372
3075 3 0 160 1916 374
3076 3 0 175 1918 411
3077 3 0 180 1919 179
3078 3 0 229 2072 228
3079 3 0 230 1762 369
3080 3 0 375 1679 1678
3081 3 0 530 2027 528
3082 3 0 1705 2009 766
3083 3 0 809 810 808
3084 3 0 1031 1034 818
3085 3 0 878 880 879
3086 3 0 889 1649 1082
3087 3 0 957 2005 1062
3088 3 0 1057 2056 1639
3089 3 0 1087 1711 1710
3090 3 0 1112 1369 1114
3091 3 0 1279 1280 1278
3092 3 0 1361 1580 1579
3093 3 0 1692 1694 1689
3094 3 0 1433 1746 1308
3095 3 0 2039 2040 1580
3096 3 0 115 1739 114
3097 3 0 694 1504 479
3098 3 0 1035 2113 1397
3099 3 0 1248 1250 1249
3100 3 0 1259 1261 1260
3101 3 0 1491 2047 1030
3102 3 0 1053 1600 1599
3103 3 0 1089 2094 1540
3104 3 0 468 469 467
3105 3 0 513 515 514
3106 3 0 701 1749 531
3107 3 0 1052 2085 997
3108 3 0 1138 1438 1140
3109 3 0 391 1927 220
3110 3 0 863 2094 861
3111 3 0 1466 1971 1181
3112 3 0 1288 1373 1286
3113 3 0 1931 2044 391
3114 3 0 529 1815 701
3115 3 0 545 2048 703
3116 3 0 801 1109 812
3117 3 0 1134 1135 1133
3118 3 0 1270 1650 1376
3119 3 0 514 730 512
3120 3 0 1331 2017 892
3121 3 0 962 964 963
3122 3 0 1082 1649 1593
3123 3 0 631 633 632
3124 3 0 725 1486 722
3125 3 0 633 715 635
3126 3 0 651 2038 716
3127 3 0 992 1359 994
3128 3 0 794 2107 489
3129 3 0 607 1999 609
3130 3 0 892 2017 894
3131 3 0 1338 1339 1034
3132 3 0 1787 1788 1059
3133 3 0 373 2026 155
3134 3 0 386 1918 176
3135 3 0 369 2072 229
3136 3 0 732 1101 806
3137 3 0 840 842 841
3138 3 0 179 1919 429
3139 3 0 516 1887 1578
3140 3 0 851 2053 1091
3141 3 0 856 1816 1037
3142 3 0 873 2030 1086
3143 3 0 894 2017 1332
3144 3 0 1287 1289 1288
3145 3 0 1301 1303 1302
3146 3 0 1377 1597 1596
3147 3 0 1402 1404 1386
3148 3 0 495 497 496
3149 3 0 533 535 534
3150 3 0 1330 2054 1658
3151 3 0 100 1673 99
3152 3 0 499 501 500
3153 3 0 1053 1601 1600
3154 3 0 1112 1114 1113
3155 3 0 1118 1119 1117
3156 3 0 356 1910 84
3157 3 0 1384 1544 1385
3158 3 0 554 1859 552
3159 3 0 1628 2050 721
3160 3 0 700 1935 523
3161 3 0 440 1884 29
3162 3 0 447 2015 166
3163 3 0 423 1762 231
3164 3 0 846 848 847
3165 3 0 997 2085 995
3166 3 0 723 799 692
3167 3 0 1035 1044 1041
3168 3 0 1294 2024 1371
3169 3 0 470 1398 472
3170 3 0 735 2114 670
3171 3 0 1329 2054 884
3172 3 0 1342 1722 920
3173 3 0 494 2075 758
3174 3 0 413 1738 98
3175 3 0 1034 1045 818
3176 3 0 1479 1893 1214
3177 3 0 1252 1254 1253
3178 3 0 1311 1313 1312
3179 3 0 1395 2118 2088
3180 3 0 1581 1583 662
3181 3 0 1318 2076 834
3182 3 0 1042 1043 811
3183 3 0 1122 1124 1123
3184 3 0 959 2005 957
3185 3 0 162 2065 161
3186 3 0 848 2073 1322
3187 3 0 882 2059 1329
3188 3 0 966 2031 1354
3189 3 0 1091 1708 1707
3190 3 0 1164 2067 1444
3191 3 0 1254 1257 1255
3192 3 0 1406 1409 1408
3193 3 0 1445 2100 1170
3194 3 0 1250 1252 1251
3195 3 0 657 2042 659
3196 3 0 795 2048 543
3197 3 0 866 1325 868
3198 3 0 806 1256 1032
3199 3 0 220 1927 219
3200 3 0 231 1762 230
3201 3 0 1253 2014 2013
3202 3 0 29 1884 28
3203 3 0 397 2016 251
3204 3 0 527 1815 529
3205 3 0 531 1749 533
3206 3 0 1499 1502 1098
3207 3 0 1777 2100 1445
3208 3 0 819 2118 1843
3209 3 0 1309 1311 1310
3210 3 0 1398 1529 1527
3211 3 0 1261 1263 1262
3212 3 0 1299 1300 1298
3213 3 0 1796 1798 1795
3214 3 0 92 2025 91
3215 3 0 98 1738 97
3216 3 0 980 1966 982
3217 3 0 1013 1982 1011
3218 3 0 1552 2089 799
3219 3 0 875 2030 873
3220 3 0 884 2054 886
3221 3 0 1029 1366 1027
3222 3 0 886 2054 1330
3223 3 0 897 2046 1080
3224 3 0 1353 2031 964
3225 3 0 1357 1966 980
3226 3 0 1072 1877 1725
3227 3 0 1089 1540 1538
3228 3 0 1162 2067 1164
3229 3 0 1025 1046 1023
3230 3 0 470 472 471
3231 3 0 672 2119 735
3232 3 0 1024 2126 2125
3233 3 0 1033 2062 476
3234 3 0 1930 1931 391
3235 3 0 828 830 829
3236 3 0 900 1883 902
3237 3 0 1011 1982 1049
3238 3 0 381 2041 224
3239 3 0 1147 2069 1480
3240 3 0 411 1851 1850
3241 3 0 513 698 515
3242 3 0 836 1319 838
3243 3 0 1477 2082 1153
3244 3 0 1298 1439 1296
3245 3 0 469 1573 467
3246 3 0 496 2075 494
3247 3 0 721 2050 724
3248 3 0 1443 2067 1162
3249 3 0 1269 1271 1270
3250 3 0 456 1792 149
3251 3 0 1400 1412 1399
3252 3 0 170 1917 169
3253 3 0 965 2106 1060
3254 3 0 1032 1335 1099
3255 3 0 1615 1617 1616
3256 3 0 91 2025 444
3257 3 0 422 2072 1691
3258 3 0 816 2079 814
3259 3 0 826 1036 828
3260 3 0 1394 1395 1110
3261 3 0 1323 1816 854
3262 3 0 822 2130 1628
3263 3 0 1048 1572 1569
3264 3 0 1545 1894 1403
3265 3 0 801 2062 1109
3266 3 0 785 2042 657
3267 3 0 1308 1746 1306
3268 3 0 1696 2041 381
3269 3 0 525 787 527
3270 3 0 540 2028 1646
3271 3 0 1159 2060 1475
3272 3 0 1320 1618 1617
3273 3 0 1435 2087 1304
3274 3 0 880 2059 882
3275 3 0 964 2031 966
3276 3 0 1032 2112 1335
3277 3 0 476 2062 478
3278 3 0 1801 2190 719
3279 3 0 117 1913 116
3280 3 0 119 1976 118
3281 3 0 161 1916 160
3282 3 0 176 1918 175
3283 3 0 222 1930 221
3284 3 0 854 1816 856
3285 3 0 1086 2103 871
3286 3 0 364 1913 117
3287 3 0 1363 2095 1644
3288 3 0 680 2134 2124
3289 3 0 1161 2060 1159
3290 3 0 1151 2082 1478
3291 3 0 1045 2097 818
3292 3 0 834 2076 836
3293 3 0 1091 2053 1708
3294 3 0 375 2015 1679
3295 3 0 1033 2066 2062
3296 3 0 1367 1423 1420
3297 3 0 823 2109 1317
3298 3 0 2126 2133 2125
3299 3 0 1474 2060 1161
3300 3 0 1304 2087 1302
3301 3 0 1401 1406 1405
3302 3 0 823 1317 1316
3303 3 0 692 2089 690
3304 3 0 1338 1485 1416
3305 3 0 1644 2095 1518
3306 3 0 1088 2094 863
3307 3 0 1568 2084 1017
3308 3 0 118 1976 364
3309 3 0 868 2045 870
3310 3 0 1109 2066 1393
3311 3 0 1621 1623 1620
3312 3 0 161 2065 1916
3313 3 0 221 1930 391
3314 3 0 433 2122 1908
3315 3 0 1326 2045 1564
3316 3 0 486 2051 759
3317 3 0 1399 1410 1316
3318 3 0 1333 1883 900
3319 3 0 1251 2013 1379
3320 3 0 1080 2046 1663
3321 3 0 697 2058 501
3322 3 0 756 1607 506
3323 3 0 1056 2056 979
3324 3 0 2062 2066 1109
3325 3 0 977 2056 1057
3326 3 0 1278 2104 1506
3327 3 0 1302 2087 1437
3328 3 0 1040 1493 1492
3329 3 0 1498 2131 728
3330 3 0 1172 2100 1449
3331 3 0 1253 2013 1251
3332 3 0 690 2089 726
3333 3 0 833 2096 831
3334 3 0 1432 2070 1128
3335 3 0 1369 1523 1505
3336 3 0 543 2048 545
3337 3 0 111 2057 110
3338 3 0 114 1739 363
3339 3 0 1040 1492 1490
3340 3 0 1328 2059 880
3341 3 0 1551 2111 1105
3342 3 0 755 1887 518
3343 3 0 1020 1629 1039
3344 3 0 1518 2095 1362
3345 3 0 1436 2080 1136
3346 3 0 428 1917 170
3347 3 0 1091 1706 849
3348 3 0 726 2111 1551
3349 3 0 478 2062 801
3350 3 0 869 2103 1087
3351 3 0 1060 2091 1881
3352 3 0 799 2089 692
3353 3 0 813 2088 819
3354 3 0 374 1833 159
3355 3 0 149 1792 148
3356 3 0 159 1833 158
3357 3 0 406 2148 2063
3358 3 0 1280 2104 1278
3359 3 0 406 2063 9
3360 3 0 793 2075 496
3361 3 0 1582 2142 1131
3362 3 0 870 2045 1326
3363 3 0 1788 2106 1059
3364 3 0 661 2043 663
3365 3 0 1110 2088 812
3366 3 0 812 2088 813
3367 3 0 979 2056 977
3368 3 0 668 2114 2068
3369 3 0 836 2076 1319
3370 3 0 1138 2080 1438
3371 3 0 1059 2106 967
3372 3 0 1142 2081 1589
3373 3 0 1170 2100 1172
3374 3 0 840 2110 1320
3375 3 0 1438 2081 1140
3376 3 0 662 1583 660
3377 3 0 1843 2118 1409
3378 3 0 668 2068 666
3379 3 0 1401 1843 1406
3380 3 0 1404 2101 1386
3381 3 0 518 1887 516
3382 3 0 2196 2197 102
3383 3 0 1102 2093 1987
3384 3 0 1087 2103 1711
3385 3 0 1128 2070 1130
3386 3 0 1382 2216 1430
3387 3 0 871 2103 869
3388 3 0 846 2073 848
3389 3 0 717 2043 661
3390 3 0 1630 1631 1039
3391 3 0 1629 1630 1039
3392 3 0 1136 2080 1138
3393 3 0 1321 2073 846
3394 3 0 1015 2084 1047
3395 3 0 1414 2127 1336
3396 3 0 1130 2070 1434
3397 3 0 1534 2097 1045
3398 3 0 1573 2078 467
3399 3 0 2073 2074 1559
3400 3 0 967 2106 965
3401 3 0 1395 2088 1110
3402 3 0 1140 2081 1142
3403 3 0 802 1981 694
3404 3 0 666 2068 736
3405 3 0 435 2057 111
3406 3 0 399 2121 2098
3407 3 0 1843 2109 819
3408 3 0 15 1823 14
3409 3 0 694 1981 1504
3410 3 0 1488 2122 1226
3411 3 0 815 2109 823
3412 3 0 1319 2110 838
3413 3 0 2021 2151 699
3414 3 0 1374 2104 1280
3415 3 0 1368 2123 1824
3416 3 0 1386 2113 1043
3417 3 0 838 2110 840
3418 3 0 670 2114 668
3419 3 0 1105 2111 1103
3420 3 0 1017 2084 1015
3421 3 0 723 2090 1514
3422 3 0 1320 1617 1615
3423 3 0 1427 2123 1066
3424 3 0 1422 2191 1421
3425 3 0 1125 2108 1123
3426 3 0 820 2093 1065
3427 3 0 1335 2112 1415
3428 3 0 2052 2129 20
3429 3 0 1048 2115 1572
3430 3 0 819 2109 815
3431 3 0 1095 2096 833
3432 3 0 399 1823 15
3433 3 0 824 2092 826
3434 3 0 680 2124 678
3435 3 0 9 2063 8
3436 3 0 826 2092 1036
3437 3 0 1241 2132 1239
3438 3 0 8 2063 458
3439 3 0 16 2121 399
3440 3 0 2013 2136 1379
3441 3 0 1123 2108 1389
3442 3 0 473 2128 471
3443 3 0 716 2150 1984
3444 3 0 1021 2115 1048
3445 3 0 1131 2142 1129
3446 3 0 1102 1987 1041
3447 3 0 678 2124 728
3448 3 0 1046 2115 1023
3449 3 0 1119 2117 1117
3450 3 0 674 2119 672
3451 3 0 1101 2217 2099
3452 3 0 686 2012 684
3453 3 0 2015 2086 1679
3454 3 0 684 2012 727
3455 3 0 1041 1987 810
3456 3 0 1616 2074 1321
3457 3 0 1226 2122 1228
3458 3 0 798 2105 497
3459 3 0 2012 2120 727
3460 3 0 1092 2033 845
3461 3 0 1551 2083 726
3462 3 0 845 2033 843
3463 3 0 1023 2115 1021
3464 3 0 371 2129 1546
3465 3 0 447 2086 2015
3466 3 0 1039 2126 1022
3467 3 0 497 2105 499
3468 3 0 454 2052 21
3469 3 0 521 2147 700
3470 3 0 1104 2123 1368
3471 3 0 728 2131 676
3472 3 0 704 2143 1703
3473 3 0 1411 2135 1395
3474 3 0 19 2129 371
3475 3 0 1040 2125 1493
3476 3 0 1117 2117 1390
3477 3 0 599 2140 601
3478 3 0 1671 2152 2137
3479 3 0 471 2128 1096
3480 3 0 1076 2141 1953
3481 3 0 615 2139 617
3482 3 0 1395 2135 2118
3483 3 0 2137 2152 1230
3484 3 0 1709 2154 1088
3485 3 0 1543 2134 727
3486 3 0 1022 2126 1024
3487 3 0 688 2083 686
3488 3 0 21 2052 20
3489 3 0 1391 2120 2012
3490 3 0 2050 2130 1101
3491 3 0 1539 2159 1542
3492 3 0 1631 2126 1039
3493 3 0 468 2116 470
3494 3 0 727 2134 682
3495 3 0 1111 2120 1391
3496 3 0 2101 2113 1386
3497 3 0 1290 2138 1288
3498 3 0 1397 2113 2101
3499 3 0 1101 2099 806
3500 3 0 1228 2137 1230
3501 3 0 1024 2125 1026
3502 3 0 1066 2123 1104
3503 3 0 1570 2155 2084
3504 3 0 489 2107 491
3505 3 0 806 2099 1256
3506 3 0 1336 2127 1489
3507 3 0 509 2151 511
3508 3 0 1026 2125 1040
3509 3 0 20 2129 19
3510 3 0 1003 2149 1051
3511 3 0 726 2083 688
3512 3 0 1050 2149 1005
3513 3 0 1628 2130 2050
3514 3 0 491 2107 696
3515 3 0 2125 2133 1493
3516 3 0 534 2144 532
3517 3 0 1239 2132 1446
3518 3 0 682 2134 680
3519 3 0 1321 2074 2073
3520 3 0 470 2116 1398
3521 3 0 674 2131 2119
3522 3 0 1381 2145 1314
3523 3 0 522 2146 520
3524 3 0 676 2131 674
3525 3 0 770 2147 519
3526 3 0 510 2153 508
3527 3 0 1671 2137 433
3528 3 0 1379 2136 1627
3529 3 0 17 2121 16
3530 3 0 2118 2135 1409
3531 3 0 617 2139 712
3532 3 0 1288 2138 1373
3533 3 0 601 2140 710
3534 3 0 1953 2141 1892
3535 3 0 1129 2142 1388
3536 3 0 433 2137 2122
3537 3 0 1703 2143 1704
3538 3 0 1605 2148 406
3539 3 0 2122 2137 1228
3540 3 0 1631 2133 2126
3541 3 0 354 2152 1671
3542 3 0 532 2144 753
3543 3 0 1314 2145 1431
3544 3 0 520 2146 755
3545 3 0 519 2147 521
3546 3 0 1005 2149 1003
3547 3 0 1984 2150 1985
3548 3 0 699 2151 509
3549 3 0 2058 2157 2022
3550 3 0 1230 2152 1232
3551 3 0 1909 2158 2156
3552 3 0 1815 2161 1750
3553 3 0 2156 2158 1234
3554 3 0 1232 2156 1234
3555 3 0 508 2153 756
3556 3 0 1710 2154 1709
3557 3 0 2084 2155 1047
3558 3 0 697 2157 2058
3559 3 0 1909 2156 354
3560 3 0 1542 2159 1090
3561 3 0 354 2156 2152
3562 3 0 2152 2156 1232
3563 3 0 434 2158 1909
3564 3 0 1234 2158 1236
3565 3 0 2160 2162 1238
3566 3 0 1672 2162 2160
3567 3 0 787 2161 1815
3568 3 0 1236 2160 1238
3569 3 0 1672 2160 434
3570 3 0 434 2160 2158
3571 3 0 2158 2160 1236
3572 3 0 355 2162 1672
3573 3 0 923 2168 921
3574 3 0 1238 2162 1240
3575 3 0 2139 2175 712
3576 3 0 935 2171 933
3577 3 0 1822 2175 2139
3578 3 0 1240 2163 1242
3579 3 0 2163 2164 1242
3580 3 0 1826 2164 2163
3581 3 0 2149 2186 1051
3582 3 0 1826 2163 355
3583 3 0 2162 2163 1240
3584 3 0 355 2163 2162
3585 3 0 442 2164 1826
3586 3 0 442 2165 2164
3587 3 0 1845 2186 2149
3588 3 0 2140 2174 710
3589 3 0 1242 2164 1244
3590 3 0 1809 2174 2140
3591 3 0 1606 2178 1056
3592 3 0 2164 2165 1244
3593 3 0 1910 2165 442
3594 3 0 1910 2166 2165
3595 3 0 1244 2165 1246
3596 3 0 635 2181 637
3597 3 0 2165 2166 1246
3598 3 0 356 2166 1910
3599 3 0 356 2167 2166
3600 3 0 1246 2166 1248
3601 3 0 587 2184 589
3602 3 0 1827 2167 356
3603 3 0 2166 2167 1248
3604 3 0 718 2188 669
3605 3 0 1248 2167 1250
3606 3 0 2169 2170 1252
3607 3 0 443 2170 2169
3608 3 0 1250 2169 1252
3609 3 0 921 2168 1074
3610 3 0 443 2169 1827
3611 3 0 1827 2169 2167
3612 3 0 2167 2169 1250
3613 3 0 1911 2170 443
3614 3 0 1873 2180 2168
3615 3 0 2168 2180 1074
3616 3 0 1421 2191 2061
3617 3 0 1252 2170 1254
3618 3 0 360 2195 2194
3619 3 0 933 2171 1071
3620 3 0 1254 2172 1257
3621 3 0 357 2172 1911
3622 3 0 1911 2172 2170
3623 3 0 2172 2173 1257
3624 3 0 1281 2195 1283
3625 3 0 2170 2172 1254
3626 3 0 719 2190 679
3627 3 0 2173 2176 1259
3628 3 0 1257 2173 1259
3629 3 0 101 2197 360
3630 3 0 357 2173 2172
3631 3 0 1647 2176 2173
3632 3 0 103 2196 102
3633 3 0 1392 2197 2196
3634 3 0 1392 2198 1285
3635 3 0 710 2174 1898
3636 3 0 1647 2173 357
3637 3 0 444 2176 1647
3638 3 0 1259 2176 1261
3639 3 0 444 2177 2176
3640 3 0 1261 2177 1263
3641 3 0 1071 2201 1877
3642 3 0 2176 2177 1261
3643 3 0 2025 2177 444
3644 3 0 2179 2182 1265
3645 3 0 1263 2179 1265
3646 3 0 2177 2179 1263
3647 3 0 358 2182 2179
3648 3 0 1586 2178 1606
3649 3 0 2025 2179 2177
3650 3 0 358 2179 2025
3651 3 0 715 2181 635
3652 3 0 1828 2182 358
3653 3 0 1265 2182 1267
3654 3 0 2182 2183 1267
3655 3 0 1267 2183 1269
3656 3 0 1828 2183 2182
3657 3 0 445 2183 1828
3658 3 0 2183 2185 1269
3659 3 0 445 2185 2183
3660 3 0 1269 2185 1271
3661 3 0 708 2184 587
3662 3 0 1912 2185 445
3663 3 0 2185 2187 1271
3664 3 0 1912 2187 2185
3665 3 0 1271 2187 1273
3666 3 0 359 2187 1912
3667 3 0 2187 2189 1273
3668 3 0 359 2189 2187
3669 3 0 1799 2188 718
3670 3 0 1273 2189 1275
3671 3 0 1738 2189 359
3672 3 0 1574 2215 1575
3673 3 0 2189 2192 1275
3674 3 0 1738 2192 2189
3675 3 0 413 2192 1738
3676 3 0 1275 2192 1277
3677 3 0 2192 2193 1277
3678 3 0 413 2193 2192
3679 3 0 1673 2193 413
3680 3 0 1277 2193 1279
3681 3 0 2128 2216 1096
3682 3 0 1430 2216 2128
3683 3 0 1673 2194 2193
3684 3 0 2193 2194 1279
3685 3 0 360 2194 1673
3686 3 0 1279 2194 1281
3687 3 0 360 2197 2195
3688 3 0 1283 2195 1392
3689 3 0 415 2196 103
3690 3 0 102 2197 101
3691 3 0 2196 2198 1392
3692 3 0 1285 2198 1287
3693 3 0 2198 2199 1287
3694 3 0 415 2199 2198
3695 3 0 1287 2199 1289
3696 3 0 1648 2199 415
3697 3 0 2199 2200 1289
3698 3 0 1648 2200 2199
3699 3 0 1289 2200 1291
3700 3 0 361 2200 1648
3701 3 0 1877 2201 1725
3702 3 0 2200 2202 1291
3703 3 0 361 2202 2200
3704 3 0 2049 2202 361
3705 3 0 1291 2202 1293
3706 3 0 2202 2203 1293
3707 3 0 2049 2203 2202
3708 3 0 1293 2203 1295
3709 3 0 446 2203 2049
3710 3 0 2203 2204 1295
3711 3 0 446 2204 2203
3712 3 0 1295 2204 1297
3713 3 0 2204 2205 1297
3714 3 0 1611 2204 446
3715 3 0 1297 2205 1299
3716 3 0 1611 2205 2204
3717 3 0 2205 2206 1299
3718 3 0 362 2205 1611
3719 3 0 362 2206 2205
3720 3 0 2057 2206 362
3721 3 0 2057 2207 2206
3722 3 0 1299 2206 1301
3723 3 0 2206 2207 1301
3724 3 0 1301 2207 1303
3725 3 0 2208 2209 1305
3726 3 0 435 2207 2057
3727 3 0 1612 2209 2208
3728 3 0 1303 2208 1305
3729 3 0 2195 2197 1392
3730 3 0 363 2209 1612
3731 3 0 2207 2208 1303
3732 3 0 435 2208 2207
3733 3 0 1612 2208 435
3734 3 0 1305 2209 1307
3735 3 0 363 2210 2209
3736 3 0 1739 2210 363
3737 3 0 2209 2210 1307
3738 3 0 1307 2210 1309
3739 3 0 1739 2211 2210
3740 3 0 431 2211 1739
3741 3 0 2210 2211 1309
3742 3 0 2211 2212 1311
3743 3 0 415 2198 2196
3744 3 0 431 2212 2211
3745 3 0 1309 2211 1311
3746 3 0 1311 2212 1313
3747 3 0 1913 2212 431
3748 3 0 1913 2213 2212
3749 3 0 2212 2213 1313
3750 3 0 364 2213 1913
3751 3 0 1313 2213 1315
3752 3 0 2099 2217 1577
3753 3 0 1577 2217 1367
3754 3 0 364 2214 2213
3755 3 0 1976 2214 364
3756 3 0 2213 2214 1315
3757 3 0 1315 2214 1382
3758 3 0 1976 2215 2214
3759 3 0 2214 2215 1382
3760 3 0 1575 2215 1976
3761 3 0 1096 2216 1574
3762 3 0 1367 2217 1423
3763 3 0 1405 2268 407
3764 3 0 1319 2270 1915
3765 3 0 2064 2278 1916
3766 3 0 1325 2280 2086
3767 3 0 1562 2283 428
3768 3 0 1329 2285 1851
3769 3 0 1656 2288 429
3770 3 0 1954 2302 1688
3771 3 0 1721 2304 380
3772 3 0 1350 2318 1814
3773 3 0 1728 2321 382
3774 3 0 1965 2328 1931
3775 3 0 1038 2330 1692
3776 3 0 2008 2331 1763
3777 3 0 1511 2342 366
3778 3 0 1412 2345 143
3779 3 0 1410 2348 398
3780 3 0 1036 2349 1623
3781 3 0 830 2350 1624
3782 3 0 860 2353 1677
3783 3 0 1967 2361 427
3784 3 0 990 2365 1693
3785 3 0 1632 2366 243
3786 3 0 2133 2368 400
3787 3 0 1494 2367 246
3788 3 0 1861 2233 402
3789 3 0 405 2232 1882
3790 3 0 138 2218 137
3791 3 0 126 2220 125
3792 3 0 259 2219 258
3793 3 0 271 2221 270
3794 3 0 267 2222 266
3795 3 0 130 2223 129
3796 3 0 404 2231 1858
3797 3 0 1758 2230 403
3798 3 0 131 2226 130
3799 3 0 266 2227 265
3800 3 0 461 2220 126
3801 3 0 459 2219 259
3802 3 0 137 2218 460
3803 3 0 270 2221 462
3804 3 0 1895 2228 1894
3805 3 0 1403 2228 1402
3806 3 0 1394 2229 1419
3807 3 0 1994 2229 1393
3808 3 0 1409 2230 1408
3809 3 0 1418 2231 1532
3810 3 0 1398 2232 1529
3811 3 0 2101 2233 1397
3812 3 0 262 2234 404
3813 3 0 403 2235 134
3814 3 0 1396 2236 1425
3815 3 0 466 2237 468
3816 3 0 144 2238 143
3817 3 0 2036 2239 398
3818 3 0 1621 2240 1623
3819 3 0 1405 2243 1400
3820 3 0 2065 2241 1916
3821 3 0 830 2244 832
3822 3 0 1681 2245 428
3823 3 0 1919 2247 429
3824 3 0 1319 2246 2110
3825 3 0 860 2248 862
3826 3 0 1325 2249 2045
3827 3 0 1837 2250 380
3828 3 0 1329 2251 2054
3829 3 0 1954 2252 1341
3830 3 0 1926 2253 382
3831 3 0 2041 2254 427
3832 3 0 1690 2255 1692
3833 3 0 1350 2256 1993
3834 3 0 1511 2262 1630
3835 3 0 1965 2257 1357
3836 3 0 247 2258 246
3837 3 0 244 2259 243
3838 3 0 2008 2261 1360
3839 3 0 990 2260 992
3840 3 0 2133 2263 1493
3841 3 0 125 2266 1
3842 3 0 1 2266 124
3843 3 0 2 2264 138
3844 3 0 258 2265 3
3845 3 0 139 2264 2
3846 3 0 3 2265 257
3847 3 0 0 2267 271
3848 3 0 6 2267 0
3849 3 0 402 2222 267
3850 3 0 129 2223 405
3851 3 0 1622 2346 1624
3852 3 0 1410 2349 2092
3853 3 0 384 2347 1915
3854 3 0 142 2345 407
3855 3 0 1675 2351 1677
3856 3 0 1412 2348 1399
3857 3 0 447 2352 2086
3858 3 0 411 2354 1851
3859 3 0 1036 2350 828
3860 3 0 1037 2353 858
3861 3 0 1562 2355 2055
3862 3 0 1656 2356 2017
3863 3 0 1921 2357 1688
3864 3 0 1721 2358 1722
3865 3 0 390 2359 1814
3866 3 0 1728 2360 1817
3867 3 0 1930 2361 1931
3868 3 0 245 2367 400
3869 3 0 1967 2363 1966
3870 3 0 1038 2365 988
3871 3 0 1762 2364 1763
3872 3 0 1691 2362 1693
3873 3 0 242 2366 366
3874 3 0 1494 2369 1492
3875 3 0 1632 2368 1631
3876 3 0 1408 2225 1407
3877 3 0 1417 2224 1418
3878 3 0 133 2235 1419
3879 3 0 1895 2234 263
3880 3 0 395 2226 131
3881 3 0 265 2227 396
3882 3 0 1419 2235 1411
3883 3 0 1535 2234 1895
3884 3 0 1894 2228 1403
3885 3 0 1393 2229 1394
3886 3 0 459 2224 2219
3887 3 0 2218 2225 460
3888 3 0 2135 2230 1409
3889 3 0 1532 2231 1533
3890 3 0 2258 2369 1494
3891 3 0 2259 2368 1632
3892 3 0 2255 2365 1038
3893 3 0 400 2367 2263
3894 3 0 2254 2363 1967
3895 3 0 366 2366 2262
3896 3 0 2253 2360 1728
3897 3 0 1763 2364 2261
3898 3 0 1693 2362 2260
3899 3 0 1931 2361 2257
3900 3 0 2250 2358 1721
3901 3 0 1814 2359 2256
3902 3 0 2247 2356 1656
3903 3 0 2245 2355 1562
3904 3 0 1688 2357 2252
3905 3 0 2242 2353 1037
3906 3 0 1851 2354 2251
3907 3 0 2239 2349 1410
3908 3 0 2238 2348 1412
3909 3 0 2086 2352 2249
3910 3 0 1677 2351 2248
3911 3 0 2240 2350 1036
3912 3 0 1624 2346 2244
3913 3 0 1915 2347 2246
3914 3 0 407 2345 2243
3915 3 0 2116 2232 1398
3916 3 0 1397 2233 1507
3917 3 0 263 2234 262
3918 3 0 134 2235 133
3919 3 0 1507 2236 1396
3920 3 0 468 2237 2116
3921 3 0 398 2238 144
3922 3 0 1623 2239 2036
3923 3 0 1624 2240 1621
3924 3 0 1676 2241 2065
3925 3 0 1677 2242 1676
3926 3 0 1676 2242 2241
3927 3 0 1400 2243 1412
3928 3 0 832 2244 1318
3929 3 0 1682 2245 1681
3930 3 0 2110 2246 1618
3931 3 0 1855 2247 1919
3932 3 0 862 2248 1324
3933 3 0 2045 2249 1564
3934 3 0 1838 2250 1837
3935 3 0 2054 2251 1658
3936 3 0 1341 2252 1878
3937 3 0 1743 2253 1926
3938 3 0 1696 2254 2041
3939 3 0 1693 2255 1690
3940 3 0 1993 2256 1730
3941 3 0 1357 2257 1967
3942 3 0 400 2259 244
3943 3 0 365 2258 247
3944 3 0 992 2260 1359
3945 3 0 1360 2261 2040
3946 3 0 1630 2262 1632
3947 3 0 1493 2263 1494
3948 3 0 271 2267 2221
3949 3 0 138 2264 2218
3950 3 0 2219 2265 258
3951 3 0 2220 2266 125
3952 3 0 1426 2267 6
3953 3 0 463 2264 139
3954 3 0 257 2265 464
3955 3 0 124 2266 465
3956 3 0 1407 2370 2268
3957 3 0 2299 2371 1417
3958 3 0 2284 2355 1682
3959 3 0 1618 2347 2271
3960 3 0 2322 2360 1743
3961 3 0 2289 2356 1855
3962 3 0 1318 2346 2269
3963 3 0 2305 2358 1838
3964 3 0 2343 2369 365
3965 3 0 1730 2359 2319
3966 3 0 1324 2351 2279
3967 3 0 2329 2363 1696
3968 3 0 1564 2352 2281
3969 3 0 1359 2362 2331
3970 3 0 1658 2354 2286
3971 3 0 1878 2357 2303
3972 3 0 2040 2364 2332
3973 3 0 2338 2344 455
3974 3 0 1508 2344 2338
3975 3 0 2026 2273 2272
3976 3 0 2272 2273 1616
3977 3 0 2275 2276 1558
3978 3 0 417 2276 2275
3979 3 0 2281 2282 1563
3980 3 0 385 2282 2281
3981 3 0 1679 2280 2279
3982 3 0 2279 2280 1948
3983 3 0 386 2287 2286
3984 3 0 2286 2287 1657
3985 3 0 2290 2291 1333
3986 3 0 1856 2291 2290
3987 3 0 1407 2268 1405
3988 3 0 2293 2294 1951
3989 3 0 1835 2294 2293
3990 3 0 1922 2304 2303
3991 3 0 2303 2304 1720
3992 3 0 2298 2301 1952
3993 3 0 1685 2301 2298
3994 3 0 1794 2269 1793
3995 3 0 1915 2270 1794
3996 3 0 1794 2270 2269
3997 3 0 2296 2299 1416
3998 3 0 408 2299 2296
3999 3 0 1618 2271 1617
4000 3 0 2026 2272 416
4001 3 0 407 2268 1565
4002 3 0 1740 2275 2274
4003 3 0 1740 2274 373
4004 3 0 1616 2273 2074
4005 3 0 1558 2276 1556
4006 3 0 417 2275 1740
4007 3 0 2306 2307 1344
4008 3 0 1841 2307 2306
4009 3 0 374 2278 2277
4010 3 0 374 2277 1833
4011 3 0 1916 2278 374
4012 3 0 1318 2269 2076
4013 3 0 1768 2309 2308
4014 3 0 2308 2309 1345
4015 3 0 2269 2270 2076
4016 3 0 2076 2270 1319
4017 3 0 2310 2311 1346
4018 3 0 1830 2311 2310
4019 3 0 1679 2279 1678
4020 3 0 416 2271 1748
4021 3 0 1617 2272 1616
4022 3 0 1948 2280 1325
4023 3 0 373 2273 2026
4024 3 0 2274 2275 1559
4025 3 0 1563 2282 1561
4026 3 0 385 2281 1680
4027 3 0 2074 2274 1559
4028 3 0 1775 2321 2320
4029 3 0 1934 2316 2315
4030 3 0 2320 2321 1727
4031 3 0 2315 2316 1961
4032 3 0 1559 2275 1558
4033 3 0 1833 2276 417
4034 3 0 1561 2283 1562
4035 3 0 2282 2283 1561
4036 3 0 1556 2277 1557
4037 3 0 2277 2278 1557
4038 3 0 1557 2278 2064
4039 3 0 2284 2285 2059
4040 3 0 1328 2284 2059
4041 3 0 2059 2285 1329
4042 3 0 1324 2279 1948
4043 3 0 386 2286 1918
4044 3 0 1657 2287 1655
4045 3 0 2295 2300 1697
4046 3 0 2086 2280 1679
4047 3 0 2287 2288 1655
4048 3 0 1655 2288 1656
4049 3 0 1564 2281 1563
4050 3 0 1917 2282 385
4051 3 0 2325 2326 1355
4052 3 0 1929 2326 2325
4053 3 0 1917 2283 2282
4054 3 0 1854 2289 1855
4055 3 0 1854 2290 2289
4056 3 0 428 2283 1917
4057 3 0 1856 2290 1854
4058 3 0 1683 2285 2284
4059 3 0 1683 2284 1682
4060 3 0 1333 2291 1883
4061 3 0 1851 2285 1683
4062 3 0 1836 2292 1857
4063 3 0 1836 2293 2292
4064 3 0 1835 2293 1836
4065 3 0 397 2297 2016
4066 3 0 1951 2294 1337
4067 3 0 1697 2300 397
4068 3 0 397 2300 2297
4069 3 0 2333 2334 1579
4070 3 0 368 2334 2333
4071 3 0 1658 2286 1657
4072 3 0 408 2296 1698
4073 3 0 1685 2298 1686
4074 3 0 1698 2296 2295
4075 3 0 1414 2300 2295
4076 3 0 1852 2287 386
4077 3 0 1416 2299 1417
4078 3 0 1952 2301 1340
4079 3 0 1414 2295 1485
4080 3 0 1698 2295 1697
4081 3 0 2301 2302 1340
4082 3 0 1852 2288 2287
4083 3 0 429 2288 1852
4084 3 0 1340 2302 1954
4085 3 0 1922 2303 449
4086 3 0 1332 2289 1949
4087 3 0 2289 2290 1949
4088 3 0 1720 2304 1721
4089 3 0 1949 2290 1333
4090 3 0 1829 2337 2336
4091 3 0 2336 2337 1644
4092 3 0 1857 2291 1856
4093 3 0 1883 2292 1334
4094 3 0 2339 2340 1513
4095 3 0 1755 2340 2339
4096 3 0 2292 2293 1334
4097 3 0 1334 2293 1951
4098 3 0 1839 2305 1838
4099 3 0 2295 2296 1485
4100 3 0 1839 2306 2305
4101 3 0 2016 2338 455
4102 3 0 1549 2299 408
4103 3 0 1686 2294 1835
4104 3 0 1485 2296 1416
4105 3 0 1841 2306 1839
4106 3 0 1337 2298 1952
4107 3 0 1415 2297 1413
4108 3 0 2341 2342 1510
4109 3 0 1344 2307 1958
4110 3 0 1776 2342 2341
4111 3 0 1413 2300 1414
4112 3 0 2297 2300 1413
4113 3 0 1687 2301 1685
4114 3 0 1768 2308 1933
4115 3 0 1687 2302 2301
4116 3 0 1688 2302 1687
4117 3 0 1345 2309 1803
4118 3 0 1830 2310 1767
4119 3 0 1346 2311 1959
4120 3 0 1771 2312 1831
4121 3 0 1878 2303 1720
4122 3 0 1771 2313 2312
4123 3 0 1770 2313 1771
4124 3 0 380 2304 1922
4125 3 0 1770 2314 2313
4126 3 0 1807 2314 1770
4127 3 0 1807 2315 2314
4128 3 0 1934 2315 1807
4129 3 0 1343 2305 1957
4130 3 0 416 2272 2271
4131 3 0 2305 2306 1957
4132 3 0 2271 2272 1617
4133 3 0 1961 2316 1349
4134 3 0 1957 2306 1344
4135 3 0 2316 2317 1349
4136 3 0 1349 2317 1978
4137 3 0 1933 2307 1841
4138 3 0 1814 2318 1773
4139 3 0 1958 2308 1345
4140 3 0 2273 2274 2074
4141 3 0 373 2274 2273
4142 3 0 1767 2309 1768
4143 3 0 1730 2319 1729
4144 3 0 1803 2310 1346
4145 3 0 2276 2277 1556
4146 3 0 1833 2277 2276
4147 3 0 1775 2320 453
4148 3 0 1831 2311 1830
4149 3 0 1727 2321 1728
4150 3 0 1959 2312 1347
4151 3 0 2312 2313 1347
4152 3 0 1347 2313 1779
4153 3 0 2313 2314 1779
4154 3 0 1779 2314 1348
4155 3 0 2314 2315 1348
4156 3 0 1353 2322 2031
4157 3 0 1348 2315 1961
4158 3 0 2322 2323 2031
4159 3 0 1774 2316 1934
4160 3 0 2031 2323 1354
4161 3 0 1774 2317 2316
4162 3 0 1760 2324 1759
4163 3 0 1760 2325 2324
4164 3 0 1773 2317 1774
4165 3 0 1929 2325 1760
4166 3 0 1978 2318 1350
4167 3 0 1355 2326 1964
4168 3 0 2044 2328 2327
4169 3 0 2044 2327 1928
4170 3 0 1931 2328 2044
4171 3 0 453 2319 1925
4172 3 0 1729 2320 1727
4173 3 0 382 2321 1775
4174 3 0 1695 2329 1696
4175 3 0 1742 2322 1743
4176 3 0 1692 2330 1695
4177 3 0 1695 2330 2329
4178 3 0 1742 2323 2322
4179 3 0 1759 2323 1742
4180 3 0 2324 2325 1785
4181 3 0 1354 2324 1785
4182 3 0 1785 2325 1355
4183 3 0 1928 2326 1929
4184 3 0 1359 2331 2008
4185 3 0 1964 2327 1356
4186 3 0 2327 2328 1356
4187 3 0 1857 2292 2291
4188 3 0 2291 2292 1883
4189 3 0 1356 2328 1965
4190 3 0 1754 2332 423
4191 3 0 1754 2333 2332
4192 3 0 368 2333 1754
4193 3 0 1579 2334 1517
4194 3 0 2294 2298 1337
4195 3 0 1686 2298 2294
4196 3 0 1517 2335 1518
4197 3 0 1358 2329 2018
4198 3 0 2329 2330 2018
4199 3 0 2334 2335 1517
4200 3 0 1829 2336 424
4201 3 0 2018 2330 1038
4202 3 0 1644 2337 1643
4203 3 0 1755 2339 367
4204 3 0 1513 2340 1512
4205 3 0 1776 2341 409
4206 3 0 1763 2331 2010
4207 3 0 1510 2342 1511
4208 3 0 2040 2332 1580
4209 3 0 2332 2333 1580
4210 3 0 2307 2308 1958
4211 3 0 1933 2308 2307
4212 3 0 1580 2333 1579
4213 3 0 1842 2334 368
4214 3 0 1495 2343 1496
4215 3 0 1767 2310 2309
4216 3 0 2309 2310 1803
4217 3 0 424 2335 1842
4218 3 0 1508 2338 1415
4219 3 0 1842 2335 2334
4220 3 0 1518 2336 1644
4221 3 0 455 2344 1651
4222 3 0 1831 2312 2311
4223 3 0 2311 2312 1959
4224 3 0 367 2337 1829
4225 3 0 1512 2341 1510
4226 3 0 1643 2339 1513
4227 3 0 409 2340 1755
4228 3 0 366 2342 1776
4229 3 0 1773 2318 2317
4230 3 0 2317 2318 1978
4231 3 0 1651 2343 365
4232 3 0 1496 2344 1508
4233 3 0 1759 2324 2323
4234 3 0 2323 2324 1354
4235 3 0 453 2320 2319
4236 3 0 2319 2320 1729
4237 3 0 2326 2327 1964
4238 3 0 1928 2327 2326
4239 3 0 424 2336 2335
4240 3 0 2335 2336 1518
4241 3 0 367 2339 2337
4242 3 0 2340 2341 1512
4243 3 0 2337 2339 1643
4244 3 0 409 2341 2340
4245 3 0 1651 2344 2343
4246 3 0 2343 2344 1496
4247 3 0 2297 2338 2016
4248 3 0 1415 2338 2297
4249 3 0 1328 2355 2284
4250 3 0 2271 2347 1748
4251 3 0 1353 2360 2322
4252 3 0 2269 2346 1793
4253 3 0 1332 2356 2289
4254 3 0 1495 2369 2343
4255 3 0 1343 2358 2305
4256 3 0 2279 2351 1678
4257 3 0 2319 2359 1925
4258 3 0 2281 2352 1680
4259 3 0 2286 2354 1918
4260 3 0 1358 2363 2329
4261 3 0 2331 2362 2010
4262 3 0 2303 2357 449
4263 3 0 2332 2364 423
4264 3 0 143 2345 142
4265 3 0 1793 2346 1622
4266 3 0 1748 2347 384
4267 3 0 1399 2348 1410
4268 3 0 828 2350 830
4269 3 0 2092 2349 1036
4270 3 0 1678 2351 1675
4271 3 0 1680 2352 447
4272 3 0 858 2353 860
4273 3 0 1918 2354 411
4274 3 0 2055 2355 1328
4275 3 0 2017 2356 1332
4276 3 0 449 2357 1921
4277 3 0 1722 2358 1343
4278 3 0 1925 2359 390
4279 3 0 1817 2360 1353
4280 3 0 427 2361 1930
4281 3 0 2010 2362 1691
4282 3 0 1966 2363 1358
4283 3 0 423 2364 1762
4284 3 0 988 2365 990
4285 3 0 243 2366 242
4286 3 0 246 2367 245
4287 3 0 1631 2368 2133
4288 3 0 1492 2369 1495
4289 3 0 2268 2370 1565
4290 3 0 1549 2371 2299
4291 3 0 1565 2370 463
4292 3 0 464 2371 1549
4293 3 0 2218 2264 463
4294 3 0 464 2265 2219
4295 3 0 465 2266 2220
4296 3 0 2221 2267 1426
4297 3 0 2225 2370 1407
4298 3 0 1417 2371 2224
4299 3 0 398 2348 2238
4300 3 0 1623 2349 2239
4301 3 0 1624 2350 2240
4302 3 0 2243 2345 1412
4303 3 0 2244 2346 1318
4304 3 0 1677 2353 2242
4305 3 0 2246 2347 1618
4306 3 0 1682 2355 2245
4307 3 0 2248 2351 1324
4308 3 0 1855 2356 2247
4309 3 0 2249 2352 1564
4310 3 0 2251 2354 1658
4311 3 0 1838 2358 2250
4312 3 0 2252 2357 1878
4313 3 0 1743 2360 2253
4314 3 0 2256 2359 1730
4315 3 0 1696 2363 2254
4316 3 0 1693 2365 2255
4317 3 0 2257 2361 1967
4318 3 0 2260 2362 1359
4319 3 0 400 2368 2259
4320 3 0 365 2369 2258
4321 3 0 2261 2364 2040
4322 3 0 2262 2366 1632
4323 3 0 2263 2367 1494
4324 3 0 2398 2814 2809
4325 3 0 2675 2815 2399
4326 3 0 2593 2794 2633
4327 3 0 2809 2832 2398
4328 3 0 2399 2831 2675
4329 3 0 2388 2817 2719
4330 3 0 2624 2818 2389
4331 3 0 2400 2710 2632
4332 3 0 2721 2822 2380
4333 3 0 2379 2821 2660
4334 3 0 2719 2828 2388
4335 3 0 2389 2827 2624
4336 3 0 2597 2794 2593
4337 3 0 308 2658 2380
4338 3 0 2379 2637 132
4339 3 0 2710 2825 2632
4340 3 0 2634 2659 2387
4341 3 0 2391 2673 2657
4342 3 0 2669 2844 2667
4343 3 0 2667 2844 2841
4344 3 0 2380 2823 2721
4345 3 0 2660 2824 2379
4346 3 0 309 2658 308
4347 3 0 132 2637 133
4348 3 0 2794 2819 2633
4349 3 0 2720 2822 2721
4350 3 0 2660 2821 2625
4351 3 0 306 2822 2817
4352 3 0 2818 2821 130
4353 3 0 2625 2818 2624
4354 3 0 2719 2817 2720
4355 3 0 2402 2815 2675
4356 3 0 2809 2814 2403
4357 3 0 2619 2831 2731
4358 3 0 2795 2832 2791
4359 3 0 2632 2820 2400
4360 3 0 2658 2823 2380
4361 3 0 2379 2824 2637
4362 3 0 2731 2828 2619
4363 3 0 2791 2827 2795
4364 3 0 2625 2821 2818
4365 3 0 2817 2822 2720
4366 3 0 2387 2830 2634
4367 3 0 2657 2829 2391
4368 3 0 2659 2825 2387
4369 3 0 2391 2826 2673
4370 3 0 338 2835 2635
4371 3 0 2378 2839 2626
4372 3 0 2522 2833 2683
4373 3 0 2683 2836 2522
4374 3 0 2526 2844 2669
4375 3 0 2636 2834 320
4376 3 0 2662 2840 2613
4377 3 0 323 2843 2727
4378 3 0 2743 2837 2550
4379 3 0 2377 2838 2679
4380 3 0 320 2842 2636
4381 3 0 2764 2869 2813
4382 3 0 2816 2868 2765
4383 3 0 2820 2868 2816
4384 3 0 2813 2869 2819
4385 3 0 2398 2832 2795
4386 3 0 2731 2831 2399
4387 3 0 2599 2801 2664
4388 3 0 2664 2801 2384
4389 3 0 2469 2672 2671
4390 3 0 2675 2772 2402
4391 3 0 2565 2648 2640
4392 3 0 2663 2665 2599
4393 3 0 2598 2725 2707
4394 3 0 2639 2648 2470
4395 3 0 2640 2648 2639
4396 3 0 2730 2746 2696
4397 3 0 2557 2753 2555
4398 3 0 2599 2664 2663
4399 3 0 2553 2708 2551
4400 3 0 2551 2754 2549
4401 3 0 2374 2742 327
4402 3 0 2520 2536 2535
4403 3 0 2525 2778 2526
4404 3 0 2590 2776 2626
4405 3 0 2432 2768 2437
4406 3 0 2376 2711 285
4407 3 0 2378 2686 336
4408 3 0 2430 2431 2429
4409 3 0 2434 2653 2425
4410 3 0 2616 2679 2538
4411 3 0 2810 2811 2581
4412 3 0 2652 2741 2384
4413 3 0 2567 2595 2524
4414 3 0 2383 2737 288
4415 3 0 2572 2660 2574
4416 3 0 2481 2511 2503
4417 3 0 2533 2755 2643
4418 3 0 2596 2659 2595
4419 3 0 2638 2642 2468
4420 3 0 2620 2716 2530
4421 3 0 2402 2772 299
4422 3 0 2406 2602 2408
4423 3 0 2408 2775 2410
4424 3 0 291 2693 290
4425 3 0 326 2662 325
4426 3 0 340 2390 339
4427 3 0 283 2382 282
4428 3 0 2406 2661 2602
4429 3 0 2505 2676 2478
4430 3 0 2547 2750 2545
4431 3 0 2600 2741 2652
4432 3 0 2638 2750 2547
4433 3 0 2481 2715 2511
4434 3 0 2673 2697 2594
4435 3 0 2640 2778 2565
4436 3 0 2384 2801 2652
4437 3 0 2644 2645 2563
4438 3 0 2670 2678 2375
4439 3 0 2639 2753 2557
4440 3 0 2543 2752 2541
4441 3 0 293 2677 292
4442 3 0 297 2663 296
4443 3 0 2383 2746 2736
4444 3 0 2609 2806 2721
4445 3 0 2529 2674 2610
4446 3 0 2385 2808 2646
4447 3 0 2804 2808 2385
4448 3 0 2707 2708 2598
4449 3 0 2470 2753 2639
4450 3 0 2736 2746 2730
4451 3 0 2674 2675 2610
4452 3 0 2528 2665 2529
4453 3 0 2454 2751 2468
4454 3 0 2549 2754 2638
4455 3 0 2555 2753 2598
4456 3 0 2721 2806 2718
4457 3 0 2696 2755 2533
4458 3 0 2533 2730 2696
4459 3 0 2665 2674 2529
4460 3 0 2598 2753 2725
4461 3 0 2762 2809 2403
4462 3 0 2468 2750 2638
4463 3 0 2646 2808 2800
4464 3 0 2392 2665 2663
4465 3 0 2392 2772 2674
4466 3 0 2738 2761 2376
4467 3 0 2750 2751 2601
4468 3 0 2763 2811 2810
4469 3 0 332 2666 2373
4470 3 0 2533 2643 2501
4471 3 0 2541 2752 2671
4472 3 0 2545 2750 2601
4473 3 0 295 2664 2384
4474 3 0 2392 2674 2665
4475 3 0 2672 2770 2671
4476 3 0 2489 2756 2562
4477 3 0 2591 2676 2505
4478 3 0 2734 2761 2738
4479 3 0 292 2677 2375
4480 3 0 2800 2808 2582
4481 3 0 2501 2644 2563
4482 3 0 2694 2807 2693
4483 3 0 2674 2772 2675
4484 3 0 293 2741 2677
4485 3 0 325 2662 2381
4486 3 0 2456 2751 2454
4487 3 0 2460 2672 2469
4488 3 0 2530 2716 2491
4489 3 0 2602 2775 2408
4490 3 0 2518 2685 2516
4491 3 0 2617 2783 2592
4492 3 0 2643 2755 2534
4493 3 0 2597 2697 2673
4494 3 0 273 2762 2403
4495 3 0 2646 2800 2393
4496 3 0 2685 2781 2706
4497 3 0 2634 2637 2611
4498 3 0 2638 2754 2642
4499 3 0 340 2651 2390
4500 3 0 2604 2705 2704
4501 3 0 317 2647 2397
4502 3 0 2782 2783 2621
4503 3 0 2792 2799 2531
4504 3 0 2706 2781 2462
4505 3 0 2685 2706 2655
4506 3 0 2620 2717 2716
4507 3 0 2690 2740 2561
4508 3 0 2393 2762 274
4509 3 0 2719 2720 2718
4510 3 0 2534 2755 2493
4511 3 0 2709 2712 2645
4512 3 0 2645 2749 2709
4513 3 0 2734 2738 2737
4514 3 0 2715 2717 2511
4515 3 0 2720 2721 2718
4516 3 0 2717 2718 2511
4517 3 0 2769 2778 2640
4518 3 0 2406 2407 2405
4519 3 0 2514 2656 2594
4520 3 0 2713 2735 2712
4521 3 0 288 2737 287
4522 3 0 2583 2808 2804
4523 3 0 2676 2805 2480
4524 3 0 2703 2722 2588
4525 3 0 2655 2706 2607
4526 3 0 2678 2756 2695
4527 3 0 2713 2758 2735
4528 3 0 2717 2719 2718
4529 3 0 2567 2787 2596
4530 3 0 2678 2693 2375
4531 3 0 2760 2775 2602
4532 3 0 2604 2704 2703
4533 3 0 2746 2807 2694
4534 3 0 2624 2790 2575
4535 3 0 2476 2712 2709
4536 3 0 2562 2589 2488
4537 3 0 2492 2534 2493
4538 3 0 2708 2754 2551
4539 3 0 2595 2659 2634
4540 3 0 2601 2812 2752
4541 3 0 2695 2696 2694
4542 3 0 335 2686 2682
4543 3 0 2376 2760 2711
4544 3 0 2376 2761 2760
4545 3 0 2394 2668 2667
4546 3 0 2726 2759 2544
4547 3 0 296 2664 295
4548 3 0 2736 2737 2383
4549 3 0 2560 2692 2691
4550 3 0 2632 2802 2630
4551 3 0 2729 2732 2427
4552 3 0 2466 2687 2473
4553 3 0 2507 2649 2566
4554 3 0 2564 2777 2773
4555 3 0 2569 2769 2568
4556 3 0 2575 2790 2577
4557 3 0 2604 2703 2588
4558 3 0 2773 2777 2728
4559 3 0 2650 2767 2732
4560 3 0 2428 2701 2434
4561 3 0 2434 2722 2653
4562 3 0 2699 2722 2434
4563 3 0 2471 2472 2467
4564 3 0 2657 2673 2594
4565 3 0 2433 2701 2428
4566 3 0 2433 2702 2701
4567 3 0 2472 2477 2474
4568 3 0 2480 2805 2787
4569 3 0 2631 2632 2630
4570 3 0 335 2682 334
4571 3 0 336 2686 335
4572 3 0 2394 2682 2668
4573 3 0 2709 2749 2451
4574 3 0 2476 2713 2712
4575 3 0 2476 2714 2713
4576 3 0 2516 2655 2513
4577 3 0 2538 2679 2540
4578 3 0 2606 2757 2714
4579 3 0 2630 2802 2739
4580 3 0 2714 2757 2713
4581 3 0 2435 2786 2487
4582 3 0 2487 2786 2567
4583 3 0 2492 2692 2560
4584 3 0 2560 2691 2690
4585 3 0 285 2711 284
4586 3 0 2393 2763 2762
4587 3 0 2401 2794 2793
4588 3 0 2459 2688 2463
4589 3 0 2539 2770 2536
4590 3 0 2650 2729 2566
4591 3 0 2576 2789 2573
4592 3 0 2653 2722 2703
4593 3 0 2387 2710 135
4594 3 0 2620 2719 2717
4595 3 0 2401 2793 312
4596 3 0 2606 2714 2445
4597 3 0 2476 2709 2449
4598 3 0 2563 2735 2499
4599 3 0 2595 2611 2524
4600 3 0 312 2793 311
4601 3 0 2414 2415 2412
4602 3 0 2603 2792 2604
4603 3 0 284 2711 2661
4604 3 0 2409 2747 2407
4605 3 0 2416 2417 2415
4606 3 0 2415 2684 2438
4607 3 0 2570 2684 2421
4608 3 0 2605 2733 2496
4609 3 0 2532 2599 2528
4610 3 0 2610 2619 2530
4611 3 0 2748 2792 2531
4612 3 0 2734 2736 2559
4613 3 0 2608 2796 2587
4614 3 0 2392 2663 297
4615 3 0 2382 2661 2406
4616 3 0 2422 2424 2423
4617 3 0 2481 2503 2502
4618 3 0 2517 2518 2516
4619 3 0 2700 2702 2578
4620 3 0 281 2641 280
4621 3 0 2384 2741 294
4622 3 0 327 2742 326
4623 3 0 2395 2744 329
4624 3 0 2373 2745 331
4625 3 0 2394 2666 333
4626 3 0 334 2682 2394
4627 3 0 2374 2743 2742
4628 3 0 2411 2412 2409
4629 3 0 2410 2494 2413
4630 3 0 2494 2495 2413
4631 3 0 2414 2723 2680
4632 3 0 2425 2653 2423
4633 3 0 2443 2444 2442
4634 3 0 2443 2445 2444
4635 3 0 2443 2766 2606
4636 3 0 2445 2446 2444
4637 3 0 2444 2725 2470
4638 3 0 2445 2447 2446
4639 3 0 2447 2448 2446
4640 3 0 2707 2725 2446
4641 3 0 2447 2449 2448
4642 3 0 2449 2450 2448
4643 3 0 2475 2707 2448
4644 3 0 2451 2452 2450
4645 3 0 2450 2642 2475
4646 3 0 2451 2453 2452
4647 3 0 2453 2454 2452
4648 3 0 2455 2456 2454
4649 3 0 2455 2457 2456
4650 3 0 2457 2458 2456
4651 3 0 2459 2460 2458
4652 3 0 2465 2740 2690
4653 3 0 2468 2751 2750
4654 3 0 2477 2715 2481
4655 3 0 2491 2716 2484
4656 3 0 2494 2496 2495
4657 3 0 2496 2497 2495
4658 3 0 2496 2498 2497
4659 3 0 2500 2533 2501
4660 3 0 2561 2643 2534
4661 3 0 2540 2541 2539
4662 3 0 2540 2542 2541
4663 3 0 2540 2612 2542
4664 3 0 2540 2679 2612
4665 3 0 2542 2543 2541
4666 3 0 2542 2544 2543
4667 3 0 2542 2726 2544
4668 3 0 2544 2545 2543
4669 3 0 2546 2547 2545
4670 3 0 2546 2548 2547
4671 3 0 2546 2613 2548
4672 3 0 2548 2549 2547
4673 3 0 2548 2550 2549
4674 3 0 2550 2551 2549
4675 3 0 2550 2552 2551
4676 3 0 2552 2553 2551
4677 3 0 2552 2554 2553
4678 3 0 2554 2555 2553
4679 3 0 2554 2556 2555
4680 3 0 2556 2557 2555
4681 3 0 2615 2771 2558
4682 3 0 2577 2581 2579
4683 3 0 2612 2727 2726
4684 3 0 2723 2724 2680
4685 3 0 2705 2792 2748
4686 3 0 2405 2748 2531
4687 3 0 2431 2788 2429
4688 3 0 2441 2564 2439
4689 3 0 2440 2442 2441
4690 3 0 2440 2443 2442
4691 3 0 2441 2648 2565
4692 3 0 2470 2648 2442
4693 3 0 2457 2689 2688
4694 3 0 2484 2716 2715
4695 3 0 2492 2493 2489
4696 3 0 2559 2730 2500
4697 3 0 2509 2510 2508
4698 3 0 2538 2539 2536
4699 3 0 2537 2621 2616
4700 3 0 2568 2640 2639
4701 3 0 2702 2789 2576
4702 3 0 2644 2740 2645
4703 3 0 2688 2691 2687
4704 3 0 2690 2691 2689
4705 3 0 280 2641 2372
4706 3 0 284 2661 283
4707 3 0 2396 2651 341
4708 3 0 2419 2422 2421
4709 3 0 2419 2774 2427
4710 3 0 2422 2423 2421
4711 3 0 2427 2732 2422
4712 3 0 2423 2653 2570
4713 3 0 2427 2773 2729
4714 3 0 2427 2774 2773
4715 3 0 2564 2774 2439
4716 3 0 2461 2462 2460
4717 3 0 2473 2486 2485
4718 3 0 2479 2649 2507
4719 3 0 2506 2590 2505
4720 3 0 2590 2591 2505
4721 3 0 2507 2508 2506
4722 3 0 2507 2509 2508
4723 3 0 2522 2776 2508
4724 3 0 2509 2525 2510
4725 3 0 2509 2728 2525
4726 3 0 2566 2728 2509
4727 3 0 2525 2526 2510
4728 3 0 2520 2537 2536
4729 3 0 2520 2782 2537
4730 3 0 2536 2770 2535
4731 3 0 2770 2781 2535
4732 3 0 2537 2616 2538
4733 3 0 2537 2782 2621
4734 3 0 2558 2569 2568
4735 3 0 2565 2777 2564
4736 3 0 2567 2596 2595
4737 3 0 2568 2769 2640
4738 3 0 2583 2585 2584
4739 3 0 2590 2626 2614
4740 3 0 2614 2622 2591
4741 3 0 2649 2768 2650
4742 3 0 2650 2732 2729
4743 3 0 2701 2702 2700
4744 3 0 283 2661 2382
4745 3 0 2531 2641 2404
4746 3 0 2407 2748 2405
4747 3 0 2406 2408 2407
4748 3 0 2408 2410 2409
4749 3 0 2527 2723 2413
4750 3 0 2429 2788 2433
4751 3 0 2437 2649 2479
4752 3 0 2479 2507 2506
4753 3 0 2498 2500 2499
4754 3 0 2527 2758 2757
4755 3 0 2619 2620 2530
4756 3 0 2574 2624 2575
4757 3 0 2622 2623 2591
4758 3 0 2760 2761 2605
4759 3 0 2724 2766 2680
4760 3 0 2733 2761 2734
4761 3 0 277 2385 276
4762 3 0 280 2372 279
4763 3 0 282 2404 281
4764 3 0 286 2376 285
4765 3 0 289 2383 288
4766 3 0 292 2375 291
4767 3 0 295 2384 294
4768 3 0 2397 2764 316
4769 3 0 2424 2426 2425
4770 3 0 2424 2767 2426
4771 3 0 2437 2479 2478
4772 3 0 2437 2768 2649
4773 3 0 2704 2705 2438
4774 3 0 2705 2747 2438
4775 3 0 2654 2706 2462
4776 3 0 2467 2785 2464
4777 3 0 2483 2780 2490
4778 3 0 2519 2520 2518
4779 3 0 2520 2535 2518
4780 3 0 2535 2685 2518
4781 3 0 2519 2782 2520
4782 3 0 2535 2781 2685
4783 3 0 2560 2690 2561
4784 3 0 2575 2577 2576
4785 3 0 2583 2584 2580
4786 3 0 2623 2676 2591
4787 3 0 2627 2628 2623
4788 3 0 2650 2768 2767
4789 3 0 2689 2691 2688
4790 3 0 273 2403 272
4791 3 0 2375 2693 291
4792 3 0 298 2392 297
4793 3 0 300 2402 299
4794 3 0 2405 2531 2404
4795 3 0 2426 2428 2425
4796 3 0 2426 2767 2430
4797 3 0 2430 2768 2432
4798 3 0 2432 2437 2436
4799 3 0 2437 2478 2436
4800 3 0 2478 2676 2480
4801 3 0 2592 2782 2519
4802 3 0 2733 2734 2559
4803 3 0 2603 2604 2588
4804 3 0 126 2398 127
4805 3 0 2404 2641 281
4806 3 0 2426 2429 2428
4807 3 0 2429 2433 2428
4808 3 0 2430 2432 2431
4809 3 0 2478 2480 2436
4810 3 0 2480 2786 2436
4811 3 0 2528 2529 2491
4812 3 0 2517 2521 2519
4813 3 0 319 2386 318
4814 3 0 322 2377 321
4815 3 0 325 2381 324
4816 3 0 328 2374 327
4817 3 0 329 2744 328
4818 3 0 330 2395 329
4819 3 0 331 2745 330
4820 3 0 332 2373 331
4821 3 0 333 2666 332
4822 3 0 337 2378 336
4823 3 0 2394 2667 2666
4824 3 0 2410 2411 2409
4825 3 0 2412 2747 2409
4826 3 0 2410 2413 2411
4827 3 0 2410 2775 2494
4828 3 0 2411 2414 2412
4829 3 0 2411 2723 2414
4830 3 0 2680 2766 2420
4831 3 0 2432 2435 2431
4832 3 0 2436 2786 2435
4833 3 0 2440 2766 2443
4834 3 0 2447 2714 2476
4835 3 0 2451 2749 2453
4836 3 0 2453 2749 2465
4837 3 0 2725 2753 2470
4838 3 0 2484 2715 2477
4839 3 0 2495 2758 2527
4840 3 0 2498 2499 2497
4841 3 0 2499 2735 2497
4842 3 0 2498 2733 2559
4843 3 0 2500 2501 2499
4844 3 0 2501 2563 2499
4845 3 0 2500 2730 2533
4846 3 0 2521 2593 2592
4847 3 0 2527 2724 2723
4848 3 0 2527 2757 2724
4849 3 0 2541 2671 2539
4850 3 0 2545 2601 2543
4851 3 0 2549 2638 2547
4852 3 0 2552 2618 2554
4853 3 0 2555 2598 2553
4854 3 0 2556 2615 2558
4855 3 0 2562 2670 2600
4856 3 0 2712 2735 2563
4857 3 0 2588 2722 2586
4858 3 0 2682 2686 2683
4859 3 0 2787 2805 2739
4860 3 0 317 2397 316
4861 3 0 342 2396 341
4862 3 0 2393 2800 2763
4863 3 0 2414 2680 2416
4864 3 0 2416 2420 2418
4865 3 0 2420 2440 2439
4866 3 0 2428 2434 2425
4867 3 0 2435 2482 2431
4868 3 0 2482 2788 2431
4869 3 0 2435 2487 2482
4870 3 0 2441 2565 2564
4871 3 0 2507 2566 2509
4872 3 0 2512 2514 2513
4873 3 0 2515 2697 2517
4874 3 0 2517 2697 2521
4875 3 0 2537 2538 2536
4876 3 0 2558 2771 2569
4877 3 0 2578 2702 2576
4878 3 0 2585 2586 2584
4879 3 0 2614 2635 2622
4880 3 0 2621 2636 2616
4881 3 0 2678 2694 2693
4882 3 0 2398 2795 127
4883 3 0 134 2387 135
4884 3 0 135 2710 136
4885 3 0 136 2400 137
4886 3 0 303 2399 302
4887 3 0 2388 2731 304
4888 3 0 313 2401 312
4889 3 0 316 2764 315
4890 3 0 343 2765 342
4891 3 0 2803 2804 2385
4892 3 0 2408 2409 2407
4893 3 0 2415 2438 2412
4894 3 0 2417 2684 2415
4895 3 0 2419 2421 2417
4896 3 0 2419 2427 2422
4897 3 0 2423 2570 2421
4898 3 0 2684 2704 2438
4899 3 0 2463 2687 2466
4900 3 0 2466 2473 2471
4901 3 0 2487 2523 2482
4902 3 0 2486 2489 2488
4903 3 0 2486 2692 2492
4904 3 0 2487 2567 2524
4905 3 0 2589 2698 2488
4906 3 0 2494 2605 2496
4907 3 0 2498 2559 2500
4908 3 0 2508 2776 2506
4909 3 0 2568 2639 2557
4910 3 0 2575 2576 2573
4911 3 0 2587 2588 2586
4912 3 0 2587 2603 2588
4913 3 0 2590 2614 2591
4914 3 0 127 2795 128
4915 3 0 128 2389 129
4916 3 0 131 2379 132
4917 3 0 304 2731 303
4918 3 0 305 2388 304
4919 3 0 308 2380 307
4920 3 0 311 2391 310
4921 3 0 2426 2430 2429
4922 3 0 2493 2756 2489
4923 3 0 2529 2530 2491
4924 3 0 2718 2806 2511
4925 3 0 2514 2594 2515
4926 3 0 2523 2572 2571
4927 3 0 2572 2574 2573
4928 3 0 2574 2575 2573
4929 3 0 2747 2748 2407
4930 3 0 2495 2527 2413
4931 3 0 2424 2425 2423
4932 3 0 2464 2654 2461
4933 3 0 2472 2474 2467
4934 3 0 2472 2681 2483
4935 3 0 2479 2505 2478
4936 3 0 2681 2780 2483
4937 3 0 2497 2758 2495
4938 3 0 2496 2733 2498
4939 3 0 2735 2758 2497
4940 3 0 2523 2784 2572
4941 3 0 2559 2736 2730
4942 3 0 2577 2579 2578
4943 3 0 2585 2608 2587
4944 3 0 2605 2761 2733
4945 3 0 2740 2749 2645
4946 3 0 2414 2416 2415
4947 3 0 2416 2418 2417
4948 3 0 2420 2439 2418
4949 3 0 2561 2740 2644
4950 3 0 2629 2631 2630
4951 3 0 2734 2737 2736
4952 3 0 289 2807 2383
4953 3 0 2611 2784 2524
4954 3 0 2432 2436 2435
4955 3 0 2477 2481 2474
4956 3 0 2490 2528 2491
4957 3 0 2532 2801 2599
4958 3 0 2572 2573 2571
4959 3 0 2579 2582 2580
4960 3 0 2630 2739 2628
4961 3 0 326 2742 2662
4962 3 0 328 2744 2374
4963 3 0 330 2745 2395
4964 3 0 2413 2723 2411
4965 3 0 2444 2470 2442
4966 3 0 2443 2606 2445
4967 3 0 2446 2725 2444
4968 3 0 2445 2714 2447
4969 3 0 2448 2707 2446
4970 3 0 2447 2476 2449
4971 3 0 2450 2475 2448
4972 3 0 2452 2642 2450
4973 3 0 2455 2689 2457
4974 3 0 2475 2708 2707
4975 3 0 2475 2754 2708
4976 3 0 2490 2532 2528
4977 3 0 2538 2540 2539
4978 3 0 2612 2726 2542
4979 3 0 2544 2759 2546
4980 3 0 2546 2759 2613
4981 3 0 2554 2798 2556
4982 3 0 2556 2798 2615
4983 3 0 2562 2756 2670
4984 3 0 2586 2699 2584
4985 3 0 2682 2683 2668
4986 3 0 2438 2747 2412
4987 3 0 2788 2789 2433
4988 3 0 2440 2441 2439
4989 3 0 2442 2648 2441
4990 3 0 2503 2512 2504
4991 3 0 2511 2806 2503
4992 3 0 2510 2522 2508
4993 3 0 2515 2517 2516
4994 3 0 2671 2770 2539
4995 3 0 2558 2568 2557
4996 3 0 2786 2787 2567
4997 3 0 2572 2784 2660
4998 3 0 2574 2660 2625
4999 3 0 2668 2669 2667
5000 3 0 2421 2684 2417
5001 3 0 2459 2463 2461
5002 3 0 2687 2692 2473
5003 3 0 2506 2776 2590
5004 3 0 2521 2697 2597
5005 3 0 2526 2778 2769
5006 3 0 2773 2774 2564
5007 3 0 2565 2778 2777
5008 3 0 2649 2650 2566
5009 3 0 2779 2780 2698
5010 3 0 2699 2701 2700
5011 3 0 2523 2571 2482
5012 3 0 2487 2524 2523
5013 3 0 2705 2748 2747
5014 3 0 2757 2758 2713
5015 3 0 277 2803 2385
5016 3 0 290 2807 289
5017 3 0 342 2765 2396
5018 3 0 2422 2732 2424
5019 3 0 2732 2767 2424
5020 3 0 2767 2768 2430
5021 3 0 2474 2785 2467
5022 3 0 2479 2506 2505
5023 3 0 2586 2722 2699
5024 3 0 2622 2627 2623
5025 3 0 2629 2630 2628
5026 3 0 2418 2774 2419
5027 3 0 2463 2466 2464
5028 3 0 2466 2471 2467
5029 3 0 2483 2490 2484
5030 3 0 2607 2785 2502
5031 3 0 2516 2685 2655
5032 3 0 2517 2519 2518
5033 3 0 2653 2703 2570
5034 3 0 2570 2704 2684
5035 3 0 2584 2700 2580
5036 3 0 2521 2592 2519
5037 3 0 2580 2700 2578
5038 3 0 2791 2810 2581
5039 3 0 2593 2617 2592
5040 3 0 2593 2633 2617
5041 3 0 275 2646 2393
5042 3 0 294 2741 293
5043 3 0 341 2651 340
5044 3 0 2449 2709 2451
5045 3 0 2454 2468 2452
5046 3 0 2453 2465 2455
5047 3 0 2457 2688 2459
5048 3 0 2460 2469 2458
5049 3 0 2465 2690 2689
5050 3 0 2642 2754 2475
5051 3 0 2480 2787 2786
5052 3 0 2492 2560 2534
5053 3 0 2486 2488 2485
5054 3 0 2800 2811 2763
5055 3 0 2462 2672 2460
5056 3 0 2472 2483 2477
5057 3 0 2514 2515 2513
5058 3 0 2594 2697 2515
5059 3 0 2566 2729 2728
5060 3 0 2571 2789 2788
5061 3 0 2790 2791 2581
5062 3 0 2695 2755 2696
5063 3 0 2729 2773 2728
5064 3 0 279 2797 278
5065 3 0 2796 2797 2372
5066 3 0 2481 2502 2474
5067 3 0 2512 2806 2609
5068 3 0 2524 2784 2523
5069 3 0 2607 2706 2654
5070 3 0 2628 2805 2623
5071 3 0 2383 2807 2746
5072 3 0 2473 2485 2471
5073 3 0 2587 2796 2603
5074 3 0 136 2710 2400
5075 3 0 2489 2562 2488
5076 3 0 2504 2655 2607
5077 3 0 128 2795 2389
5078 3 0 286 2738 2376
5079 3 0 303 2731 2399
5080 3 0 311 2793 2391
5081 3 0 2531 2799 2641
5082 3 0 2562 2600 2589
5083 3 0 2670 2677 2600
5084 3 0 2677 2741 2600
5085 3 0 2512 2513 2504
5086 3 0 2385 2646 276
5087 3 0 2485 2698 2681
5088 3 0 2503 2504 2502
5089 3 0 2777 2778 2525
5090 3 0 2693 2807 290
5091 3 0 2471 2681 2472
5092 3 0 2604 2792 2705
5093 3 0 2608 2803 2797
5094 3 0 274 2762 273
5095 3 0 278 2803 277
5096 3 0 2372 2799 2796
5097 3 0 2583 2804 2585
5098 3 0 2603 2799 2792
5099 3 0 276 2646 275
5100 3 0 334 2394 333
5101 3 0 299 2772 298
5102 3 0 2716 2717 2715
5103 3 0 2382 2404 282
5104 3 0 2382 2405 2404
5105 3 0 275 2393 274
5106 3 0 2641 2799 2372
5107 3 0 2592 2783 2782
5108 3 0 2654 2785 2607
5109 3 0 2529 2610 2530
5110 3 0 2532 2780 2779
5111 3 0 2656 2657 2594
5112 3 0 2456 2812 2751
5113 3 0 2601 2752 2543
5114 3 0 2663 2664 296
5115 3 0 2462 2781 2672
5116 3 0 2608 2797 2796
5117 3 0 2375 2677 2670
5118 3 0 2579 2811 2582
5119 3 0 2691 2692 2687
5120 3 0 2582 2808 2583
5121 3 0 287 2738 286
5122 3 0 2596 2802 2659
5123 3 0 2643 2644 2501
5124 3 0 2671 2752 2469
5125 3 0 2670 2756 2678
5126 3 0 2779 2801 2532
5127 3 0 2458 2812 2456
5128 3 0 2752 2812 2469
5129 3 0 2678 2695 2694
5130 3 0 318 2647 317
5131 3 0 2598 2708 2553
5132 3 0 2711 2760 2602
5133 3 0 2609 2656 2514
5134 3 0 2382 2406 2405
5135 3 0 2494 2775 2605
5136 3 0 2672 2781 2770
5137 3 0 2599 2665 2528
5138 3 0 2696 2746 2694
5139 3 0 2623 2805 2676
5140 3 0 2652 2779 2589
5141 3 0 2656 2658 2657
5142 3 0 298 2772 2392
5143 3 0 2585 2804 2608
5144 3 0 2493 2755 2695
5145 3 0 2695 2756 2493
5146 3 0 2581 2811 2579
5147 3 0 2582 2811 2800
5148 3 0 2751 2812 2601
5149 3 0 2763 2809 2762
5150 3 0 2469 2812 2458
5151 3 0 2652 2801 2779
5152 3 0 2589 2779 2698
5153 3 0 2737 2738 287
5154 3 0 2605 2775 2760
5155 3 0 2465 2749 2740
5156 3 0 2739 2802 2596
5157 3 0 2560 2561 2534
5158 3 0 2486 2492 2489
5159 3 0 2600 2652 2589
5160 3 0 2468 2642 2452
5161 3 0 2453 2455 2454
5162 3 0 2606 2766 2724
5163 3 0 2459 2461 2460
5164 3 0 2577 2790 2581
5165 3 0 2728 2777 2525
5166 3 0 2461 2654 2462
5167 3 0 2561 2644 2643
5168 3 0 2724 2757 2606
5169 3 0 2698 2780 2681
5170 3 0 2434 2701 2699
5171 3 0 2627 2629 2628
5172 3 0 2661 2711 2602
5173 3 0 2463 2464 2461
5174 3 0 2463 2688 2687
5175 3 0 2485 2681 2471
5176 3 0 2483 2484 2477
5177 3 0 2488 2698 2485
5178 3 0 2504 2607 2502
5179 3 0 2703 2704 2570
5180 3 0 2386 2647 318
5181 3 0 2449 2451 2450
5182 3 0 2465 2689 2455
5183 3 0 2457 2459 2458
5184 3 0 2466 2467 2464
5185 3 0 2513 2655 2504
5186 3 0 2645 2712 2563
5187 3 0 2439 2774 2418
5188 3 0 2433 2789 2702
5189 3 0 2515 2516 2513
5190 3 0 2521 2597 2593
5191 3 0 2596 2787 2739
5192 3 0 2473 2692 2486
5193 3 0 2502 2785 2474
5194 3 0 2574 2625 2624
5195 3 0 2420 2766 2440
5196 3 0 2464 2785 2654
5197 3 0 2416 2680 2420
5198 3 0 2503 2806 2512
5199 3 0 2418 2419 2417
5200 3 0 2595 2634 2611
5201 3 0 2372 2797 279
5202 3 0 2490 2491 2484
5203 3 0 2585 2587 2586
5204 3 0 2544 2546 2545
5205 3 0 2582 2583 2580
5206 3 0 2699 2700 2584
5207 3 0 2608 2804 2803
5208 3 0 2571 2788 2482
5209 3 0 2579 2580 2578
5210 3 0 2512 2609 2514
5211 3 0 2573 2789 2571
5212 3 0 2739 2805 2628
5213 3 0 2618 2798 2554
5214 3 0 2556 2558 2557
5215 3 0 2577 2578 2576
5216 3 0 2490 2780 2532
5217 3 0 2797 2803 278
5218 3 0 2796 2799 2603
5219 3 0 2763 2810 2809
5220 3 0 2613 2851 2662
5221 3 0 2626 2857 2378
5222 3 0 2635 2858 338
5223 3 0 2669 2860 2526
5224 3 0 2679 2862 2377
5225 3 0 2550 2864 2743
5226 3 0 2727 2866 323
5227 3 0 2388 2828 2731
5228 3 0 2795 2827 2389
5229 3 0 302 2815 301
5230 3 0 314 2813 313
5231 3 0 125 2814 126
5232 3 0 137 2816 138
5233 3 0 129 2818 130
5234 3 0 306 2817 305
5235 3 0 2387 2825 2710
5236 3 0 130 2821 131
5237 3 0 307 2822 306
5238 3 0 2401 2819 2794
5239 3 0 313 2813 2401
5240 3 0 2400 2816 137
5241 3 0 2399 2815 302
5242 3 0 126 2814 2398
5243 3 0 2637 2824 2611
5244 3 0 2721 2823 2609
5245 3 0 2656 2823 2658
5246 3 0 2784 2824 2660
5247 3 0 2632 2825 2802
5248 3 0 2793 2826 2391
5249 3 0 2624 2827 2790
5250 3 0 2620 2828 2719
5251 3 0 134 2830 2387
5252 3 0 2391 2829 310
5253 3 0 2810 2832 2809
5254 3 0 2675 2831 2610
5255 3 0 2769 2844 2526
5256 3 0 339 2835 338
5257 3 0 320 2834 319
5258 3 0 2626 2839 2614
5259 3 0 2550 2837 2552
5260 3 0 2522 2836 2776
5261 3 0 2683 2833 2668
5262 3 0 324 2843 323
5263 3 0 321 2842 320
5264 3 0 2679 2838 2612
5265 3 0 2742 2840 2662
5266 3 0 272 2845 1
5267 3 0 1 2845 125
5268 3 0 138 2848 2
5269 3 0 301 2847 4
5270 3 0 5 2846 314
5271 3 0 2 2848 343
5272 3 0 4 2847 300
5273 3 0 315 2846 5
5274 3 0 305 2817 2388
5275 3 0 2389 2818 129
5276 3 0 2635 2859 2622
5277 3 0 2613 2864 2548
5278 3 0 2686 2857 2683
5279 3 0 2727 2863 2726
5280 3 0 322 2866 2377
5281 3 0 337 2858 2378
5282 3 0 2374 2867 2743
5283 3 0 2621 2865 2636
5284 3 0 2510 2860 2522
5285 3 0 2636 2862 2616
5286 3 0 2667 2861 2666
5287 3 0 2631 2820 2632
5288 3 0 2597 2826 2794
5289 3 0 309 2829 2658
5290 3 0 2637 2830 133
5291 3 0 131 2821 2379
5292 3 0 2380 2822 307
5293 3 0 2634 2830 2637
5294 3 0 2658 2829 2657
5295 3 0 2609 2823 2656
5296 3 0 2611 2824 2784
5297 3 0 2813 2819 2401
5298 3 0 2400 2820 2816
5299 3 0 2673 2826 2597
5300 3 0 2802 2825 2659
5301 3 0 2683 2857 2836
5302 3 0 2841 2861 2667
5303 3 0 2835 2859 2635
5304 3 0 2636 2865 2834
5305 3 0 2377 2866 2838
5306 3 0 2743 2867 2837
5307 3 0 2843 2863 2727
5308 3 0 2840 2864 2613
5309 3 0 2842 2862 2636
5310 3 0 2522 2860 2833
5311 3 0 2378 2858 2839
5312 3 0 2794 2826 2793
5313 3 0 2619 2828 2620
5314 3 0 2790 2827 2791
5315 3 0 310 2829 309
5316 3 0 133 2830 134
5317 3 0 2610 2831 2619
5318 3 0 2791 2832 2810
5319 3 0 319 2834 2386
5320 3 0 2614 2839 2635
5321 3 0 2776 2836 2626
5322 3 0 2612 2838 2727
5323 3 0 2668 2833 2669
5324 3 0 2841 2844 2569
5325 3 0 2552 2837 2618
5326 3 0 2381 2843 324
5327 3 0 2390 2835 339
5328 3 0 2569 2844 2769
5329 3 0 2377 2842 321
5330 3 0 2743 2840 2742
5331 3 0 2771 2841 2569
5332 3 0 314 2846 2813
5333 3 0 125 2845 2814
5334 3 0 2815 2847 301
5335 3 0 2816 2848 138
5336 3 0 300 2847 2402
5337 3 0 2403 2845 272
5338 3 0 2764 2846 315
5339 3 0 343 2848 2765
5340 3 0 2850 2868 2631
5341 3 0 2633 2869 2856
5342 3 0 2849 2859 2390
5343 3 0 2618 2867 2854
5344 3 0 2386 2865 2852
5345 3 0 2853 2861 2771
5346 3 0 2851 2863 2381
5347 3 0 2617 2856 2852
5348 3 0 2852 2856 2647
5349 3 0 2662 2851 2381
5350 3 0 2647 2856 2397
5351 3 0 2849 2850 2629
5352 3 0 2629 2850 2631
5353 3 0 2627 2849 2629
5354 3 0 2396 2850 2651
5355 3 0 2651 2850 2849
5356 3 0 2651 2849 2390
5357 3 0 2633 2856 2617
5358 3 0 2386 2852 2647
5359 3 0 2759 2851 2613
5360 3 0 2395 2854 2744
5361 3 0 2798 2855 2615
5362 3 0 2615 2853 2771
5363 3 0 2615 2855 2853
5364 3 0 2373 2853 2745
5365 3 0 2745 2855 2395
5366 3 0 2618 2854 2798
5367 3 0 2617 2852 2783
5368 3 0 2395 2855 2854
5369 3 0 2854 2855 2798
5370 3 0 2853 2855 2745
5371 3 0 2854 2867 2744
5372 3 0 2627 2859 2849
5373 3 0 2373 2861 2853
5374 3 0 2852 2865 2783
5375 3 0 2759 2863 2851
5376 3 0 2666 2861 2373
5377 3 0 2783 2865 2621
5378 3 0 338 2858 337
5379 3 0 2378 2857 2686
5380 3 0 2622 2859 2627
5381 3 0 2526 2860 2510
5382 3 0 2616 2862 2679
5383 3 0 2548 2864 2550
5384 3 0 2726 2863 2759
5385 3 0 323 2866 322
5386 3 0 2744 2867 2374
5387 3 0 2396 2868 2850
5388 3 0 2856 2869 2397
5389 3 0 2765 2868 2396
5390 3 0 2397 2869 2764
5391 3 0 2813 2846 2764
5392 3 0 2765 2848 2816
5393 3 0 2814 2845 2403
5394 3 0 2402 2847 2815
5395 3 0 2819 2869 2633
5396 3 0 2631 2868 2820
5397 3 0 2836 2857 2626
5398 3 0 2839 2858 2635
5399 3 0 2834 2865 2386
5400 3 0 2833 2860 2669
5401 3 0 2838 2866 2727
5402 3 0 2837 2867 2618
5403 3 0 2390 2859 2835
5404 3 0 2771 2861 2841
5405 3 0 2743 2864 2840
5406 3 0 2381 2863 2843
5407 3 0 2377 2862 2842
