$MeshFormat
4.1 0 8
$EndMeshFormat
$PhysicalNames
3
1 1 "FixedSupport"
1 2 "AppliedLoad"
2 10 "BeamMaterial"
$EndPhysicalNames
$Entities
6 7 2 0
1 0 0 0 0 
2 8 0 0 0 
3 8 1 0 0 
4 0 1 0 0 
5 10 0 0 0 
6 10 1 0 0 
1 -9.999999983634211e-08 -1e-07 -1e-07 8.000000099999999 1e-07 1e-07 0 2 1 -2 
2 7.9999999 -1.000000000583867e-07 -1.000000000555111e-07 8.000000099999999 1.0000001 1.000000000555111e-07 0 2 2 -3 
3 -9.999999983634211e-08 0.9999999000000001 -1e-07 8.000000099999999 1.0000001 1e-07 0 2 3 -4 
4 -1e-07 -9.999999994736442e-08 -1e-07 1e-07 1.0000001 1e-07 1 1 2 4 -1 
5 7.9999999 -1e-07 -1e-07 10.0000001 1e-07 1e-07 0 2 2 -5 
6 9.999999900000001 -9.999999994736442e-08 -1e-07 10.0000001 1.0000001 1e-07 0 2 5 -6 
7 7.9999999 0.9999999000000001 -1e-07 10.0000001 1.0000001 1e-07 1 2 2 6 -3 
1 -9.999999983634211e-08 -1.000000000583867e-07 -1.000000000555111e-07 8.000000099999999 1.0000001 1.000000000555111e-07 1 10 4 1 2 3 4 
2 7.9999999 -1.000000000583867e-07 -1.000000000555111e-07 10.0000001 1.0000001 1.000000000555111e-07 1 10 4 5 6 7 -2 
$EndEntities
$Nodes
15 2870 1 2870
0 1 0 1
1
0 0 0
0 2 0 1
2
8 0 0
0 3 0 1
3
8 1 0
0 4 0 1
4
0 1 0
0 5 0 1
5
10 0 0
0 6 0 1
6
10 1 0
1 1 0 119
7
8
9
10
11
12
13
14
15
16
17
18
19
20
21
22
23
24
25
26
27
28
29
30
31
32
33
34
35
36
37
38
39
40
41
42
43
44
45
46
47
48
49
50
51
52
53
54
55
56
57
58
59
60
61
62
63
64
65
66
67
68
69
70
71
72
73
74
75
76
77
78
79
80
81
82
83
84
85
86
87
88
89
90
91
92
93
94
95
96
97
98
99
100
101
102
103
104
105
106
107
108
109
110
111
112
113
114
115
116
117
118
119
120
121
122
123
124
125
0.06666666666666667 0 0
0.1333333333333333 0 0
0.2 0 0
0.2666666666666667 0 0
0.3333333333333333 0 0
0.4 0 0
0.4666666666666667 0 0
0.5333333333333333 0 0
0.6 0 0
0.6666666666666666 0 0
0.7333333333333333 0 0
0.8 0 0
0.8666666666666667 0 0
0.9333333333333333 0 0
1 0 0
1.066666666666667 0 0
1.133333333333333 0 0
1.2 0 0
1.266666666666667 0 0
1.333333333333333 0 0
1.4 0 0
1.466666666666667 0 0
1.533333333333333 0 0
1.6 0 0
1.666666666666667 0 0
1.733333333333333 0 0
1.8 0 0
1.866666666666667 0 0
1.933333333333333 0 0
2 0 0
2.066666666666667 0 0
2.133333333333333 0 0
2.2 0 0
2.266666666666667 0 0
2.333333333333333 0 0
2.4 0 0
2.466666666666667 0 0
2.533333333333333 0 0
2.6 0 0
2.666666666666667 0 0
2.733333333333333 0 0
2.8 0 0
2.866666666666667 0 0
2.933333333333333 0 0
3 0 0
3.066666666666667 0 0
3.133333333333333 0 0
3.2 0 0
3.266666666666667 0 0
3.333333333333333 0 0
3.4 0 0
3.466666666666667 0 0
3.533333333333333 0 0
3.6 0 0
3.666666666666667 0 0
3.733333333333333 0 0
3.8 0 0
3.866666666666667 0 0
3.933333333333333 0 0
4 0 0
4.066666666666666 0 0
4.133333333333334 0 0
4.2 0 0
4.266666666666667 0 0
4.333333333333333 0 0
4.4 0 0
4.466666666666667 0 0
4.533333333333333 0 0
4.6 0 0
4.666666666666667 0 0
4.733333333333333 0 0
4.8 0 0
4.866666666666666 0 0
4.933333333333334 0 0
5 0 0
5.066666666666666 0 0
5.133333333333334 0 0
5.2 0 0
5.266666666666667 0 0
5.333333333333333 0 0
5.4 0 0
5.466666666666667 0 0
5.533333333333333 0 0
5.6 0 0
5.666666666666667 0 0
5.733333333333333 0 0
5.8 0 0
5.866666666666666 0 0
5.933333333333334 0 0
6 0 0
6.066666666666666 0 0
6.133333333333334 0 0
6.2 0 0
6.266666666666667 0 0
6.333333333333333 0 0
6.4 0 0
6.466666666666667 0 0
6.533333333333333 0 0
6.6 0 0
6.666666666666667 0 0
6.733333333333333 0 0
6.8 0 0
6.866666666666666 0 0
6.933333333333334 0 0
7 0 0
7.066666666666666 0 0
7.133333333333334 0 0
7.2 0 0
7.266666666666667 0 0
7.333333333333333 0 0
7.4 0 0
7.466666666666667 0 0
7.533333333333333 0 0
7.6 0 0
7.666666666666667 0 0
7.733333333333333 0 0
7.8 0 0
7.866666666666666 0 0
7.933333333333334 0 0
1 2 0 14
126
127
128
129
130
131
132
133
134
135
136
137
138
139
8 0.06666666666666667 0
8 0.1333333333333333 0
8 0.2 0
8 0.2666666666666667 0
8 0.3333333333333333 0
8 0.4 0
8 0.4666666666666667 0
8 0.5333333333333333 0
8 0.6 0
8 0.6666666666666666 0
8 0.7333333333333333 0
8 0.8 0
8 0.8666666666666667 0
8 0.9333333333333333 0
1 3 0 119
140
141
142
143
144
145
146
147
148
149
150
151
152
153
154
155
156
157
158
159
160
161
162
163
164
165
166
167
168
169
170
171
172
173
174
175
176
177
178
179
180
181
182
183
184
185
186
187
188
189
190
191
192
193
194
195
196
197
198
199
200
201
202
203
204
205
206
207
208
209
210
211
212
213
214
215
216
217
218
219
220
221
222
223
224
225
226
227
228
229
230
231
232
233
234
235
236
237
238
239
240
241
242
243
244
245
246
247
248
249
250
251
252
253
254
255
256
257
258
7.933333333333334 1 0
7.866666666666666 1 0
7.8 1 0
7.733333333333333 1 0
7.666666666666667 1 0
7.6 1 0
7.533333333333333 1 0
7.466666666666667 1 0
7.4 1 0
7.333333333333333 1 0
7.266666666666667 1 0
7.2 1 0
7.133333333333333 1 0
7.066666666666666 1 0
7 1 0
6.933333333333334 1 0
6.866666666666667 1 0
6.8 1 0
6.733333333333333 1 0
6.666666666666667 1 0
6.6 1 0
6.533333333333333 1 0
6.466666666666667 1 0
6.4 1 0
6.333333333333333 1 0
6.266666666666667 1 0
6.2 1 0
6.133333333333333 1 0
6.066666666666666 1 0
6 1 0
5.933333333333334 1 0
5.866666666666667 1 0
5.8 1 0
5.733333333333333 1 0
5.666666666666666 1 0
5.6 1 0
5.533333333333333 1 0
5.466666666666667 1 0
5.4 1 0
5.333333333333334 1 0
5.266666666666667 1 0
5.2 1 0
5.133333333333333 1 0
5.066666666666666 1 0
5 1 0
4.933333333333334 1 0
4.866666666666667 1 0
4.8 1 0
4.733333333333333 1 0
4.666666666666666 1 0
4.6 1 0
4.533333333333333 1 0
4.466666666666667 1 0
4.4 1 0
4.333333333333334 1 0
4.266666666666667 1 0
4.2 1 0
4.133333333333333 1 0
4.066666666666666 1 0
4 1 0
3.933333333333334 1 0
3.866666666666666 1 0
3.8 1 0
3.733333333333333 1 0
3.666666666666667 1 0
3.6 1 0
3.533333333333333 1 0
3.466666666666667 1 0
3.4 1 0
3.333333333333333 1 0
3.266666666666667 1 0
3.2 1 0
3.133333333333334 1 0
3.066666666666666 1 0
3 1 0
2.933333333333334 1 0
2.866666666666666 1 0
2.8 1 0
2.733333333333333 1 0
2.666666666666667 1 0
2.6 1 0
2.533333333333333 1 0
2.466666666666667 1 0
2.4 1 0
2.333333333333333 1 0
2.266666666666667 1 0
2.2 1 0
2.133333333333334 1 0
2.066666666666666 1 0
2 1 0
1.933333333333334 1 0
1.866666666666666 1 0
1.8 1 0
1.733333333333333 1 0
1.666666666666667 1 0
1.6 1 0
1.533333333333333 1 0
1.466666666666667 1 0
1.4 1 0
1.333333333333333 1 0
1.266666666666667 1 0
1.2 1 0
1.133333333333334 1 0
1.066666666666666 1 0
1 1 0
0.9333333333333336 1 0
0.8666666666666663 1 0
0.7999999999999998 1 0
0.7333333333333334 1 0
0.666666666666667 1 0
0.5999999999999996 1 0
0.5333333333333332 1 0
0.4666666666666668 1 0
0.4000000000000004 1 0
0.333333333333333 1 0
0.2666666666666666 1 0
0.2000000000000002 1 0
0.1333333333333337 1 0
0.06666666666666643 1 0
1 4 0 14
259
260
261
262
263
264
265
266
267
268
269
270
271
272
0 0.9333333333333333 0
0 0.8666666666666667 0
0 0.8 0
0 0.7333333333333334 0
0 0.6666666666666667 0
0 0.6 0
0 0.5333333333333333 0
0 0.4666666666666667 0
0 0.4 0
0 0.3333333333333334 0
0 0.2666666666666667 0
0 0.2 0
0 0.1333333333333333 0
0 0.06666666666666665 0
1 5 0 29
273
274
275
276
277
278
279
280
281
282
283
284
285
286
287
288
289
290
291
292
293
294
295
296
297
298
299
300
301
8.066666666666666 0 0
8.133333333333333 0 0
8.199999999999999 0 0
8.266666666666667 0 0
8.333333333333334 0 0
8.4 0 0
8.466666666666667 0 0
8.533333333333333 0 0
8.6 0 0
8.666666666666666 0 0
8.733333333333333 0 0
8.800000000000001 0 0
8.866666666666667 0 0
8.933333333333334 0 0
9 0 0
9.066666666666666 0 0
9.133333333333333 0 0
9.199999999999999 0 0
9.266666666666666 0 0
9.333333333333334 0 0
9.4 0 0
9.466666666666667 0 0
9.533333333333333 0 0
9.6 0 0
9.666666666666666 0 0
9.733333333333334 0 0
9.800000000000001 0 0
9.866666666666667 0 0
9.933333333333334 0 0
1 6 0 14
302
303
304
305
306
307
308
309
310
311
312
313
314
315
10 0.06666666666666667 0
10 0.1333333333333333 0
10 0.2 0
10 0.2666666666666667 0
10 0.3333333333333333 0
10 0.4 0
10 0.4666666666666667 0
10 0.5333333333333333 0
10 0.6 0
10 0.6666666666666666 0
10 0.7333333333333333 0
10 0.8 0
10 0.8666666666666667 0
10 0.9333333333333333 0
1 7 0 29
316
317
318
319
320
321
322
323
324
325
326
327
328
329
330
331
332
333
334
335
336
337
338
339
340
341
342
343
344
9.933333333333334 1 0
9.866666666666667 1 0
9.800000000000001 1 0
9.733333333333333 1 0
9.666666666666666 1 0
9.6 1 0
9.533333333333333 1 0
9.466666666666667 1 0
9.4 1 0
9.333333333333334 1 0
9.266666666666667 1 0
9.199999999999999 1 0
9.133333333333333 1 0
9.066666666666666 1 0
9 1 0
8.933333333333334 1 0
8.866666666666667 1 0
8.800000000000001 1 0
8.733333333333334 1 0
8.666666666666666 1 0
8.6 1 0
8.533333333333333 1 0
8.466666666666667 1 0
8.4 1 0
8.333333333333334 1 0
8.266666666666666 1 0
8.199999999999999 1 0
8.133333333333333 1 0
8.066666666666666 1 0
2 1 0 2028
345
346
347
348
349
350
351
352
353
354
355
356
357
358
359
360
361
362
363
364
365
366
367
368
369
370
371
372
373
374
375
376
377
378
379
380
381
382
383
384
385
386
387
388
389
390
391
392
393
394
395
396
397
398
399
400
401
402
403
404
405
406
407
408
409
410
411
412
413
414
415
416
417
418
419
420
421
422
423
424
425
426
427
428
429
430
431
432
433
434
435
436
437
438
439
440
441
442
443
444
445
446
447
448
449
450
451
452
453
454
455
456
457
458
459
460
461
462
463
464
465
466
467
468
469
470
471
472
473
474
475
476
477
478
479
480
481
482
483
484
485
486
487
488
489
490
491
492
493
494
495
496
497
498
499
500
501
502
503
504
505
506
507
508
509
510
511
512
513
514
515
516
517
518
519
520
521
522
523
524
525
526
527
528
529
530
531
532
533
534
535
536
537
538
539
540
541
542
543
544
545
546
547
548
549
550
551
552
553
554
555
556
557
558
559
560
561
562
563
564
565
566
567
568
569
570
571
572
573
574
575
576
577
578
579
580
581
582
583
584
585
586
587
588
589
590
591
592
593
594
595
596
597
598
599
600
601
602
603
604
605
606
607
608
609
610
611
612
613
614
615
616
617
618
619
620
621
622
623
624
625
626
627
628
629
630
631
632
633
634
635
636
637
638
639
640
641
642
643
644
645
646
647
648
649
650
651
652
653
654
655
656
657
658
659
660
661
662
663
664
665
666
667
668
669
670
671
672
673
674
675
676
677
678
679
680
681
682
683
684
685
686
687
688
689
690
691
692
693
694
695
696
697
698
699
700
701
702
703
704
705
706
707
708
709
710
711
712
713
714
715
716
717
718
719
720
721
722
723
724
725
726
727
728
729
730
731
732
733
734
735
736
737
738
739
740
741
742
743
744
745
746
747
748
749
750
751
752
753
754
755
756
757
758
759
760
761
762
763
764
765
766
767
768
769
770
771
772
773
774
775
776
777
778
779
780
781
782
783
784
785
786
787
788
789
790
791
792
793
794
795
796
797
798
799
800
801
802
803
804
805
806
807
808
809
810
811
812
813
814
815
816
817
818
819
820
821
822
823
824
825
826
827
828
829
830
831
832
833
834
835
836
837
838
839
840
841
842
843
844
845
846
847
848
849
850
851
852
853
854
855
856
857
858
859
860
861
862
863
864
865
866
867
868
869
870
871
872
873
874
875
876
877
878
879
880
881
882
883
884
885
886
887
888
889
890
891
892
893
894
895
896
897
898
899
900
901
902
903
904
905
906
907
908
909
910
911
912
913
914
915
916
917
918
919
920
921
922
923
924
925
926
927
928
929
930
931
932
933
934
935
936
937
938
939
940
941
942
943
944
945
946
947
948
949
950
951
952
953
954
955
956
957
958
959
960
961
962
963
964
965
966
967
968
969
970
971
972
973
974
975
976
977
978
979
980
981
982
983
984
985
986
987
988
989
990
991
992
993
994
995
996
997
998
999
1000
1001
1002
1003
1004
1005
1006
1007
1008
1009
1010
1011
1012
1013
1014
1015
1016
1017
1018
1019
1020
1021
1022
1023
1024
1025
1026
1027
1028
1029
1030
1031
1032
1033
1034
1035
1036
1037
1038
1039
1040
1041
1042
1043
1044
1045
1046
1047
1048
1049
1050
1051
1052
1053
1054
1055
1056
1057
1058
1059
1060
1061
1062
1063
1064
1065
1066
1067
1068
1069
1070
1071
1072
1073
1074
1075
1076
1077
1078
1079
1080
1081
1082
1083
1084
1085
1086
1087
1088
1089
1090
1091
1092
1093
1094
1095
1096
1097
1098
1099
1100
1101
1102
1103
1104
1105
1106
1107
1108
1109
1110
1111
1112
1113
1114
1115
1116
1117
1118
1119
1120
1121
1122
1123
1124
1125
1126
1127
1128
1129
1130
1131
1132
1133
1134
1135
1136
1137
1138
1139
1140
1141
1142
1143
1144
1145
1146
1147
1148
1149
1150
1151
1152
1153
1154
1155
1156
1157
1158
1159
1160
1161
1162
1163
1164
1165
1166
1167
1168
1169
1170
1171
1172
1173
1174
1175
1176
1177
1178
1179
1180
1181
1182
1183
1184
1185
1186
1187
1188
1189
1190
1191
1192
1193
1194
1195
1196
1197
1198
1199
1200
1201
1202
1203
1204
1205
1206
1207
1208
1209
1210
1211
1212
1213
1214
1215
1216
1217
1218
1219
1220
1221
1222
1223
1224
1225
1226
1227
1228
1229
1230
1231
1232
1233
1234
1235
1236
1237
1238
1239
1240
1241
1242
1243
1244
1245
1246
1247
1248
1249
1250
1251
1252
1253
1254
1255
1256
1257
1258
1259
1260
1261
1262
1263
1264
1265
1266
1267
1268
1269
1270
1271
1272
1273
1274
1275
1276
1277
1278
1279
1280
1281
1282
1283
1284
1285
1286
1287
1288
1289
1290
1291
1292
1293
1294
1295
1296
1297
1298
1299
1300
1301
1302
1303
1304
1305
1306
1307
1308
1309
1310
1311
1312
1313
1314
1315
1316
1317
1318
1319
1320
1321
1322
1323
1324
1325
1326
1327
1328
1329
1330
1331
1332
1333
1334
1335
1336
1337
1338
1339
1340
1341
1342
1343
1344
1345
1346
1347
1348
1349
1350
1351
1352
1353
1354
1355
1356
1357
1358
1359
1360
1361
1362
1363
1364
1365
1366
1367
1368
1369
1370
1371
1372
1373
1374
1375
1376
1377
1378
1379
1380
1381
1382
1383
1384
1385
1386
1387
1388
1389
1390
1391
1392
1393
1394
1395
1396
1397
1398
1399
1400
1401
1402
1403
1404
1405
1406
1407
1408
1409
1410
1411
1412
1413
1414
1415
1416
1417
1418
1419
1420
1421
1422
1423
1424
1425
1426
1427
1428
1429
1430
1431
1432
1433
1434
1435
1436
1437
1438
1439
1440
1441
1442
1443
1444
1445
1446
1447
1448
1449
1450
1451
1452
1453
1454
1455
1456
1457
1458
1459
1460
1461
1462
1463
1464
1465
1466
1467
1468
1469
1470
1471
1472
1473
1474
1475
1476
1477
1478
1479
1480
1481
1482
1483
1484
1485
1486
1487
1488
1489
1490
1491
1492
1493
1494
1495
1496
1497
1498
1499
1500
1501
1502
1503
1504
1505
1506
1507
1508
1509
1510
1511
1512
1513
1514
1515
1516
1517
1518
1519
1520
1521
1522
1523
1524
1525
1526
1527
1528
1529
1530
1531
1532
1533
1534
1535
1536
1537
1538
1539
1540
1541
1542
1543
1544
1545
1546
1547
1548
1549
1550
1551
1552
1553
1554
1555
1556
1557
1558
1559
1560
1561
1562
1563
1564
1565
1566
1567
1568
1569
1570
1571
1572
1573
1574
1575
1576
1577
1578
1579
1580
1581
1582
1583
1584
1585
1586
1587
1588
1589
1590
1591
1592
1593
1594
1595
1596
1597
1598
1599
1600
1601
1602
1603
1604
1605
1606
1607
1608
1609
1610
1611
1612
1613
1614
1615
1616
1617
1618
1619
1620
1621
1622
1623
1624
1625
1626
1627
1628
1629
1630
1631
1632
1633
1634
1635
1636
1637
1638
1639
1640
1641
1642
1643
1644
1645
1646
1647
1648
1649
1650
1651
1652
1653
1654
1655
1656
1657
1658
1659
1660
1661
1662
1663
1664
1665
1666
1667
1668
1669
1670
1671
1672
1673
1674
1675
1676
1677
1678
1679
1680
1681
1682
1683
1684
1685
1686
1687
1688
1689
1690
1691
1692
1693
1694
1695
1696
1697
1698
1699
1700
1701
1702
1703
1704
1705
1706
1707
1708
1709
1710
1711
1712
1713
1714
1715
1716
1717
1718
1719
1720
1721
1722
1723
1724
1725
1726
1727
1728
1729
1730
1731
1732
1733
1734
1735
1736
1737
1738
1739
1740
1741
1742
1743
1744
1745
1746
1747
1748
1749
1750
1751
1752
1753
1754
1755
1756
1757
1758
1759
1760
1761
1762
1763
1764
1765
1766
1767
1768
1769
1770
1771
1772
1773
1774
1775
1776
1777
1778
1779
1780
1781
1782
1783
1784
1785
1786
1787
1788
1789
1790
1791
1792
1793
1794
1795
1796
1797
1798
1799
1800
1801
1802
1803
1804
1805
1806
1807
1808
1809
1810
1811
1812
1813
1814
1815
1816
1817
1818
1819
1820
1821
1822
1823
1824
1825
1826
1827
1828
1829
1830
1831
1832
1833
1834
1835
1836
1837
1838
1839
1840
1841
1842
1843
1844
1845
1846
1847
1848
1849
1850
1851
1852
1853
1854
1855
1856
1857
1858
1859
1860
1861
1862
1863
1864
1865
1866
1867
1868
1869
1870
1871
1872
1873
1874
1875
1876
1877
1878
1879
1880
1881
1882
1883
1884
1885
1886
1887
1888
1889
1890
1891
1892
1893
1894
1895
1896
1897
1898
1899
1900
1901
1902
1903
1904
1905
1906
1907
1908
1909
1910
1911
1912
1913
1914
1915
1916
1917
1918
1919
1920
1921
1922
1923
1924
1925
1926
1927
1928
1929
1930
1931
1932
1933
1934
1935
1936
1937
1938
1939
1940
1941
1942
1943
1944
1945
1946
1947
1948
1949
1950
1951
1952
1953
1954
1955
1956
1957
1958
1959
1960
1961
1962
1963
1964
1965
1966
1967
1968
1969
1970
1971
1972
1973
1974
1975
1976
1977
1978
1979
1980
1981
1982
1983
1984
1985
1986
1987
1988
1989
1990
1991
1992
1993
1994
1995
1996
1997
1998
1999
2000
2001
2002
2003
2004
2005
2006
2007
2008
2009
2010
2011
2012
2013
2014
2015
2016
2017
2018
2019
2020
2021
2022
2023
2024
2025
2026
2027
2028
2029
2030
2031
2032
2033
2034
2035
2036
2037
2038
2039
2040
2041
2042
2043
2044
2045
2046
2047
2048
2049
2050
2051
2052
2053
2054
2055
2056
2057
2058
2059
2060
2061
2062
2063
2064
2065
2066
2067
2068
2069
2070
2071
2072
2073
2074
2075
2076
2077
2078
2079
2080
2081
2082
2083
2084
2085
2086
2087
2088
2089
2090
2091
2092
2093
2094
2095
2096
2097
2098
2099
2100
2101
2102
2103
2104
2105
2106
2107
2108
2109
2110
2111
2112
2113
2114
2115
2116
2117
2118
2119
2120
2121
2122
2123
2124
2125
2126
2127
2128
2129
2130
2131
2132
2133
2134
2135
2136
2137
2138
2139
2140
2141
2142
2143
2144
2145
2146
2147
2148
2149
2150
2151
2152
2153
2154
2155
2156
2157
2158
2159
2160
2161
2162
2163
2164
2165
2166
2167
2168
2169
2170
2171
2172
2173
2174
2175
2176
2177
2178
2179
2180
2181
2182
2183
2184
2185
2186
2187
2188
2189
2190
2191
2192
2193
2194
2195
2196
2197
2198
2199
2200
2201
2202
2203
2204
2205
2206
2207
2208
2209
2210
2211
2212
2213
2214
2215
2216
2217
2218
2219
2220
2221
2222
2223
2224
2225
2226
2227
2228
2229
2230
2231
2232
2233
2234
2235
2236
2237
2238
2239
2240
2241
2242
2243
2244
2245
2246
2247
2248
2249
2250
2251
2252
2253
2254
2255
2256
2257
2258
2259
2260
2261
2262
2263
2264
2265
2266
2267
2268
2269
2270
2271
2272
2273
2274
2275
2276
2277
2278
2279
2280
2281
2282
2283
2284
2285
2286
2287
2288
2289
2290
2291
2292
2293
2294
2295
2296
2297
2298
2299
2300
2301
2302
2303
2304
2305
2306
2307
2308
2309
2310
2311
2312
2313
2314
2315
2316
2317
2318
2319
2320
2321
2322
2323
2324
2325
2326
2327
2328
2329
2330
2331
2332
2333
2334
2335
2336
2337
2338
2339
2340
2341
2342
2343
2344
2345
2346
2347
2348
2349
2350
2351
2352
2353
2354
2355
2356
2357
2358
2359
2360
2361
2362
2363
2364
2365
2366
2367
2368
2369
2370
2371
2372
2.100000000000009 0.05773502691935767 0
2.366666666666674 0.05773502691931237 0
2.63333333333334 0.05773502691941279 0
2.900000000000007 0.05773502691922139 0
3.166666666666674 0.05773502691906962 0
3.433333333333341 0.05773502691904908 0
3.700000000000007 0.05773502691909504 0
3.966666666666673 0.05773502691905397 0
4.23333333333334 0.05773502691901289 0
4.5 0.05773502691896237 0
4.766666666666667 0.05773502691895827 0
5.033333333333333 0.05773502691896237 0
5.3 0.05773502691896237 0
5.566666666666666 0.05773502691896237 0
5.833333333333333 0.05773502691896237 0
6.1 0.05773502691896237 0
6.366666666666732 0.05773502691869925 0
6.7 0.05773502691896237 0
6.966666666666667 0.05773502691896237 0
7.233333333333333 0.05773502691896237 0
7.5 0.05773502691896237 0
0.6988510966311718 0.9462325365550406 0
1.098069842340367 0.9415211642084752 0
1.366666666666667 0.9422649730810376 0
1.633333333333333 0.9422649730810376 0
1.899999999999999 0.9422649730810375 0
0.5000000000000089 0.05773502691960408 0
0.9000000000000008 0.05773502691896254 0
7.366666666666667 0.9422649730810365 0
6.833333333333333 0.9422649730810376 0
6.566666666666666 0.9422649730810376 0
6.233333333333332 0.9422649730810378 0
5.7 0.9422649730810376 0
5.166666666666667 0.9422649730810377 0
4.9 0.9422649730810376 0
4.633333333333333 0.9422649730810376 0
4.364736509007113 0.9352901605507467 0
2.233333333333333 0.9422649730810374 0
3.031403175673747 0.9352901605509751 0
2.766666666666667 0.9422649730810377 0
7.1 0.9455962763599342 0
5.966666666666667 0.9422649730810376 0
5.433333333333334 0.9422649730810376 0
4.1 0.9422649730810376 0
3.833333333333333 0.9422649730810375 0
3.566666666666666 0.9422649730810376 0
3.3 0.9455962763601768 0
2.5 0.9422649730810384 0
1.233333333333342 0.05773502691978372 0
1.500000000000008 0.05773502691971677 0
1.766666666666673 0.05773502691941967 0
7.941266352428061 0.5003125544879055 0
0.05873364757192867 0.5003125544882774 0
0.433333333333334 0.9422649730810376 0
7.562806351347687 0.9363513122512834 0
0.7000000000000153 0.05773502691925847 0
0.89803045136772 0.9424268826874554 0
7.700000000000003 0.05773502691897336 0
0.05949051858993215 0.3039808455154213 0
7.936332658241754 0.6960863951869676 0
0.06366734175845234 0.6960863951878048 0
7.940509481410224 0.3039808455146794 0
0.3000000000000069 0.05773502691895882 0
7.764736509007184 0.9415211642065414 0
0.2333333333333325 0.9422649730810376 0
1.233333333333333 0.9422649730810376 0
6.366666666666668 0.9422649730810381 0
5.566666666666666 0.9455962763600292 0
4.233333333333333 0.9422649730810375 0
6.233333333333333 0.05773502691896237 0
2.23333333333334 0.05773502691914789 0
6.566666666666683 0.05773502691890808 0
6.966666666666665 0.9422649730810376 0
6.699999999999999 0.9422649730810376 0
4.766666666666667 0.9422649730810376 0
1.966666666666673 0.05773502691917137 0
3.03333333333334 0.05773502691919941 0
2.766666666666674 0.05773502691939209 0
2.033333333333331 0.9422649730810377 0
1.766666666666667 0.9422649730810376 0
1.5 0.9422649730810376 0
2.9 0.9422649730810376 0
2.633333333333332 0.9422649730810377 0
2.364736509007066 0.9353433858943077 0
5.831403175673814 0.9352901605504925 0
5.298069842340469 0.9352901605505856 0
4.100000000000007 0.05773502691903326 0
7.366666666666665 0.05773502691889809 0
4.366666666666673 0.05773502691899235 0
4.633333333333336 0.05773502691895843 0
4.899999999999999 0.05773502691896237 0
7.099999999999996 0.05773502691896237 0
3.300000000000007 0.05773502691905946 0
3.566666666666674 0.05773502691903859 0
3.83333333333334 0.05773502691907451 0
1.366666666666674 0.05773502691974164 0
1.633333333333341 0.05773502691944332 0
2.500000000000006 0.05773502691928928 0
5.166666666666667 0.05773502691896237 0
5.433333333333334 0.05773502691896237 0
5.700000000000001 0.05773502691896237 0
5.966666666666667 0.05773502691896237 0
6.83333333333333 0.05773502691896237 0
6.1 0.9455962763599964 0
5.033333333333333 0.9422649730810372 0
4.5 0.9422649730810376 0
3.966666666666667 0.9422649730810375 0
3.7 0.9422649730810375 0
3.433333333333334 0.9422649730810376 0
3.166666666666667 0.9422649730810376 0
1.099999999999998 0.05773502691896254 0
0.5666666666666655 0.9422649730810376 0
7.233333333333333 0.9422649730810353 0
7.833333333333337 0.05773502691896926 0
0.1666666666666208 0.05773502691989285 0
0.05806688144067174 0.8335452960151184 0
7.941933118559358 0.8335452960150305 0
7.940246925002975 0.160884956352897 0
0.05975307499693905 0.1608849563536351 0
7.899224843912888 0.9495662699818339 0
0.1007751560871113 0.9495662699818499 0
7.899717508714616 0.05645146967038883 0
7.877025858664919 0.1209885150214111 0
7.801726531999718 0.1163897973685208 0
7.833333333333357 0.1732050807568944 0
7.766954421999975 0.1733583713453392 0
7.800047959222248 0.2309656561072677 0
7.733389285759288 0.2309699141791842 0
7.76668398527474 0.2886843604172837 0
7.700012211839042 0.2886816399824749 0
7.733338255074568 0.3464127833821498 0
7.666669522263423 0.3464116827231483 0
7.700001296223054 0.4041458789457204 0
7.633334025303355 0.4041455570531695 0
7.666666998032245 0.4618803918739656 0
7.600000170555997 0.4618803062088613 0
7.566666810421052 0.4041452650123868 0
7.533333333333426 0.4618802153517781 0
7.500000023959128 0.4041452011958216 0
7.466666670659933 0.4618802174789616 0
7.433333337992115 0.404145190914268 0
7.400000000525594 0.4618802156317309 0
7.366666667530781 0.4041451888930785 0
7.333333333565015 0.4618802154751855 0
7.300000000182686 0.4041451885301308 0
7.266666666684728 0.4618802153614059 0
7.233333333366843 0.4041451884506825 0
7.200000000008657 0.4618802153564053 0
7.166666666673745 0.4041451884366161 0
7.133333333334101 0.4618802153522179 0
7.100000000001359 0.404145188433583 0
7.066666666667083 0.4618802153520434 0
7.033333333333681 0.4041451884330565 0
7.000000000000092 0.4618802153518815 0
6.966666666666794 0.4041451884329497 0
6.933333333333436 0.4618802153518975 0
6.900000000000092 0.4041451884329438 0
6.866666666666762 0.4618802153519103 0
6.833333333333417 0.4041451884329556 0
6.800000000000095 0.4618802153519247 0
6.766666666666748 0.4041451884329701 0
6.733333333333428 0.4618802153519404 0
6.700000000000081 0.4041451884329861 0
6.666666666666762 0.4618802153519563 0
6.633333333333422 0.4041451884330063 0
6.600000000000104 0.4618802153519693 0
6.566666666666772 0.4041451884328102 0
6.533333333333455 0.461880215352012 0
6.500000000000104 0.404145188432791 0
6.466666666666764 0.4618802153520042 0
6.433333333333419 0.4041451884330106 0
6.400000000000098 0.4618802153520162 0
6.366666666666749 0.4041451884330624 0
6.333333333333431 0.4618802153520395 0
6.300000000000082 0.4041451884330872 0
6.266666666666765 0.4618802153520521 0
6.233333333333421 0.4041451884331085 0
6.200000000000101 0.4618802153520698 0
6.166666666666766 0.404145188432948 0
6.133333333333435 0.4618802153520649 0
6.100000000000097 0.4041451884329279 0
6.066666666666768 0.4618802153520721 0
6.033333333333419 0.4041451884331161 0
6.000000000000099 0.4618802153521291 0
5.96666666666675 0.4041451884331687 0
5.933333333333432 0.4618802153521462 0
5.900000000000084 0.404145188433192 0
5.866666666666767 0.4618802153521639 0
5.833333333333423 0.4041451884332133 0
5.8000000000001 0.4618802153521815 0
5.766666666666768 0.4041451884330574 0
5.733333333333436 0.4618802153522859 0
5.700000000000099 0.4041451884330566 0
5.666666666666769 0.461880215352314 0
5.63333333333342 0.4041451884332551 0
5.6000000000001 0.4618802153522475 0
5.566666666666752 0.4041451884332793 0
5.533333333333433 0.4618802153522514 0
5.500000000000085 0.4041451884332947 0
5.466666666666767 0.4618802153522652 0
5.433333333333423 0.4041451884331476 0
5.400000000000102 0.4618802153522544 0
5.366666666666766 0.4041451884329736 0
5.333333333333437 0.4618802153522354 0
5.300000000000097 0.4041451884331165 0
5.266666666666771 0.4618802153522676 0
5.233333333333422 0.4041451884331663 0
5.200000000000102 0.4618802153522928 0
5.166666666666754 0.4041451884331904 0
5.133333333333436 0.4618802153523124 0
5.100000000000087 0.404145188433359 0
5.066666666666769 0.4618802153523678 0
5.033333333333421 0.4041451884334074 0
5.000000000000102 0.4618802153523833 0
4.966666666666755 0.4041451884334289 0
4.933333333333436 0.4618802153524003 0
4.900000000000088 0.4041451884334463 0
4.866666666666769 0.4618802153524167 0
4.833333333333422 0.4041451884334628 0
4.800000000000103 0.4618802153524331 0
4.766666666666755 0.4041451884333452 0
4.733333333333436 0.4618802153524271 0
4.700000000000089 0.4041451884333354 0
4.66666666666677 0.4618802153524351 0
4.633333333333423 0.4041451884334796 0
4.600000000000104 0.4618802153524817 0
4.566666666666756 0.4041451884335222 0
4.533333333333437 0.461880215352497 0
4.50000000000009 0.4041451884334188 0
4.466666666666771 0.4618802153524931 0
4.433333333333423 0.4041451884334116 0
4.400000000000104 0.461880215352502 0
4.366666666666757 0.4041451884335466 0
4.333333333333438 0.4618802153525464 0
4.30000000000009 0.4041451884335872 0
4.266666666666771 0.4618802153525617 0
4.233333333333424 0.4041451884336073 0
4.200000000000105 0.4618802153525786 0
4.166666666666758 0.4041451884336242 0
4.133333333333439 0.4618802153525948 0
4.100000000000091 0.4041451884336406 0
4.066666666666772 0.461880215352611 0
4.033333333333425 0.4041451884336567 0
4.000000000000155 0.4618802153525989 0
3.966666666666767 0.4041451884336682 0
3.933333333333497 0.4618802153526096 0
3.900000000000103 0.4041451884336826 0
3.866666666666784 0.4618802153526527 0
3.833333333333426 0.4041451884337046 0
3.800000000000108 0.4618802153526743 0
3.766666666666759 0.4041451884337212 0
3.73333333333344 0.4618802153526914 0
3.700000000000093 0.4041451884337373 0
3.666666666666774 0.4618802153527076 0
3.633333333333426 0.4041451884337534 0
3.600000000000103 0.4618802153527213 0
3.566666666666759 0.4041451884337691 0
3.533333333333435 0.461880215352737 0
3.500000000000092 0.4041451884337852 0
3.466666666666773 0.4618802153527558 0
3.433333333333427 0.404145188433802 0
3.400000000000108 0.4618802153527725 0
3.36666666666676 0.4041451884338184 0
3.333333333333441 0.4618802153527887 0
3.300000000000094 0.4041451884338345 0
3.266666666666775 0.4618802153528049 0
3.233333333333428 0.4041451884338507 0
3.200000000000109 0.4618802153528211 0
3.166666666666761 0.4041451884338669 0
3.133333333333442 0.4618802153528373 0
3.100000000000095 0.404145188433883 0
3.066666666666771 0.4618802153528508 0
3.033333333333428 0.4041451884338301 0
3.000000000000104 0.4618802153528552 0
2.966666666666761 0.4041451884338328 0
2.933333333333442 0.4618802153528697 0
2.900000000000095 0.4041451884339152 0
2.866666666666776 0.4618802153529021 0
2.833333333333429 0.4041451884339451 0
2.80000000000011 0.461880215352918 0
2.766666666666763 0.4041451884339637 0
2.733333333333444 0.4618802153529347 0
2.700000000000096 0.4041451884339805 0
2.666666666666777 0.4618802153529511 0
2.63333333333343 0.4041451884339968 0
2.600000000000111 0.4618802153529676 0
2.566666666666763 0.4041451884340135 0
2.533333333333445 0.4618802153533604 0
2.500000000000096 0.4041451884340929 0
2.466666666666779 0.4618802153534508 0
2.433333333333429 0.4041451884341332 0
2.400000000000155 0.4618802153530835 0
2.366666666666771 0.4041451884340526 0
2.333333333333583 0.4618802153533798 0
2.300000000000097 0.4041451884340853 0
2.266666666666888 0.4618802153534722 0
2.233333333333448 0.404145188434172 0
2.200000000000134 0.4618802153531557 0
2.166666666666764 0.4041451884341212 0
2.13333333333345 0.4618802153531061 0
2.100000000000099 0.4041451884341405 0
2.066666666666781 0.4618802153531121 0
2.033333333333432 0.4041451884341552 0
2.000000000000114 0.4618802153531271 0
1.966666666666765 0.4041451884341724 0
1.933333333333447 0.4618802153531439 0
1.900000000000099 0.4041451884341901 0
1.866666666666782 0.4618802153531623 0
1.833333333333432 0.4041451884342091 0
1.800000000000116 0.4618802153531816 0
1.766666666666765 0.4041451884342281 0
1.733333333333449 0.4618802153532007 0
1.700000000000098 0.4041451884342472 0
1.666666666666783 0.461880215353219 0
1.633333333333432 0.404145188434266 0
1.600000000000116 0.4618802153532384 0
1.566666666666765 0.4041451884342868 0
1.53333333333345 0.4618802153532583 0
1.500000000000098 0.4041451884343073 0
1.466666666666783 0.4618802153532796 0
1.433333333333431 0.4041451884343271 0
1.400000000000117 0.4618802153533005 0
1.366666666666766 0.4041451884343494 0
1.33333333333345 0.4618802153533215 0
1.3000000000001 0.404145188434372 0
1.266666666666837 0.4618802153533751 0
1.233333333333442 0.4041451884343981 0
1.200000000000287 0.4618802153538411 0
1.166666666666794 0.404145188434496 0
1.13333333333359 0.4618802153539181 0
1.100000000000126 0.4041451884345445 0
1.066666666666813 0.4618802153540034 0
1.033333333333442 0.4041451884345786 0
1.000000000000125 0.4618802153540376 0
0.9666666666667707 0.4041451884346015 0
0.9333333333335094 0.4618802153535904 0
0.9000000000001003 0.4041451884344988 0
0.8666666666669594 0.4618802153539603 0
0.8333333333334614 0.4041451884346048 0
0.8000000000002614 0.4618802153540359 0
0.7666666666667972 0.4041451884346471 0
0.7333333333334817 0.4618802153541302 0
0.7000000000001094 0.4041451884346869 0
0.6666666666667931 0.461880215354167 0
0.633333333333435 0.4041451884347116 0
0.6000000000001213 0.4618802153536818 0
0.5666666666667672 0.4041451884346026 0
0.5333333333334522 0.4618802153535961 0
0.5000000000001004 0.4041451884346229 0
0.466666666666784 0.4618802153535944 0
7.633333416987006 0.5196152868339339 0
7.433333334086549 0.5196152426719629 0
7.1666666666683 0.5196152422716678 0
6.900000000000091 0.5196152422708876 0
6.433333333333438 0.5196152422711715 0
6.633333333333427 0.5196152422709786 0
6.166666666666753 0.5196152422712139 0
5.900000000000121 0.5196152422712474 0
5.633333333333429 0.5196152422715791 0
5.366666666666763 0.5196152422715384 0
5.100000000000102 0.5196152422714831 0
4.833333333333437 0.5196152422715926 0
4.566666666666785 0.5196152422714522 0
4.300000000000247 0.5196152422720234 0
4.03333333333357 0.5196152422721145 0
3.766666666666833 0.5196152422719721 0
3.500000000000081 0.519615242271687 0
3.233333333333438 0.5196152422724268 0
2.966666666666733 0.5196152422721668 0
2.700000000000108 0.5196152422726412 0
2.100000000000108 0.5196152422728961 0
2.433333333333441 0.5196152422722886 0
1.833333333333446 0.5196152422725693 0
1.566666666666952 0.519615242273102 0
1.300000000000197 0.5196152422723327 0
0.9666666666667827 0.519615242272836 0
0.7666666666668944 0.5196152422740138 0
0.5000000000001363 0.519615242272551 0
0.4333333333334708 0.5196152422725697 0
0.4333333333334348 0.4041451884346373 0
0.4666666666668213 0.5773502691915207 0
0.4000000000001558 0.5773502691915395 0
0.6000000000000911 0.3464101615156555 0
0.8000000000001002 0.3464101615156113 0
1.000000000000099 0.3464101615155527 0
1.866666666666768 0.3464101615151881 0
6.466666666666771 0.3464101615134056 0
0.4333333333335059 0.6350852961104928 0
0.5000000000001732 0.635085296110471 0
0.366666666666839 0.6350852961105131 0
0.3333333333334854 0.5773502691915586 0
1.200000000000101 0.3464101615154533 0
1.400000000000083 0.3464101615153667 0
1.600000000000095 0.3464101615152873 0
2.133333333333429 0.3464101615150922 0
2.400000000000097 0.3464101615149712 0
2.666666666666762 0.3464101615149068 0
2.933333333333428 0.3464101615147341 0
3.200000000000093 0.3464101615148099 0
3.466666666666758 0.3464101615146483 0
3.733333333333424 0.3464101615146605 0
4.000000000000091 0.3464101615144786 0
4.266666666666755 0.3464101615145109 0
4.533333333333421 0.3464101615141656 0
4.800000000000087 0.3464101615140709 0
5.066666666666742 0.3464101615142847 0
5.266666666666755 0.3464101615138957 0
5.466666666666754 0.3464101615138225 0
5.666666666666764 0.3464101615137432 0
5.866666666666756 0.346410161514058 0
6.066666666666761 0.3464101615135907 0
6.266666666666758 0.3464101615137429 0
6.666666666666747 0.346410161513806 0
6.866666666666752 0.346410161513518 0
7.133333333334794 0.3464101615141695 0
7.400000000920542 0.3464101620033576 0
2.533333333333428 0.3464101615149623 0
2.23333333333355 0.5196152422732796 0
5.766666666666763 0.5196152422715186 0
1.100000000000217 0.5196152422738608 0
1.433333333333469 0.5196152422722515 0
2.800000000000095 0.3464101615149227 0
4.966666666666783 0.5196152422713545 0
1.73333333333343 0.3464101615152381 0
3.600000000000091 0.3464101615146976 0
3.06666666666676 0.3464101615146954 0
6.300000000000078 0.5196152422710837 0
4.433333333333452 0.5196152422714764 0
4.166666666666823 0.5196152422718386 0
3.900000000000425 0.5196152422718361 0
4.400000000000088 0.3464101615141998 0
5.23333333333343 0.5196152422715956 0
2.833333333333443 0.5196152422725899 0
4.133333333333423 0.3464101615144372 0
3.366666666666775 0.519615242272365 0
7.633335844572672 0.2886764723607376 0
3.333333333333425 0.3464101615147726 0
3.63333333333337 0.5196152422719963 0
3.866666666666759 0.3464101615146222 0
4.700000000000104 0.5196152422718253 0
3.100000000000029 0.5196152422721748 0
1.700000000000133 0.5196152422721725 0
4.666666666666754 0.3464101615141033 0
6.03333333333344 0.5196152422711597 0
4.93333333333342 0.3464101615143256 0
2.266666666666761 0.3464101615150513 0
2.566666666666773 0.5196152422731346 0
2.000000000000099 0.3464101615151384 0
1.966666666666772 0.5196152422729493 0
7.000000000000138 0.3464101615135052 0
7.300000000041686 0.519615242292958 0
5.500000000000096 0.5196152422714996 0
6.766666666666774 0.5196152422709541 0
7.266666666702754 0.3464101615325716 0
7.033333333333481 0.5196152422708904 0
0.4666666666667592 0.346410161515668 0
0.4000000000000927 0.3464101615156804 0
7.700000069169948 0.519615279118271 0
7.666666692137359 0.577350282758133 0
0.3000000000001712 0.6350852961105329 0
0.3333333333335231 0.6928203230294887 0
0.4666666666668613 0.6928203230294461 0
0.5333333333335246 0.6928203230294213 0
0.4333333333334179 0.2886751345967108 0
0.366666666666748 0.2886751345967201 0
0.3333333333334245 0.346410161515687 0
0.3000000000000802 0.2886751345967263 0
0.2666666666667519 0.3464101615156917 0
7.733333349106858 0.5773502775923234 0
7.700000006874138 0.6350852997704786 0
7.633333338724237 0.6350852989803621 0
7.666666668710956 0.6928203241165227 0
7.600000001239312 0.6928203236877276 0
0.2666666666667985 0.5773502691915592 0
0.2666666666668553 0.6928203230295046 0
7.73333333481985 0.69282032381937 0
0.4000000000000732 0.2309401076777545 0
0.4666666666667405 0.230940107677741 0
0.633333333333471 0.5196152422728061 0
7.633333333880733 0.7505553502380734 0
7.566666666964579 0.7505553501051954 0
7.533333333589644 0.6928203231640969 0
7.500000000000187 0.7505553499466204 0
7.466666666709522 0.6928203230504142 0
7.433333333340636 0.7472240466715349 0
7.400000000008464 0.6922651058189747 0
7.364736509009477 0.7569217199222384 0
7.33301164039198 0.6937888484888757 0
7.300000000000189 0.7505553499467164 0
7.266613051176575 0.6929817439379596 0
7.23332439741848 0.7505822534317785 0
7.199989574765945 0.6928517104270047 0
7.166663439808647 0.7505650650941522 0
7.133333333333495 0.6928203230278343 0
7.099999462190491 0.7505569691380436 0
7.066666577031876 0.692820592893077 0
7.033333228759419 0.7505556647895928 0
6.999999983485783 0.6928203727479758 0
6.966666646485448 0.7505554107073631 0
6.933333328964945 0.6928203361803996 0
6.899999995908535 0.7505553622657564 0
6.866666666666825 0.6928203230279957 0
6.833333332651585 0.7505553520001146 0
6.7999999998865 0.6928203233702278 0
6.766666666534262 0.7505553503462421 0
6.733333333312551 0.6928203230911265 0
6.699999999974606 0.7505553500241091 0
6.666666666661287 0.6928203230448007 0
6.633333333328341 0.7505553499627271 0
6.60000000000016 0.6928203230281648 0
6.566666666665998 0.7505553499497514 0
6.533333333333347 0.6928203230286403 0
6.500000000000028 0.7505553499476966 0
6.466666666666798 0.6928203230283291 0
6.433333333333495 0.7472240466683728 0
6.400000000000147 0.6922651058151629 0
6.364736509007249 0.756921719921529 0
6.33301164039022 0.6937888484885277 0
6.3000000000002 0.7505553499473266 0
6.266613051176278 0.6929817439384205 0
6.233324397418443 0.7505822534323818 0
6.199989574765884 0.6928517104276094 0
6.166663439808641 0.7505650650947882 0
6.133333333333491 0.6928203230284854 0
6.099999462190496 0.7505569691386991 0
6.066666577031874 0.6928205928937394 0
6.033333228759425 0.750555664790259 0
5.999999983485782 0.6928203727486465 0
5.966666646485454 0.7505554107080368 0
5.933333328964945 0.6928203361810752 0
5.899999995908541 0.750555362266436 0
5.866666666666826 0.6928203230286782 0
5.833333332651589 0.7505553520008014 0
5.799999999886502 0.6928203233709151 0
5.766666666534267 0.7505553503469335 0
5.733333333312553 0.6928203230918187 0
5.69999999997461 0.7505553500248047 0
5.666666666661286 0.6928203230454997 0
5.633333333328347 0.7505553499634295 0
5.60000000000016 0.6928203230288721 0
5.566666666666004 0.7505553499504616 0
5.533333333333349 0.6928203230293548 0
5.500000000000035 0.7505553499484139 0
5.4666666666668 0.6928203230290504 0
5.433333333333504 0.7505553499480555 0
5.400000000000153 0.6928203230290415 0
5.366666666666863 0.7505553499480275 0
5.333333333333494 0.6928203230290703 0
5.300000000000203 0.7505553499480588 0
5.266666666666827 0.6928203230291199 0
5.233333333333537 0.7505553499481071 0
5.20000000000016 0.6928203230291698 0
5.16666666666687 0.7505553499481574 0
5.133333333333495 0.6928203230292203 0
5.100000000000204 0.7505553499482074 0
5.066666666666828 0.69282032302927 0
5.033333333333537 0.7505553499482569 0
5.000000000000162 0.6928203230293197 0
4.966666666666871 0.7505553499483065 0
4.933333333333495 0.6928203230293694 0
4.900000000000205 0.7505553499483565 0
4.866666666666829 0.6928203230294191 0
4.833333333333538 0.750555349948406 0
4.800000000000162 0.6928203230294683 0
4.766666666666872 0.7505553499484553 0
4.733333333333496 0.6928203230295173 0
4.700000000000205 0.7505553499485043 0
4.666666666666829 0.6928203230295664 0
4.633333333333539 0.7505553499485533 0
4.600000000000163 0.6928203230296155 0
4.566666666666872 0.7505553499486023 0
4.533333333333497 0.6928203230296645 0
4.500000000000206 0.7505553499486513 0
4.46666666666683 0.6928203230297134 0
4.43333333333354 0.7505553499487003 0
4.400000000000164 0.6928203230297624 0
4.366666666666873 0.7505553499487492 0
4.333333333333526 0.6928203230298273 0
4.300000000000211 0.7505553499488007 0
4.266666666666865 0.6928203230298793 0
4.233333333333547 0.7505553499488505 0
4.200000000000172 0.6928203230299128 0
4.166666666666874 0.7505553499488958 0
4.133333333333499 0.6928203230299586 0
4.100000000000207 0.7505553499489448 0
4.066666666666832 0.692820323030007 0
4.033333333333541 0.7505553499489938 0
4.000000000000165 0.6928203230300558 0
3.966666666666875 0.7505553499490427 0
3.93333333333353 0.6928203230301229 0
3.900000000000214 0.7505553499490947 0
3.86666666666687 0.6928203230301753 0
3.833333333333549 0.7505553499491446 0
3.800000000000173 0.6928203230302069 0
3.766666666666875 0.7505553499491895 0
3.733333333333501 0.6928203230302523 0
3.700000000000209 0.7505553499492383 0
3.666666666666833 0.6928203230303006 0
3.633333333333542 0.7505553499492874 0
3.600000000000167 0.6928203230303495 0
3.566666666666876 0.7505553499493361 0
3.533333333333501 0.6928203230303982 0
3.50000000000021 0.7505553499493849 0
3.466666666666834 0.6928203230304469 0
3.433333333333543 0.7505553499494337 0
3.400000000000167 0.6928203230304959 0
3.366666666666877 0.7505553499494825 0
3.333333333333501 0.6928203230305447 0
3.30000000000021 0.7505553499495314 0
3.266666666666835 0.6928203230305934 0
3.233333333333544 0.7505553499495801 0
3.200000000000168 0.692820323030642 0
3.166666666666877 0.7505553499496288 0
3.133333333333502 0.6928203230306907 0
3.100000000000211 0.7505553499496773 0
3.066666666666836 0.6928203230307391 0
3.033333333333544 0.7505553499497253 0
3.000000000000169 0.692820323030787 0
2.966666666666877 0.7505553499497732 0
2.933333333333503 0.6928203230308351 0
2.900000000000211 0.7505553499498214 0
2.866666666666836 0.6928203230308847 0
2.833333333333545 0.7505553499498702 0
2.800000000000169 0.692820323030933 0
2.766666666666879 0.7505553499499192 0
2.733333333333504 0.6928203230309795 0
2.700000000000213 0.7505553499499675 0
2.666666666666837 0.6928203230310275 0
2.633333333333546 0.7505553499500159 0
2.60000000000017 0.6928203230310771 0
2.566666666666879 0.7505553499500638 0
2.533333333333503 0.6928203230311254 0
2.500000000000212 0.7505553499501127 0
2.466666666666837 0.6928203230311756 0
2.433333333333546 0.7505553499501618 0
2.400000000000171 0.6928203230312245 0
2.36666666666688 0.7505553499502102 0
2.333333333333504 0.6928203230312719 0
2.300000000000213 0.7505553499502587 0
2.266666666666838 0.692820323031321 0
2.233333333333547 0.7505553499503079 0
2.200000000000171 0.6928203230313702 0
2.166666666666881 0.7505553499503579 0
2.133333333333504 0.6928203230314199 0
2.100000000000212 0.7472240466711644 0
2.066666666666838 0.6922651058182621 0
2.031403175673826 0.7569217199238794 0
1.999678307056884 0.6937888484915544 0
1.966666666666882 0.750555349950506 0
1.933279717842956 0.6929817439415755 0
1.899991064085127 0.7505822534355597 0
1.866656241432564 0.6928517104307912 0
1.833330106475324 0.7505650650979739 0
1.800000000000171 0.6928203230316768 0
1.766666128857181 0.750556969141893 0
1.733333243698554 0.692820592896934 0
1.69999989542611 0.7505556647934575 0
1.666666650152463 0.6928203727518454 0
1.633333313152137 0.7505554107112382 0
1.599999995631626 0.6928203361842837 0
1.566666662575224 0.7505553622696424 0
1.533333333333506 0.6928203230318868 0
1.499999999318273 0.7505553520040132 0
1.466666666553182 0.692820323374128 0
1.433333333200952 0.7505553503501501 0
1.399999999979233 0.6928203230950356 0
1.366666666641296 0.7505553500280246 0
1.333333333327969 0.6928203230487198 0
1.299999999995031 0.7505553499666521 0
1.266666666666841 0.6928203230320935 0
1.233333333332686 0.7505553499536859 0
1.200000000000031 0.6928203230325781 0
1.166666666666714 0.7505553499516369 0
1.133333333333484 0.6928203230322707 0
1.100000000000181 0.750555349951274 0
1.066666666666836 0.6928203230322565 0
1.033333333333539 0.7505553499512403 0
1.000000000000178 0.6928203230322797 0
0.9666666666668817 0.7505553499512621 0
0.9333333333335125 0.6928203230323196 0
0.9000000000002149 0.750555349951298 0
0.8666666666668483 0.6928203230323563 0
0.8333333333335471 0.7505553499513344 0
0.8000000000001832 0.6928203230323934 0
0.7666666666668838 0.7505553499513757 0
0.7333333333335181 0.6928203230324294 0
0.7000000000002151 0.7505553499514113 0
0.3000000000002148 0.7505553499484692 0
0.5000000000002216 0.7505553499483983 0
7.766667702994104 0.4041457404963069 0
0.2333333333335332 0.7505553499484761 0
0.2333333333334138 0.2886751345967348 0
7.464736509008301 0.8085050599289115 0
6.466666666666899 0.8082903768661747 0
2.131403175673852 0.8085582852737379 0
1.000000000000243 0.8082903768702014 0
0.8000000000002543 0.8082903768703169 0
0.2666666666667394 0.2309401076777678 0
0.3000000000000891 0.4041451884346516 0
0.2333333333334218 0.4041451884346503 0
0.2000000000000766 0.2309401076777766 0
0.2000000000001854 0.692820323029519 0
0.8999999999999821 0.6350852961129053 0
1.233333333333452 0.6350852961127555 0
1.033333333333468 0.6350852961133018 0
1.366666666662406 0.6350852961253894 0
1.499999999981309 0.6350852961694686 0
1.633333329853046 0.6350853065911747 0
1.766666651727649 0.6350853410893862 0
1.899989326545986 0.6351174308308303 0
2.033279717842909 0.6351541808203325 0
2.166666666666794 0.6350852961124324 0
2.36666666666667 0.6350852961119596 0
2.500000000000126 0.6350852961121887 0
2.63333333333346 0.6350852961120871 0
2.766666666666797 0.6350852961119942 0
2.900000000000129 0.6350852961118985 0
3.033333333333354 0.6350852961111373 0
3.166666666666793 0.6350852961117039 0
3.300000000000126 0.6350852961116065 0
0.2333333333333991 0.1732050807584872 0
0.4333333333333957 0.173205080758786 0
0.5000000000000608 0.1732050807587734 0
3.433333333333472 0.6350852961111946 0
3.566666666666703 0.6350852961108241 0
3.700000000000125 0.6350852961113138 0
3.833333333333665 0.6350852961110109 0
3.966666666667061 0.6350852961108877 0
4.100000000000123 0.6350852961110202 0
4.23333333333364 0.6350852961107425 0
4.366666666666881 0.6350852961106322 0
4.500000000000139 0.6350852961102821 0
4.633333333333467 0.6350852961104172 0
4.766666666666787 0.6350852961105307 0
4.900000000000133 0.6350852961100608 0
5.033333333333465 0.635085296109974 0
5.166666666666783 0.6350852961102327 0
5.300000000000116 0.6350852961101314 0
5.433333333333444 0.6350852961100497 0
5.566666666666759 0.6350852961100057 0
5.699999999995704 0.6350852961231219 0
5.833333333314508 0.6350852961667702 0
5.966666663186333 0.6350853065881964 0
6.099999985060953 0.6350853410870826 0
6.233322659879285 0.6351174308275763 0
6.366613051176232 0.6351541808171979 0
6.566666666666791 0.6350852961092235 0
6.699999999995708 0.6350852961224278 0
6.833333333314523 0.6350852961660074 0
6.96666666318629 0.6350853065876935 0
7.099999985060972 0.6350853410864239 0
7.233322659879383 0.635117430827038 0
7.700057284626683 0.1732355969388033 0
7.366613051177929 0.6351541808174925 0
7.500000000049951 0.6350852961352274 0
0.4333333333335565 0.7505553499484289 0
7.533333361285629 0.3464101764037347 0
0.5666666666670546 0.6350852961108364 0
0.3000000000000504 0.1732050807581101 0
0.5333333333334069 0.2309401076777261 0
0.5666666666667264 0.1732050807587577 0
0.6000000000000751 0.2309401076777076 0
0.6333333333333915 0.1732050807587373 0
0.6666666666667416 0.2309401076776926 0
0.7000000000000579 0.1732050807584115 0
7.766666680823979 0.5196152498123888 0
7.800000001818065 0.5773502701580732 0
0.7333333333334036 0.2309401076776221 0
0.7666666666667221 0.1732050807583317 0
0.8000000000000727 0.2309401076775842 0
0.8333333333333868 0.1732050807586027 0
0.8666666666667431 0.2309401076776293 0
0.9000000000000532 0.173205080758344 0
0.93333333333341 0.230940107677552 0
0.9666666666667214 0.1732050807582751 0
1.000000000000079 0.2309401076775141 0
1.033333333333388 0.1732050807582555 0
1.066666666666749 0.230940107677489 0
1.100000000000054 0.1732050807582288 0
1.133333333333414 0.2309401076774574 0
1.166666666666719 0.1732050807584805 0
1.200000000000079 0.2309401076775007 0
1.233333333333385 0.1732050807585096 0
1.266666666666749 0.2309401076774687 0
1.300000000000053 0.1732050807584905 0
1.333333333333411 0.2309401076774348 0
1.366666666666719 0.1732050807584584 0
1.400000000000067 0.2309401076774095 0
1.433333333333382 0.1732050807584245 0
1.466666666666735 0.2309401076773804 0
1.50000000000005 0.1732050807583931 0
1.533333333333411 0.2309401076773406 0
1.56666666666672 0.1732050807583617 0
1.600000000000081 0.2309401076773074 0
1.633333333333386 0.1732050807583289 0
1.666666666666747 0.2309401076772741 0
1.700000000000052 0.1732050807582932 0
1.733333333333414 0.2309401076772379 0
1.766666666666717 0.1732050807582562 0
1.800000000000082 0.2309401076771999 0
1.833333333333384 0.1732050807582186 0
1.866666666666751 0.230940107677164 0
1.900000000000051 0.1732050807579706 0
1.933333333333417 0.2309401076770907 0
1.966666666666718 0.1732050807578927 0
2.000000000000083 0.2309401076770414 0
2.033333333333386 0.173205080758058 0
2.066666666666749 0.2309401076770489 0
2.100000000000052 0.1732050807580637 0
2.133333333333415 0.2309401076770177 0
2.166666666666718 0.1732050807578508 0
2.200000000000081 0.2309401076769544 0
2.233333333333385 0.1732050807577824 0
2.266666666666748 0.2309401076769097 0
2.300000000000051 0.1732050807579281 0
2.333333333333414 0.2309401076769174 0
2.366666666666718 0.173205080757931 0
2.400000000000081 0.2309401076768816 0
2.433333333333384 0.1732050807579025 0
2.466666666666747 0.2309401076768487 0
2.500000000000049 0.1732050807578685 0
2.533333333333413 0.2309401076768134 0
2.566666666666715 0.1732050807578328 0
2.60000000000008 0.2309401076767782 0
2.633333333333382 0.1732050807577981 0
2.666666666666746 0.2309401076767441 0
2.70000000000005 0.1732050807577656 0
2.733333333333412 0.2309401076767708 0
2.766666666666716 0.1732050807577421 0
2.800000000000079 0.2309401076767488 0
2.833333333333383 0.1732050807577112 0
2.866666666666745 0.2309401076766576 0
2.900000000000049 0.1732050807576637 0
2.933333333333411 0.2309401076766125 0
2.966666666666716 0.1732050807576314 0
3.000000000000077 0.2309401076765774 0
3.033333333333383 0.1732050807575988 0
3.066666666666744 0.2309401076765448 0
3.100000000000049 0.1732050807574581 0
3.13333333333341 0.2309401076765718 0
3.166666666666716 0.1732050807574179 0
3.200000000000077 0.2309401076765485 0
3.233333333333382 0.173205080757397 0
3.266666666666743 0.2309401076765254 0
3.300000000000049 0.1732050807573691 0
3.333333333333409 0.2309401076764963 0
3.366666666666716 0.1732050807573492 0
3.400000000000076 0.2309401076763855 0
3.433333333333382 0.1732050807573066 0
3.466666666666742 0.2309401076763392 0
3.500000000000048 0.1732050807572813 0
3.533333333333409 0.2309401076763983 0
3.566666666666714 0.1732050807572661 0
3.600000000000075 0.2309401076763848 0
3.633333333333381 0.1732050807573179 0
3.666666666666742 0.2309401076763756 0
3.700000000000047 0.1732050807573043 0
3.733333333333408 0.2309401076763511 0
3.766666666666714 0.1732050807572774 0
3.800000000000074 0.2309401076763268 0
3.833333333333381 0.1732050807572482 0
3.86666666666674 0.2309401076762974 0
3.900000000000047 0.1732050807572179 0
3.933333333333407 0.2309401076761649 0
3.966666666666713 0.1732050807571616 0
4.000000000000074 0.2309401076761127 0
4.03333333333338 0.1732050807571313 0
4.06666666666674 0.2309401076760783 0
4.100000000000047 0.1732050807570998 0
4.133333333333407 0.2309401076760468 0
4.166666666666713 0.1732050807570691 0
4.200000000000073 0.2309401076761327 0
4.23333333333338 0.1732050807570578 0
4.266666666666739 0.2309401076761247 0
4.300000000000045 0.1732050807570341 0
4.333333333333405 0.2309401076759823 0
4.366666666666712 0.173205080756977 0
4.400000000000071 0.2309401076759287 0
4.433333333333379 0.1732050807569415 0
4.466666666666739 0.2309401076758932 0
4.500000000000044 0.1732050807569091 0
4.533333333333405 0.230940107675862 0
4.566666666666711 0.1732050807568857 0
4.600000000000071 0.2309401076758315 0
4.633333333333375 0.1732050807568595 0
4.666666666666737 0.2309401076758014 0
4.700000000000041 0.1732050807568347 0
4.733333333333404 0.230940107675772 0
4.766666666666707 0.1732050807568102 0
4.80000000000007 0.2309401076757422 0
4.833333333333373 0.1732050807567855 0
4.866666666666736 0.2309401076758536 0
4.900000000000039 0.1732050807567845 0
4.933333333333403 0.2309401076758514 0
4.966666666666707 0.1732050807567688 0
5.000000000000066 0.2309401076756851 0
5.033333333333374 0.1732050807566965 0
5.066666666666725 0.2309401076757767 0
5.10000000000004 0.1732050807566901 0
5.133333333333393 0.2309401076757721 0
5.166666666666707 0.1732050807566697 0
5.200000000000067 0.2309401076755957 0
5.233333333333375 0.1732050807565947 0
5.266666666666735 0.2309401076755341 0
5.300000000000042 0.1732050807565467 0
5.333333333333401 0.230940107675496 0
5.366666666666708 0.1732050807565331 0
5.400000000000068 0.2309401076754667 0
5.433333333333374 0.1732050807565124 0
5.466666666666734 0.2309401076754357 0
5.500000000000041 0.1732050807564757 0
5.533333333333401 0.2309401076754048 0
0.5666666666668836 0.7505553499483696 0
5.566666666666706 0.1732050807564523 0
5.600000000000068 0.2309401076753764 0
5.633333333333373 0.1732050807564151 0
5.666666666666736 0.2309401076753443 0
5.70000000000004 0.1732050807563597 0
5.733333333333403 0.2309401076753061 0
5.766666666666705 0.1732050807563493 0
5.800000000000068 0.2309401076754493 0
5.833333333333371 0.1732050807563265 0
5.866666666666735 0.2309401076754474 0
5.900000000000038 0.1732050807562967 0
5.933333333333401 0.2309401076752458 0
5.966666666666704 0.1732050807562574 0
6.000000000000067 0.2309401076751825 0
6.033333333333371 0.1732050807562229 0
6.066666666666732 0.2309401076751426 0
6.100000000000035 0.1732050807561538 0
6.133333333333399 0.2309401076751003 0
6.166666666666702 0.1732050807561182 0
6.200000000000069 0.2309401076750601 0
6.233333333333367 0.1732050807560775 0
6.266666666666735 0.2309401076750202 0
6.300000000000034 0.1732050807560396 0
6.333333333333401 0.2309401076749824 0
6.366666666666765 0.1732050807561127 0
6.400000000000079 0.2309401076749642 0
6.433333333333444 0.1732050807560226 0
6.466666666666752 0.2309401076749195 0
6.500000000000048 0.1732050807560157 0
6.533333333333409 0.230940107674881 0
6.566666666666698 0.1732050807558785 0
6.60000000000007 0.2309401076748182 0
6.633333333333365 0.173205080755834 0
6.666666666666723 0.2309401076749888 0
6.700000000000032 0.1732050807557929 0
6.73333333333339 0.2309401076749873 0
6.766666666666699 0.1732050807557539 0
6.800000000000065 0.230940107674739 0
6.833333333333366 0.1732050807557158 0
6.866666666666731 0.2309401076746659 0
6.900000000000032 0.1732050807556756 0
6.933333333333398 0.2309401076746221 0
6.966666666666702 0.1732050807556459 0
7.000000000000068 0.2309401076745901 0
7.033333333333367 0.1732050807556089 0
7.066666666666732 0.2309401076745523 0
7.100000000000032 0.1732050807556285 0
7.133333333333398 0.2309401076745258 0
7.166666666666698 0.1732050807555983 0
7.200000000000064 0.2309401076744912 0
7.233333333333365 0.1732050807554993 0
7.266666666666731 0.230940107674442 0
7.300000000000031 0.1732050807554583 0
7.3333333333334 0.2309401076743971 0
7.366666666666695 0.1732050807554124 0
7.400000000000069 0.2309401076743496 0
7.433333333333359 0.1732050807553617 0
7.466666666666733 0.2309401076742971 0
7.500000000000027 0.1732050807553154 0
7.600000000141033 0.8082903769405581 0
7.66666666678155 0.8082903769266039 0
7.265517003441357 0.804325101103425 0
7.131402637864259 0.8152668085877177 0
6.999999979207644 0.808290439466371 0
6.866666665871298 0.808290379261243 0
6.733333333307203 0.8082903769453826 0
6.599999999999223 0.8082903768691276 0
6.265517003441365 0.8043251011039818 0
6.131402637864211 0.8152668085882528 0
5.999999979207656 0.8082904394670418 0
5.866666665871307 0.8082903792619301 0
5.733333333333574 0.8082903768666985 0
5.598069842339704 0.8152651893999221 0
5.46666666666688 0.8082903768669953 0
5.333333333333578 0.8082903768669985 0
5.200000000000248 0.8082903768670946 0
5.066666666666914 0.8082903768671947 0
4.93333333333358 0.8082903768672944 0
0.4666666666669217 0.8082903768673767 0
0.4000000000002588 0.8082903768674132 0
4.800000000000248 0.808290376867393 0
0.2666666666668944 0.8082903768674337 0
0.2000000000002142 0.8082903768674474 0
4.666666666666915 0.8082903768674912 0
4.531081482730684 0.8069902703158339 0
4.400000000000248 0.808290376867687 0
4.266666666666915 0.8082903768677848 0
4.133333333333583 0.8082903768678827 0
4.00000000000025 0.8082903768679806 0
3.866666666666917 0.8082903768680785 0
3.733333333333585 0.8082903768681763 0
3.600000000000251 0.8082903768682741 0
3.466666666666919 0.8082903768683718 0
3.33140317567389 0.8152651893985658 0
3.200000000000252 0.8082903768685669 0
3.066666666666919 0.8082903768686638 0
2.933333333333586 0.8082903768687597 0
2.800000000000255 0.808290376868857 0
2.666666666666921 0.8082903768689542 0
2.533333333333587 0.8082903768690504 0
2.397748149397296 0.8069902703173566 0
2.266666666666922 0.8082903768692457 0
1.932183670107957 0.8043251011068829 0
1.797747521952632 0.806992159374232 0
1.666666645874345 0.8082904394702413 0
1.533333332537996 0.8082903792651405 0
1.399999999973898 0.8082903769492993 0
1.266666666665919 0.8082903768730596 0
1.13333333333355 0.8082903768702195 0
0.7666666666668194 0.6350852961134463 0
0.7000000000003777 0.6350852961133571 0
0.6000000000000361 0.1154700538394788 0
0.8000000000000305 0.1154700538395464 0
1.00000000000003 0.1154700538387435 0
6.766666666666735 0.2886751345943991 0
1.86666666666669 0.1154700538385542 0
6.566666666666767 0.2886751345940258 0
6.366666666666748 0.2886751345943369 0
6.166666666666761 0.2886751345942534 0
5.966666666666743 0.2886751345945259 0
5.766666666666765 0.2886751345943501 0
5.566666666666745 0.2886751345946864 0
5.366666666666756 0.2886751345944397 0
5.166666666666756 0.2886751345946224 0
7.533333333333388 0.2309401076745281 0
7.566666666666809 0.1732050807557958 0
1.500000000000077 0.2886751345963497 0
0.2666666666667608 0.4618802153536175 0
0.2000000000000921 0.4618802153536183 0
0.1666666666667531 0.4041451884346589 0
0.3333333333334396 0.4618802153536142 0
1.300000000000087 0.2886751345964263 0
1.100000000000109 0.2886751345965064 0
0.900000000000087 0.2886751345965746 0
0.7000000000000774 0.28867513459664 0
6.466666666666825 0.1154700538373225 0
7.831757982017757 0.5205247747324117 0
7.864828754438955 0.5784113891380426 0
7.833027014931824 0.6352621495947319 0
0.1686004233964353 0.1743215357272008 0
0.1684924386847086 0.2876210246306946 0
7.831518440953833 0.2876268203377653 0
7.633333333376148 0.862694100528274 0
7.697748149423631 0.8641700800335733 0
7.732958024923223 0.8079811562505241 0
0.122131204692808 0.4651448287905023 0
0.166666666666758 0.5196152422725822 0
0.1043500931353822 0.403803520438617 0
7.764085463772076 0.8725847372809352 0
7.799507248116019 0.8093320623457224 0
7.831630446554747 0.8613481263042773 0
7.875911787572573 0.8046682571893189 0
7.833333333333525 0.7505553499464926 0
7.564894072916617 0.8655753140607878 0
7.898288106050101 0.6355439765783716 0
7.666666666666921 0.9237604307034425 0
0.4333333333336231 0.8660254037863575 0
0.3666666666669576 0.866025403786398 0
0.5000000000002887 0.8660254037863199 0
0.2333333333335657 0.8660254037863975 0
0.1671005445758316 0.8638591814915596 0
0.1238365323200048 0.8048781671483174 0
7.935781613962252 0.5722867164859952 0
0.7333333333335226 0.5773502691942265 0
0.800000000000217 0.5773502691940855 0
0.8333333333339734 0.5196152422747895 0
0.6666666666670809 0.5773502691933603 0
0.2003222927883144 0.1156561296670501 0
0.1232560782253098 0.1213579561719674 0
0.09953857835134095 0.0564387187391272 0
0.4666666666667068 0.1154700538396086 0
0.4000000000000514 0.1154700538398261 0
1.133333333333358 0.1154700538394386 0
7.600000418540066 0.2309403306363865 0
7.433333333486822 0.2886751346751387 0
1.266666666666694 0.1154700538391394 0
7.300000000006083 0.2886751345970112 0
1.400000000000025 0.1154700538393447 0
7.166666666666974 0.2886751345940029 0
1.533333333333359 0.1154700538390433 0
7.033333333333424 0.2886751345939448 0
1.666666666666693 0.1154700538389557 0
6.900000000000082 0.2886751345939985 0
2.000000000000026 0.1154700538385242 0
2.133333333333359 0.1154700538387049 0
2.266666666666692 0.1154700538384584 0
2.400000000000025 0.1154700538386709 0
2.533333333333356 0.1154700538386212 0
2.66666666666669 0.1154700538387439 0
4.966666666666745 0.2886751345950677 0
4.83333333333342 0.2886751345949552 0
4.700000000000083 0.2886751345948157 0
2.800000000000025 0.1154700538385529 0
4.56666666666675 0.2886751345950057 0
4.433333333333417 0.2886751345949351 0
2.933333333333358 0.1154700538384748 0
4.300000000000084 0.2886751345953007 0
4.166666666666756 0.2886751345952313 0
3.06666666666669 0.1154700538383924 0
4.033333333333419 0.2886751345952444 0
3.900000000000087 0.2886751345954415 0
3.200000000000023 0.1154700538383339 0
3.766666666666758 0.2886751345954846 0
3.633333333333425 0.288675134595528 0
3.333333333333357 0.1154700538382944 0
3.500000000000092 0.2886751345954867 0
3.366666666666755 0.288675134595621 0
3.466666666666691 0.1154700538381799 0
3.233333333333426 0.2886751345956667 0
3.100000000000094 0.2886751345956365 0
2.966666666666757 0.288675134595595 0
3.600000000000024 0.1154700538381433 0
2.833333333333425 0.2886751345958192 0
3.733333333333357 0.115470053838209 0
2.700000000000093 0.288675134595862 0
2.566666666666759 0.288675134595852 0
3.86666666666669 0.1154700538381658 0
2.433333333333426 0.2886751345959049 0
2.300000000000114 0.2886751345958972 0
4.000000000000023 0.1154700538381128 0
2.16666666666676 0.2886751345960237 0
2.033333333333429 0.2886751345960799 0
4.133333333333356 0.1154700538380681 0
1.900000000000099 0.2886751345961467 0
1.766666666666762 0.2886751345962181 0
4.26666666666669 0.1154700538380315 0
1.633333333333425 0.2886751345962786 0
4.400000000000023 0.1154700538379731 0
0.3000000000002347 0.8660254037863734 0
0.3666666666667928 0.5196152422725782 0
7.36666666684672 0.2886751346896921 0
4.533333333333354 0.1154700538379317 0
0.3666666666668918 0.7505553499484515 0
0.7333333333335896 0.8082903768703695 0
0.6666666666669228 0.8082903768704102 0
0.766666666666969 0.8626941005099746 0
0.831081482730621 0.8641700800242088 0
0.8000000000003449 0.9237604307082398 0
0.7000000000002924 0.8641627091990762 0
0.6333333333336189 0.8642425885068563 0
0.600000000000255 0.8079932409889866 0
1.03333333333343 0.2886751345965269 0
7.433324397435459 0.6350042407002714 0
7.399989574894488 0.5773482408066828 0
7.33332265990796 0.5773614119144146 0
7.466663439966667 0.5773364219624371 0
7.533332795558405 0.5773479613229164 0
7.566666619405844 0.5196148801963203 0
0.8666666666666925 0.1154700538395143 0
6.23333333333342 0.2886751345943689 0
0.1362308435810493 0.231411714456486 0
0.5666666666669724 0.8660254037894694 0
1.19999999999991 0.8082903768711116 0
1.166666666666955 0.8660254037890583 0
1.097794105531951 0.8728939579084981 0
1.233333333333638 0.8660254037890098 0
1.300000000000305 0.8660254037889588 0
0.366666666666764 0.4041451884346448 0
0.6666666666667025 0.1154700538387903 0
1.599999992356721 0.808290399882284 0
1.566666666666975 0.8660254037887481 0
1.500000000000308 0.8660254037888043 0
7.166666666666801 0.6350852961088549 0
7.133333330843838 0.5773502766862629 0
7.066666663761986 0.5773502779355237 0
7.199998220676417 0.5773556262257257 0
0.8333333333333326 0.05773502692010635 0
6.500000000000104 0.288675134593986 0
6.53333333333346 0.3464101615131598 0
6.43333333333342 0.288675134594285 0
7.799701397382899 0.3462375090966689 0
7.83328373895178 0.4041165050404786 0
7.87701975820177 0.341464063809042 0
7.89373014331318 0.402018974332026 0
1.233333333333429 0.2886751345964567 0
0.1666666666668495 0.7505553499484923 0
0.1345239859727676 0.6923886345935809 0
0.1668651087733579 0.6350133480378819 0
0.1015860379695264 0.6352537082559657 0
1.466666666666693 0.1154700538392348 0
6.43332439741835 0.6350042406917716 0
6.399989574765821 0.5773482407386459 0
6.466663439808555 0.5773364218787553 0
6.333322659879276 0.5773614118995547 0
6.499999462190408 0.519612934385869 0
6.499997972871209 0.6350694789878447 0
0.8333333333334343 0.2886751345966119 0
0.2333333333334333 0.5196152422725785 0
0.2000330736845455 0.5773382778461149 0
0.9333333333333611 0.1154700538383602 0
2.233333333333424 0.2886751345959971 0
1.833333333333446 0.2886751345961629 0
0.1667137485475587 0.9452771107169 0
6.966666666666752 0.2886751345941044 0
0.6333333333334243 0.2886751345966683 0
0.5000000000000848 0.2886751345966949 0
7.099999999101465 0.5196152449781011 0
6.999999998935895 0.5773502723939818 0
6.666666666657208 0.8082903768952283 0
6.633333333333601 0.8660254037850325 0
6.566666666666936 0.8660254037850762 0
6.700000000000275 0.8660254037849906 0
6.76666666666694 0.8660254037849469 0
5.933333325690032 0.8082903998790806 0
5.900000000000281 0.8660254037855434 0
5.833333333333614 0.8660254037855883 0
5.966666666666955 0.8660254037854955 0
6.032184428196713 0.862057845634958 0
7.833169016414812 0.9452319328211535 0
7.200000000013089 0.346410161520244 0
2.066666666666694 0.1154700538386124 0
1.100000000000129 0.6350852961132682 0
1.0666666666668 0.5773502691940606 0
1.133333333333579 0.5773502691939398 0
1.166666666667304 0.5196152422746422 0
1.000000000000053 0.5773502691938865 0
7.73367859532662 0.1156539788880975 0
7.666733757770114 0.1155057940430788 0
7.633344515183901 0.05774098361968605 0
6.80000000000008 0.3464101615135833 0
0.6666666666668517 0.6928203230324619 0
6.400000000000084 0.3464101615137037 0
1.633333333333644 0.8660254037886936 0
1.700000000000311 0.866025403788642 0
1.466666666666745 0.3464101615153506 0
1.43333333333341 0.2886751345963712 0
1.533333333333426 0.3464101615153112 0
2.233333333333461 0.635085296112383 0
2.200000000000129 0.5773502691928388 0
2.266666666666847 0.577350269193081 0
2.300000000000644 0.5196152422741613 0
2.13333333333345 0.5773502691927053 0
1.800000000000026 0.1154700538387884 0
2.600000000000025 0.1154700538385617 0
5.500000000000083 0.6350852961100837 0
5.466666666666759 0.5773502691908263 0
5.400000000000101 0.5773502691908121 0
5.533333333333425 0.577350269190761 0
5.600000000000097 0.5773502691907217 0
5.700000000000094 0.2886751345943829 0
5.733333333333448 0.3464101615135269 0
5.633333333333413 0.2886751345946399 0
1.966593400437036 0.6352904570785867 0
1.933319343386123 0.5773898184736284 0
1.86666666666674 0.5773502691937038 0
1.999976521388842 0.5774025350185188 0
2.066653817649817 0.5773704609481692 0
0.366666666666672 0.05773502691896254 0
0.3333333333333526 0.1154700538383525 0
2.300000000000082 0.6350852961122508 0
6.733333333333405 0.3464101615138567 0
6.700000000000062 0.2886751345946467 0
7.499999365501804 0.5196124898307294 0
1.566666666666753 0.2886751345963125 0
6.899999999999991 0.05773502691897525 0
7.166666666666657 0.05773502691897475 0
7.033333311910467 0.6350853606074459 0
6.933333332575988 0.5773502714703684 0
6.93333332569002 0.808290399878402 0
6.900000000000263 0.8660254037848635 0
6.966666666666933 0.8660254037848154 0
7.032184428196683 0.8620578456343776 0
7.366663150503548 0.5196167614654891 0
7.433333333333335 0.9422649730810371 0
7.397748149397222 0.8858300527137656 0
7.33295802489954 0.8880779338662469 0
7.462208921596053 0.8788326838487664 0
7.366666666666681 0.8267949192431079 0
0.4000000000001949 0.6928203230294685 0
5.300000000000088 0.2886751345945476 0
5.333333333333426 0.3464101615137249 0
0.5666666666668005 0.5196152422726013 0
1.066299017588844 0.8094351358900969 0
1.033333333333601 0.8660254037891473 0
0.9666666666669381 0.8626941005098547 0
1.000000000000277 0.9237604307081191 0
1.200000000000026 0.1154700538393973 0
7.600000378432549 0.3464103631091362 0
7.566667222694066 0.2886754307962897 0
4.766666666666751 0.2886751345948094 0
2.566666666666793 0.6350852961121377 0
2.533333333333442 0.5773502691930119 0
2.466666666666722 0.5773502691928802 0
2.600000000000112 0.5773502691925654 0
2.666666666666782 0.5773502691923835 0
1.333333333323903 0.8082903768991512 0
1.366666666666972 0.8660254037889127 0
1.43333333333364 0.8660254037888588 0
1.700000000000106 0.2886751345962258 0
5.600000000000083 0.3464101615139881 0
5.633333333333335 0.05773502691896343 0
6.633333333333333 0.05773502691896237 0
5.366666666666785 0.6350852961100411 0
6.03333333333341 0.288675134594455 0
0.6333333333333311 0.9422649730810372 0
2.866666666666693 0.1154700538384312 0
1.933333333333436 0.346410161515151 0
5.400000000000234 0.808290376866982 0
5.366666666666956 0.8660254037859327 0
5.300000000000289 0.8660254037859836 0
5.433333333333625 0.8660254037858828 0
5.498851096631449 0.8620578403121417 0
1.70000000000001 0.05773502691952281 0
2.166666666666804 0.5196152422729969 0
5.23333333333345 0.6350852961101818 0
5.200000000000098 0.5773502691909675 0
5.133333333333423 0.5773502691910222 0
5.266666666666769 0.5773502691908813 0
5.333333333333441 0.577350269190779 0
3.10000000000001 0.05773502691909987 0
3.366666666666677 0.05773502691905674 0
3.633333333333343 0.05773502691910254 0
3.900000000000009 0.05773502691908494 0
4.166666666666676 0.05773502691903432 0
4.7 0.05773502691896232 0
4.966666666666667 0.05773502691896265 0
6.300000000000009 0.05773502691882992 0
6.3 0.9422649730810375 0
6.333333333333336 0.8878612494410199 0
6.400000000000004 0.8845299461620786 0
6.366666666666675 0.8267949192431142 0
6.266666666666676 0.8863926407521578 0
6.20000000000001 0.8863127614444382 0
6.033333333333347 0.9441276676711282 0
5.766666666666667 0.9422649730810368 0
5.732184429964572 0.8884975096357302 0
5.666666666666669 0.8845299461620734 0
4.699999999999999 0.9422649730810375 0
4.733333333333333 0.8845299461620753 0
4.8 0.8845299461620757 0
4.666666666666666 0.8845299461620753 0
4.59806984234045 0.8837861372884315 0
2.099999999999998 0.9422649730810366 0
2.064414816063735 0.8858300527138501 0
1.999624691566175 0.8880779338665943 0
2.130805745921946 0.8777791357687238 0
2.033333333333325 0.826794919243114 0
2.166245402098102 0.9411398380154786 0
2.200000000000001 0.8845299461620739 0
2.26551776329788 0.8884975096359502 0
0.3666666666666676 0.9422649730810376 0
0.3000000000000052 0.94226497308103 0
6.933333333333435 0.3464101615135033 0
6.36666315021869 0.5196167613140853 0
6.266663108848704 0.5773574820948567 0
5.300000000000102 0.5196152422715495 0
5.033333333333442 0.5196152422713627 0
5.000000000000117 0.5773502691906126 0
4.933333333333451 0.5773502691906947 0
6.766666666640475 0.6350852961883099 0
6.733333333328329 0.5773502692054526 0
6.666666666666751 0.577350269190201 0
6.166666666666779 0.6350852961094944 0
6.133333330843558 0.5773502766866678 0
6.066666663761943 0.5773502779359257 0
5.766666666640458 0.6350852961890452 0
5.733333333328309 0.5773502692062074 0
5.799999999991705 0.5773502692159047 0
5.866666666666744 0.5773502691907525 0
5.699999999999241 0.5196152422741336 0
5.633333333332265 0.6350852961134329 0
5.666666666666247 0.5773502691923638 0
4.466291358233099 0.8080736924423456 0
4.433333333333624 0.8660254037866252 0
4.366666666666958 0.8660254037866737 0
4.333333333333581 0.8049590735886373 0
4.166666666666877 0.6350852961107324 0
4.133333333333518 0.5773502691913276 0
4.066666666666889 0.5773502691915831 0
3.133333333333586 0.8082903768686156 0
3.100000000000294 0.8660254037876023 0
3.033333333333627 0.8660254037876505 0
3.166666666666961 0.8660254037875538 0
3.232184429964727 0.8620578403136729 0
3.000000000000026 0.1154700538383765 0
4.066666666666691 0.1154700538380681 0
4.366666666666746 0.2886751345951614 0
4.466666666666756 0.3464101615141619 0
4.500000000000082 0.2886751345950039 0
6.10000000000009 0.288675134594219 0
6.133333333333447 0.3464101615133975 0
6.166666666666666 0.05773502691896021 0
7.299999999999994 0.05773502691889709 0
6.766666666666666 0.9422649730810366 0
2.833333333333333 0.9422649730810376 0
2.866666666666667 0.8845299461620753 0
2.932184429964531 0.8884975096359242 0
6.000000000000081 0.3464101615138465 0
2.600000000000097 0.3464101615149089 0
7.233333333342616 0.2886751345987938 0
7.2666628123065 0.5773583749399525 0
7.033333333333331 0.9441276676711056 0
5.833333333332034 0.5196152422756281 0
5.933333332753373 0.5773502709368269 0
1.166666666666674 0.05773502691988996 0
1.900000000000009 0.05773502691910382 0
1.833333333333344 0.05773502691931104 0
1.700000000000002 0.9422649730810346 0
1.299999999999998 0.9422649730810344 0
1.300000000000011 0.05773502691969734 0
1.800000000000101 0.3464101615152074 0
7.94112741178865 0.7681348129639658 0
2.799999999999999 0.8845299461620753 0
2.733333333333333 0.8845299461620756 0
3.266666666666691 0.1154700538381508 0
1.833333333333333 0.9455962763602719 0
1.864736509007051 0.8842620377577242 0
2.566666666666677 0.0577350269193142 0
2.833333333333341 0.05773502691917975 0
3.9 0.9422649730810376 0
3.933333333333334 0.8845299461620753 0
4 0.884529946162075 0
3.633333333333333 0.9422649730810375 0
3.666666666666667 0.8845299461620753 0
3.733333333333333 0.8845299461620748 0
3.366666666666667 0.9428201902942275 0
3.4 0.8845299461620754 0
3.466666666666667 0.8845299461620751 0
3.1 0.9422649730810376 0
1.16658292735408 0.943934705990644 0
2.70000000000001 0.05773502691939003 0
2.466666666666764 0.3464101615149766 0
3.666666666666918 0.8082903768682254 0
3.23333333333346 0.6350852961116551 0
3.200000000000108 0.5773502691921686 0
3.133333333333361 0.5773502691917646 0
3.266666666666778 0.577350269192039 0
3.33333333333345 0.5773502691919754 0
2.733333333333589 0.8082903768689071 0
2.700000000000135 0.6350852961119205 0
2.733333333333452 0.5773502691923071 0
2.800000000000117 0.5773502691922821 0
2.50000000000009 0.288675134595893 0
3.433333333333417 0.2886751345955548 0
3.666666666666691 0.1154700538382362 0
7.299937448594368 0.9428563043650644 0
7.266647670248546 0.8864276962719297 0
7.199999175846107 0.8863142823176304 0
1.366666666666813 0.5196152422722797 0
1.39999999999941 0.5773502691942286 0
1.466666666663646 0.5773502692024719 0
1.33333333333263 0.5773502691947681 0
1.266666666666822 0.5773502691912703 0
1.033333333333467 0.5196152422742176 0
0.9333333333330152 0.5773502691922888 0
2.30000000000001 0.05773502691931881 0
3.933333333333584 0.8082903768680295 0
3.76666666666689 0.6350852961109932 0
3.733333333333529 0.5773502691915275 0
3.666666666666727 0.5773502691917138 0
3.6 0.8845299461620753 0
3.700000000000112 0.5196152422721014 0
3.600000000000046 0.577350269191353 0
3.800000000000398 0.5773502691911119 0
3.866666666667182 0.5773502691915207 0
3.66666666666676 0.3464101615146947 0
3.800000000000025 0.1154700538381562 0
3.333333333333333 0.8845299461620755 0
5.966666666570102 0.519615242562247 0
6.533333333333227 0.8082903768671568 0
3.00000000000025 0.8049590735895261 0
5.900000000000078 0.2886751345947933 0
3.833333333333622 0.5196152422719613 0
3.933333333334199 0.5773502691907023 0
3.166666666666748 0.5196152422723656 0
3.066666666666589 0.577350269191396 0
0.6333333333333431 0.05773502691915589 0
0.5666666666666793 0.05773502692000937 0
4.300000000000009 0.05773502691901111 0
5.100000000000001 0.05773502691896271 0
5.366666666666667 0.05773502691896248 0
5.900000000000002 0.05773502691896487 0
1.433333333333334 0.9422649730810384 0
3.866666666666667 0.8845299461620755 0
3.8 0.8845299461620748 0
2.966666666666677 0.05773502691921201 0
6.633333333333331 0.9422649730810423 0
4.833333333333333 0.9422649730810377 0
4.866666666666666 0.8845299461620754 0
4.933333333333333 0.8845299461620748 0
4.3 0.9422649730810376 0
4.265517763297908 0.8884975096358119 0
4.2 0.884529946162075 0
4.166666666666667 0.9422649730810376 0
4.133333333333334 0.8845299461620749 0
1.566666666666666 0.9422649730810386 0
7.766521990198829 0.7506774275560342 0
1.433333333306531 0.6350852961934537 0
1.533333333329881 0.5773502692040419 0
3.766666666666667 0.9422649730810374 0
4.200000000000092 0.3464101615145123 0
2.866666666666763 0.3464101615148212 0
3.366666666666804 0.6350852961113903 0
5.633333333333334 0.9428201902942028 0
5.600000000000003 0.8845299461620773 0
5.366666666666666 0.9422649730810374 0
5.100000000000001 0.9422649730810373 0
5.133333333333336 0.8845299461620746 0
5.198851096631255 0.8884975096357481 0
5.066666666666666 0.8845299461620746 0
5 0.8845299461620746 0
0.05852616932963084 0.7677331920798564 0
5.133333333333407 0.3464101615143346 0
5.100000000000064 0.2886751345951781 0
0.06829022995057565 0.2321712097660175 0
4.866666666666749 0.3464101615143913 0
4.366666666666849 0.5196152422718344 0
4.400000000000193 0.5773502691911935 0
4.466666666666804 0.5773502691909365 0
4.500000000000119 0.5196152422715463 0
4.53333333333346 0.5773502691908835 0
4.600000000000123 0.5773502691908927 0
4.333333333333417 0.3464101615144523 0
4.233333333333416 0.2886751345953021 0
4.100000000000168 0.5196152422720116 0
4.200000000000362 0.5773502691909582 0
4.266666666666952 0.5773502691913718 0
4.066666666666758 0.3464101615144136 0
3.533333333333427 0.3464101615147018 0
1.666666666666765 0.3464101615152572 0
4.033333333333561 0.6350852961110145 0
4.498078778255714 0.8602902445688905 0
5.233333333333412 0.2886751345946174 0
2.966666666666741 0.6350852961113782 0
2.933333333333393 0.5773502691918266 0
7.932123700084853 0.2321038373680583 0
5.000000000000249 0.8082903768672418 0
1.566666666666678 0.05773502691959859 0
3.400000000000091 0.3464101615147028 0
2.733333333333431 0.3464101615149423 0
6.33333333333342 0.346410161513649 0
2.766666666666779 0.5196152422726121 0
3.966666666666748 0.2886751345953601 0
4.83333333333346 0.635085296110235 0
4.800000000000108 0.5773502691909571 0
4.733333333333445 0.5773502691911589 0
4.200000000000026 0.1154700538380456 0
0.1352116129383005 0.5782738790228028 0
0.06420617338014756 0.5722256052809036 0
5.166666666666766 0.5196152422716123 0
3.433333333333441 0.5196152422721311 0
3.466666666666748 0.57735026919159 0
3.133333333333425 0.3464101615148337 0
0.3000000000001188 0.5196152422725844 0
2.166666666666678 0.0577350269191913 0
2.433333333333343 0.05773502691936633 0
3.233333333333344 0.05773502691910237 0
3.50000000000001 0.05773502691903409 0
3.766666666666677 0.05773502691908922 0
4.033333333333344 0.05773502691904464 0
4.433333333333342 0.05773502691897714 0
4.566666666666674 0.05773502691896226 0
4.833333333333333 0.05773502691896226 0
5.233333333333334 0.05773502691896121 0
5.5 0.05773502691896121 0
6.033333333333333 0.05773502691896232 0
7.433333333333335 0.05773502691895932 0
7.166666529307684 0.9431175796534443 0
7.133333333333336 0.8845299461620659 0
6.498069842340538 0.935290160550345 0
5.899999999999997 0.9422649730810402 0
5.500000000000014 0.9441276676711485 0
5.230568305892454 0.9430638714566288 0
4.966666666666667 0.9422649730810375 0
4.566344973723409 0.9454723082144874 0
4.433333333333334 0.9422649730810376 0
4.033333333333333 0.9422649730810377 0
3.5 0.9422649730810375 0
3.233333333333334 0.9441276676712402 0
2.963901639225702 0.9430638714567608 0
2.566666666666666 0.9422649730810388 0
2.599999999999997 0.8845299461620763 0
2.666666666666663 0.8845299461620727 0
2.433103552659573 0.94382047694871 0
2.464703683196569 0.8840083521272796 0
3.133333333333359 0.1154700538381931 0
4.066666666666667 0.8845299461620748 0
3.533333333333333 0.884529946162075 0
6.099999999100983 0.519615244978184 0
5.566666666666763 0.51961524227151 0
4.766666666666772 0.5196152422717324 0
4.866666666666784 0.5773502691908184 0
4.600000000000089 0.3464101615141757 0
4.233333333333543 0.5196152422718887 0
3.266666666666762 0.3464101615148037 0
2.900000000000091 0.5196152422725524 0
2.500000000000108 0.5196152422733609 0
2.399999999999716 0.5773502691915228 0
2.33333333333343 0.3464101615149557 0
5.200000000000077 0.3464101615137445 0
3.300000000000087 0.2886751345956476 0
6.200000000000248 0.8082903768663696 0
5.133333333333582 0.8082903768671457 0
4.966666666666804 0.6350852961100052 0
4.866666666666914 0.8082903768673437 0
4.733333333333581 0.8082903768674423 0
4.700000000000133 0.6350852961104747 0
4.597472412588766 0.8149732014799749 0
4.566666666666809 0.6350852961102925 0
4.433333333333501 0.63508529611042 0
4.20000000000025 0.8082903768678336 0
4.066666666666917 0.8082903768679317 0
3.800000000000251 0.8082903768681273 0
3.633333333333433 0.6350852961109757 0
3.533333333333585 0.8082903768683227 0
3.500000000000086 0.6350852961108326 0
3.400000000000115 0.5773502691917745 0
2.600000000000255 0.808290376869003 0
2.46413438985391 0.8150049464581071 0
2.33295802489976 0.80474238916467 0
2.366666666666965 0.8660254037881345 0
2.333333333333362 0.1154700538386033 0
2.900000000000093 0.2886751345956734 0
3.000000000000095 0.3464101615147016 0
3.033333333333422 0.2886751345956251 0
4.100000000000083 0.288675134595242 0
4.333333333333357 0.1154700538380109 0
4.633333333333414 0.2886751345949556 0
4.73333333333342 0.34641016151408 0
7.566668530308418 0.0577360197021477 0
2.033333333333345 0.05773502691927768 0
3.400000000000252 0.8082903768684201 0
3.800000000000094 0.3464101615146588 0
3.700000000000086 0.2886751345955158 0
7.599999921579943 0.5773498343667226 0
1.299999999998354 0.6350852961174994 0
3.933333333333359 0.1154700538381328 0
1.766666666666788 0.5196152422722246 0
1.733333330843603 0.5773502766881361 0
1.666666665671804 0.5773502721884183 0
0.3333333333334045 0.2309401076776475 0
2.633333333333429 0.2886751345958078 0
3.400000000000027 0.115470053838206 0
3.933333333333426 0.3464101615145422 0
3.833333333333418 0.2886751345954719 0
3.566666666666753 0.2886751345955329 0
3.263901639225885 0.8074914784927855 0
7.876740966395177 0.4649669194988708 0
5.000000000000082 0.3464101615141827 0
1.433333333333345 0.05773502691967297 0
4.633333333333443 0.5196152422717908 0
2.699999999999999 0.9422649730810373 0
3.30000000000011 0.5196152422724 0
0.700000000000188 0.5196152422742856 0
3.53333333333336 0.1154700538381572 0
2.200000000000029 0.1154700538385227 0
2.633333333333448 0.5196152422725304 0
3.166666666666754 0.2886751345956779 0
3.100000000000072 0.6350852961112385 0
2.200000000000093 0.3464101615150963 0
2.03332727872874 0.519627318536462 0
1.863973014477694 0.8144802203951478 0
4.90000000000011 0.5196152422715462 0
1.933233311376617 0.8863904184153137 0
4.466666666666689 0.1154700538379453 0
0.7333333333334258 0.3464101615156402 0
5.433333333333415 0.2886751345944875 0
5.500000000000075 0.2886751345946936 0
6.166666666666669 0.9431173261745933 0
0.4999999999999982 0.942264973081038 0
5.266666666666911 0.8049590735880081 0
2.199916260687653 0.8065999971602783 0
2.766666666666756 0.2886751345958444 0
6.699999999999245 0.5196152422735805 0
6.600000000000044 0.5773502691899718 0
6.799999999991718 0.5773502692152308 0
4.900000000000084 0.2886751345951964 0
6.833333333333407 0.2886751345941506 0
5.766666666666666 0.05773502691896021 0
6.899999999999996 0.942264973081034 0
5.933333333333415 0.3464101615139308 0
5.533333333333413 0.3464101615140647 0
5.833333333333425 0.2886751345949891 0
5.899999998592121 0.6350853003487166 0
2.86666666666692 0.8082903768688066 0
2.099988922582219 0.6350076059872202 0
6.899999998562555 0.635085300437041 0
1.699999978657853 0.6350853603676491 0
1.933333333333362 0.1154700538385362 0
7.496361805998955 0.9416299257755503 0
2.066666666666766 0.3464101615151006 0
1.899997668342219 0.5196218338198595 0
1.73295780979626 0.8080743400595096 0
1.764745344618976 0.860290546555344 0
2.297234972559017 0.943072742347332 0
1.633333333167706 0.5196152427723657 0
1.49999999999903 0.5196152422764009 0
2.533248169882794 0.8862093197958854 0
6.063901438766947 0.8074920820157048 0
5.100000000000127 0.6350852961099995 0
0.6333333333335505 0.750505827303506 0
5.433333333333431 0.5196152422715327 0
6.766666666666666 0.05773502691896493 0
0.5333333333335206 0.5773502691915759 0
7.333333333698261 0.3464101617076403 0
1.033333333333342 0.05773502691909871 0
6.633333333332267 0.6350852961127176 0
5.530568305892304 0.8074914784922145 0
5.79999999973188 0.8049590743955959 0
2.433333333333374 0.6350852961118252 0
7.033333333333336 0.05773502691895788 0
6.833333333332034 0.5196152422751148 0
5.66666666666691 0.8082903768667457 0
2.36666666666676 0.2886751345959213 0
0.833333333333417 0.6350852961132454 0
7.733333791207236 0.4618804592663943 0
0.2333870487980518 0.05776603955730264 0
6.506098262546637 0.868194412030744 0
6.433333333333335 0.9422649730810395 0
7.801408477065005 0.4625416081411419 0
2.466666666666694 0.1154700538386199 0
1.333333333333422 0.3464101615153852 0
1.966666666666761 0.2886751345961081 0
1.333333333333363 0.1154700538391453 0
0.4333333333333451 0.05773502692024246 0
1.966587444934909 0.9431663830739971 0
6.799999999727481 0.8082903776871355 0
6.833333333333603 0.8660254037848838 0
7.066666666667249 0.3464101615136257 0
7.200000000000216 0.8082903768657217 0
7.466666676274054 0.3464101666309226 0
7.767011965665501 0.05791897168242688 0
7.566666565123581 0.6350848396095088 0
1.60000000000003 0.1154700538389553 0
1.733333333333362 0.1154700538388728 0
2.100000000000091 0.2886751345960605 0
0.6666666666667611 0.3464101615156671 0
1.166666666666802 0.6350852961132121 0
1.833333333333455 0.63508529611269 0
6.133333333333338 0.8845299461620878 0
7.100000000000428 0.2886751345941369 0
7.766615617925151 0.6351147739937564 0
0.533333333333422 0.3464101615156535 0
0.400000000000114 0.4618802153536064 0
2.866666666666768 0.5773502691924054 0
7.532716208171824 0.8049198391822008 0
0.3666666666667218 0.1732050807584128 0
6.299924361891666 0.6352935163443556 0
1.466666666394178 0.8082903776910444 0
7.299924312473387 0.6352936651542888 0
0.2333719192986528 0.6350713062075187 0
0.7333333333333698 0.1154700538383999 0
0.6000000000004508 0.6928120692562254 0
2.733333333333361 0.1154700538385978 0
0.1235534954805786 0.3414431883969411 0
1.066666666666696 0.1154700538383745 0
6.033333312087838 0.6350853600739272 0
6.300000000000081 0.2886751345943501 0
6.966666666363164 0.5196152431849845 0
2.83333333333347 0.635085296111733 0
7.233332394397714 0.5196174860746858 0
1.166666666666766 0.2886751345964682 0
7.699913336552523 0.7505241598178547 0
7.06390143876697 0.8074920820150916 0
0.5666666666667508 0.2886751345966844 0
0.5333333333335903 0.8082408542214867 0
0.198674322360938 0.3454066476682286 0
1.266666666666763 0.3464101615154153 0
0.9666666666667019 0.6350852961128303 0
7.862411043518063 0.2310259466560504 0
0.9666666666667552 0.2886751345965428 0
7.799916326312666 0.6928750579896531 0
1.13333333333344 0.3464101615154963 0
0.766666666666747 0.2886751345966213 0
0.7666666666666773 0.05773502691937538 0
4.600000000000018 0.1154700538379171 0
0.5333333333333701 0.115470053839372 0
0.9333333333334259 0.3464101615155567 0
0.8662913582330862 0.807981156242762 0
0.9332707819279422 0.8076836228857608 0
0.3333333333335968 0.8082903768674391 0
7.666672236336975 0.2309430747034639 0
0.9666666666666783 0.05773502691919419 0
0.6000000000001324 0.5773502691914757 0
1.066666666666774 0.3464101615155342 0
5.033333333333405 0.2886751345949015 0
0.8974042339012716 0.8720983206827946 0
0.8666666666667684 0.3464101615155764 0
7.865125699687727 0.6925036794114789 0
5.40000000000009 0.346410161513766 0
4.666666666666681 0.1154700538379013 0
6.633333333333413 0.2886751345943934 0
3.03333333333335 0.519615242272024 0
3.566666666666729 0.5196152422717936 0
4.666666666666786 0.5773502691910932 0
1.366666666666747 0.288675134596399 0
5.066666666666776 0.5773502691906097 0
5.800000000000098 0.3464101615138658 0
7.500000098956781 0.2886751873091518 0
6.200000000000095 0.3464101615136366 0
6.233332740363736 0.5196164444219677 0
0.2667293347088626 0.1155062352497103 0
1.566666665729777 0.6350852989340418 0
1.79999999709528 0.5773502779381183 0
6.566666577031809 0.5196148576235249 0
4.733333333333349 0.1154700538378886 0
6.600000000000096 0.3464101615135337 0
6.199997528878136 0.5773570287352962 0
1.20000000000019 0.5773502691936511 0
4.80000000000001 0.1154700538378712 0
6.866666666296151 0.577350270305775 0
4.866666666666683 0.1154700538378618 0
6.533332353094802 0.5773448763625315 0
4.933333333333352 0.1154700538378614 0
5.999999995282171 0.5773502833947138 0
5.000000000000018 0.115470053837828 0
5.066666666666674 0.1154700538378103 0
5.13333333333335 0.115470053837808 0
5.200000000000015 0.1154700538377803 0
5.266666666666686 0.1154700538377662 0
5.33333333333335 0.1154700538377519 0
4.300000000000264 0.6350852961107427 0
5.400000000000015 0.115470053837737 0
5.466666666666683 0.1154700538377244 0
3.900000000000418 0.6350852961107367 0
5.533333333333348 0.1154700538377093 0
5.600000000000012 0.1154700538376913 0
3.533333333333358 0.5773502691911169 0
3.000000000000027 0.5773502691916548 0
5.66666666666668 0.1154700538376733 0
5.733333333333348 0.1154700538376559 0
2.333333333333406 0.5773502691927606 0
5.80000000000001 0.1154700538376413 0
4.333333333333564 0.5773502691912997 0
2.366666666666935 0.519615242272363 0
5.866666666666677 0.115470053837621 0
5.933333333333348 0.1154700538376141 0
3.966666666667066 0.5196152422720438 0
6.000000000000014 0.1154700538375976 0
1.599999999069861 0.5773502719938574 0
6.06666666666667 0.1154700538375686 0
1.233333333333787 0.5196152422725092 0
6.133333333333345 0.1154700538375488 0
0.9000000000002162 0.5196152422733121 0
0.8666666666666307 0.577350269193853 0
6.200000000000009 0.1154700538375296 0
6.266666666666671 0.1154700538375107 0
6.333333333333433 0.1154700538374073 0
6.400000000000089 0.1154700538373423 0
6.500000000000028 0.0577350269186917 0
6.43333333333339 0.05773502691867599 0
6.53333333333333 0.1154700538374303 0
6.600000000000004 0.1154700538374037 0
6.666666666666678 0.1154700538373874 0
4.000000000000468 0.577350269191886 0
6.733333333333343 0.1154700538373684 0
6.80000000000001 0.1154700538373494 0
6.866666666666671 0.1154700538373308 0
6.933333333333343 0.1154700538373151 0
7.000000000000012 0.1154700538372945 0
7.066666666666674 0.1154700538372845 0
7.133333333333344 0.1154700538372828 0
7.200000000000001 0.1154700538372481 0
7.266666666666675 0.1154700538372117 0
7.333333333333343 0.1154700538371742 0
7.399999999999997 0.1154700538371676 0
7.466666666666669 0.115470053837151 0
7.533333643940313 0.1154702193010796 0
7.600013407867275 0.1154771963630467 0
7.633350449024968 0.1732141984828758 0
0.6333333333336588 0.6350839204829528 0
7.935982553724928 0.901149224532334 0
0.06401744627511041 0.9011492245323641 0
7.94454199842474 0.09940171727669334 0
0.05540300442704993 0.09944418039832681 0
0.0562621096799405 0.3680598238053204 0
7.943577591526217 0.3678498630080075 0
0.109270947588989 0.8621274220427587 0
7.890424914615656 0.8615832290134593 0
7.943709126938273 0.4356950166230083 0
0.05519193748240214 0.4373505937183605 0
0.1093898610499888 0.5271144219710137 0
7.890075133848441 0.5273004708686451 0
7.890366178124847 0.7423896989396448 0
0.110143240744085 0.7446991471745475 0
7.888810451421969 0.2801289233261262 0
0.1112115052573683 0.2793255965531121 0
0.04483258371901666 0.633518969980807 0
7.955160228201286 0.6335372633755727 0
0.1112261300300621 0.1840294744950613 0
7.889028172120833 0.1836416672310623 0
7.619397734873552 0.9520022255381582 0
7.518512025969334 0.8930217990116482 0
7.418272049333694 0.8376530545853478 0
6.453998389100654 0.8788609045406213 0
6.417466344486892 0.8373557408008907 0
7.718647357773964 0.9128578409957571 0
7.319509234078719 0.798051329177538 0
5.786176009295968 0.8946824003013095 0
7.085780899656367 0.8557591395976597 0
5.252447672042488 0.8947965286407938 0
6.319509234078363 0.7980513291777961 0
6.085780899656319 0.8557591395981221 0
4.319509342629227 0.8946824003016269 0
5.552447672042328 0.8557588213075829 0
4.552049567906871 0.8552867354916485 0
2.98578100537568 0.8947965286413073 0
2.319114338708979 0.8948053995319902 0
2.085324747531954 0.8374529900386729 0
3.285781005375697 0.8557588213082288 0
2.418650577822948 0.8553093477056244 0
0.7531184127709056 0.9534138290113151 0
0.9530011777332539 0.9528701641730636 0
1.986175900744792 0.79805132918002 0
1.8186924070697 0.855284608410769 0
1.052691677233918 0.9140533331664917 0
0.8519699002666554 0.912941701371899 0
7.951196612828749 0.9511966128287542 0
0.04880338717125099 0.9511966128287543 0
7.951196612828747 0.04880338717124816 0
0.0488033871711977 0.04880338717119387 0
7.803138697543496 0.9045182235991815 0
7.233138419367188 0.8464250594981619 0
7.170026737110289 0.8468670370793122 0
6.999863225579038 0.9039389638903473 0
6.933333333333634 0.904145188432808 0
6.866666666666855 0.9041451884329121 0
6.80000000000021 0.9041451884329191 0
6.733333333333458 0.9041451884330147 0
6.666666666666826 0.9041451884330064 0
6.6000000000002 0.904145188432993 0
6.537021107779317 0.903894990375643 0
6.233141722795827 0.8464189634330126 0
6.170026951998833 0.8468666405294707 0
5.999863225579099 0.9039389638906352 0
5.93333333333333 0.9041451884334166 0
5.870036955557115 0.9037820682475179 0
5.700000000000003 0.8464101615145161 0
5.636703622223724 0.84677328170054 0
5.466529892456252 0.9039389632571166 0
5.399999999999999 0.9041451884336109 0
5.336703622223781 0.9037820682477224 0
5.166666666666945 0.8464101615144768 0
5.100000000000129 0.8464101615146222 0
5.033333333333484 0.8464101615146262 0
4.966666666666856 0.8464101615146198 0
4.900000000000114 0.8464101615147086 0
4.833333333333481 0.8464101615147037 0
0.3333333333335835 0.9041451884335993 0
0.2666666666667874 0.9041451884337115 0
0.4666666666668737 0.9041451884335829 0
4.766666666666774 0.8464101615147637 0
0.199999999999998 0.9041451884338314 0
0.4000000000002455 0.9041451884336212 0
4.700000000000037 0.8464101615148563 0
4.636572031875408 0.846719356420073 0
4.466666666666986 0.9041451884336796 0
4.403370288890463 0.9037820682480628 0
4.233333333333611 0.8464101615148213 0
4.166666666666797 0.8464101615149666 0
4.100000000000152 0.8464101615149708 0
4.033333333333442 0.8464101615150325 0
3.966666666666815 0.8464101615150226 0
3.900000000000108 0.8464101615150819 0
3.833333333333481 0.8464101615150714 0
3.766666666666822 0.84641016151509 0
3.700000000000156 0.8464101615151136 0
3.63333333333349 0.846410161515138 0
3.566666666666777 0.8464101615152031 0
3.500000000000037 0.8464101615152975 0
3.43333333333347 0.8464101615152294 0
3.370036955557316 0.8467732817010327 0
3.199863225789525 0.9039389632579999 0
3.133333333333655 0.9041451884341667 0
3.070036955557129 0.9037820682485638 0
2.9 0.8464101615155526 0
2.833333333333466 0.8464101615154533 0
2.766666666666821 0.846410161515458 0
2.700000000000109 0.84641016151552 0
2.633333333333482 0.8464101615155089 0
2.566666666666949 0.8464101615154276 0
2.503232311689806 0.8468200089325957 0
2.233333333333617 0.8464101615155519 0
2.169901005602931 0.8459846470581853 0
1.90316499227592 0.8466282846424358 0
1.733333333333676 0.9041451884346771 0
1.666666666666827 0.9041451884348526 0
1.600000000000064 0.9041451884349663 0
1.533333333333503 0.9041451884348969 0
1.466666666666798 0.9041451884349567 0
1.40000000000018 0.9041451884349403 0
0.5333333333330383 0.9041451884342442 0
1.333333333333464 0.904145188435007 0
1.266666666666842 0.90414518843499 0
1.200000000000316 0.9041451884348923 0
1.1365844201319 0.9045509817585878 0
0.6664751827720723 0.9041367678015662 0
0.6000000000003429 0.904145188435082 0
7.710010106689614 0.9556278871811483 0
7.299054726597551 0.844924478813305 0
7.065724928334475 0.9026289930161476 0
7.609419631836184 0.9080766766163891 0
7.506152533951797 0.848989980607797 0
7.404871945648961 0.7919337831503713 0
6.299078876760342 0.8449088182201305 0
6.065724928334474 0.9026289930164534 0
6.403561918379237 0.7908589724648958 0
5.532391601542558 0.9026289733222908 0
5.76575723430894 0.8480200562830094 0
5.232399909014275 0.8480269882275293 0
4.532192045000816 0.9023396190956294 0
4.299090567658594 0.8480200562344915 0
3.265724934875888 0.9026289733230575 0
2.965733242347583 0.8480269882284259 0
2.404883774423789 0.9006318614778392 0
1.965920547825849 0.8449345582177521 0
2.299043779979172 0.8480143659294237 0
1.798876797499357 0.9023759434112737 0
2.071578003287176 0.7919187995593342 0
1.043485637248246 0.9558669856166172 0
0.8433334036602775 0.9558258029535188 0
0.9382757683337615 0.9073426971138852 0
0.7320672924186846 0.9064736916098034 0
7.866666666666674 0.9072052410263359 0
0.1333333333333258 0.9072052410264341 0
2 2 0 498
2373
2374
2375
2376
2377
2378
2379
2380
2381
2382
2383
2384
2385
2386
2387
2388
2389
2390
2391
2392
2393
2394
2395
2396
2397
2398
2399
2400
2401
2402
2403
2404
2405
2406
2407
2408
2409
2410
2411
2412
2413
2414
2415
2416
2417
2418
2419
2420
2421
2422
2423
2424
2425
2426
2427
2428
2429
2430
2431
2432
2433
2434
2435
2436
2437
2438
2439
2440
2441
2442
2443
2444
2445
2446
2447
2448
2449
2450
2451
2452
2453
2454
2455
2456
2457
2458
2459
2460
2461
2462
2463
2464
2465
2466
2467
2468
2469
2470
2471
2472
2473
2474
2475
2476
2477
2478
2479
2480
2481
2482
2483
2484
2485
2486
2487
2488
2489
2490
2491
2492
2493
2494
2495
2496
2497
2498
2499
2500
2501
2502
2503
2504
2505
2506
2507
2508
2509
2510
2511
2512
2513
2514
2515
2516
2517
2518
2519
2520
2521
2522
2523
2524
2525
2526
2527
2528
2529
2530
2531
2532
2533
2534
2535
2536
2537
2538
2539
2540
2541
2542
2543
2544
2545
2546
2547
2548
2549
2550
2551
2552
2553
2554
2555
2556
2557
2558
2559
2560
2561
2562
2563
2564
2565
2566
2567
2568
2569
2570
2571
2572
2573
2574
2575
2576
2577
2578
2579
2580
2581
2582
2583
2584
2585
2586
2587
2588
2589
2590
2591
2592
2593
2594
2595
2596
2597
2598
2599
2600
2601
2602
2603
2604
2605
2606
2607
2608
2609
2610
2611
2612
2613
2614
2615
2616
2617
2618
2619
2620
2621
2622
2623
2624
2625
2626
2627
2628
2629
2630
2631
2632
2633
2634
2635
2636
2637
2638
2639
2640
2641
2642
2643
2644
2645
2646
2647
2648
2649
2650
2651
2652
2653
2654
2655
2656
2657
2658
2659
2660
2661
2662
2663
2664
2665
2666
2667
2668
2669
2670
2671
2672
2673
2674
2675
2676
2677
2678
2679
2680
2681
2682
2683
2684
2685
2686
2687
2688
2689
2690
2691
2692
2693
2694
2695
2696
2697
2698
2699
2700
2701
2702
2703
2704
2705
2706
2707
2708
2709
2710
2711
2712
2713
2714
2715
2716
2717
2718
2719
2720
2721
2722
2723
2724
2725
2726
2727
2728
2729
2730
2731
2732
2733
2734
2735
2736
2737
2738
2739
2740
2741
2742
2743
2744
2745
2746
2747
2748
2749
2750
2751
2752
2753
2754
2755
2756
2757
2758
2759
2760
2761
2762
2763
2764
2765
2766
2767
2768
2769
2770
2771
2772
2773
2774
2775
2776
2777
2778
2779
2780
2781
2782
2783
2784
2785
2786
2787
2788
2789
2790
2791
2792
2793
2794
2795
2796
2797
2798
2799
2800
2801
2802
2803
2804
2805
2806
2807
2808
2809
2810
2811
2812
2813
2814
2815
2816
2817
2818
2819
2820
2821
2822
2823
2824
2825
2826
2827
2828
2829
2830
2831
2832
2833
2834
2835
2836
2837
2838
2839
2840
2841
2842
2843
2844
2845
2846
2847
2848
2849
2850
2851
2852
2853
2854
2855
2856
2857
2858
2859
2860
2861
2862
2863
2864
2865
2866
2867
2868
2869
2870
8.566666666666666 0.05773502691896232 0
8.833333333333334 0.9422649730810376 0
9.1 0.945596276359922 0
9.366666666666667 0.05773502691896265 0
8.966666666666667 0.05773502691896237 0
9.498030451367818 0.9424268826864359 0
8.498621315957473 0.9417716991301336 0
8.058733647571959 0.5003125544879028 0
9.941266352428041 0.5003125544879041 0
9.298851096631228 0.9462325365545815 0
8.766666666666667 0.05773502691896237 0
9.166666666666666 0.05773502691896237 0
9.566666666666666 0.05773502691896398 0
8.366666666666667 0.05773502691896193 0
9.701148903368772 0.9462325365545807 0
8.063667341758313 0.6960863951869808 0
9.940509481410205 0.3039808455146925 0
8.059490518589795 0.3039808455146898 0
8.298851096631228 0.9462325365545805 0
9.93644356832943 0.6959728538200789 0
9.766666666666667 0.05773502691896237 0
8.233333333333333 0.05773502691896215 0
8.699999999999999 0.9422649730810376 0
8.966666666666667 0.9422649730810376 0
8.166666666666666 0.9440997353821177 0
9.833333333333334 0.944099735382118 0
8.059753074997028 0.160884956352894 0
9.94024692500297 0.1608849563528957 0
8.058066881440658 0.8335452960150322 0
9.94396733399973 0.832765879693769 0
9.899717508714609 0.05645146967038883 0
8.100282491285391 0.05645146967038839 0
8.699999999999999 0.05773502691896243 0
8.733333333333334 0.1154700538379248 0
8.800000000000001 0.1154700538379249 0
8.766666666666666 0.1732050807568872 0
8.833333333333332 0.1732050807568873 0
8.799999999999999 0.2309401076758496 0
8.866666666666665 0.2309401076758497 0
8.833333333333332 0.288675134594812 0
8.766666666666666 0.2886751345948119 0
8.899999999999999 0.2886751345948122 0
8.799999999999999 0.3464101615137744 0
8.733333333333333 0.3464101615137741 0
8.766666666666666 0.4041451884327366 0
8.699999999999999 0.4041451884327364 0
8.733333333333333 0.4618802153516989 0
8.666666666666666 0.4618802153516987 0
8.799999999999999 0.4618802153516992 0
8.633333333333333 0.4041451884327362 0
8.6 0.4618802153516985 0
8.566666666666666 0.4041451884327361 0
8.533333333333333 0.4618802153516984 0
8.5 0.4041451884327359 0
8.466666666666667 0.4618802153516984 0
8.633333333333333 0.519615242270661 0
8.433333333333334 0.4041451884327358 0
8.4 0.4618802153516983 0
8.433333333333334 0.5196152422706607 0
8.366666666666667 0.5196152422706606 0
8.4 0.5773502691896232 0
8.366666666666667 0.4041451884327356 0
8.466666666666667 0.3464101615137734 0
8.333333333333334 0.5773502691896231 0
8.366666666666667 0.6350852961085856 0
8.433333333333334 0.6350852961085856 0
8.699999999999999 0.2886751345948117 0
8.766666666666666 0.5196152422706614 0
8.833333333333332 0.5196152422706617 0
8.799999999999999 0.577350269189624 0
8.866666666666665 0.5773502691896242 0
8.899999999999999 0.5196152422706619 0
8.933333333333332 0.5773502691896244 0
8.966666666666665 0.5196152422706621 0
8.999999999999998 0.5773502691896246 0
9.033333333333331 0.5196152422706625 0
9.066666666666665 0.577350269189625 0
9.099999999999998 0.5196152422706627 0
9.133333333333331 0.5773502691896253 0
9.166666666666664 0.5196152422706631 0
9.199999999999998 0.5773502691896256 0
9.233333333333331 0.5196152422706635 0
9.266666666666664 0.5773502691896261 0
9.299999999999997 0.5196152422706639 0
9.33333333333333 0.5773502691896266 0
9.366666666666664 0.5196152422706642 0
9.399999999999997 0.5773502691896268 0
9.43333333333333 0.5196152422706647 0
9.466666666666663 0.5773502691896273 0
9.499999999999996 0.5196152422706652 0
9.53333333333333 0.577350269189628 0
9.466666666666663 0.4618802153517025 0
9.53333333333333 0.4618802153517031 0
9.266666666666664 0.4618802153517013 0
9.499999999999996 0.4041451884327404 0
9.566666666666663 0.4041451884327409 0
9.233333333333331 0.6350852961085892 0
9.433333333333328 0.6350852961085895 0
8.899999999999999 0.6350852961085875 0
9.533333333333331 0.3464101615137782 0
9.599999999999998 0.3464101615137787 0
9.466666666666665 0.3464101615137778 0
9.633333333333329 0.4041451884327414 0
9.099999999999998 0.6350852961085873 0
9.066666666666665 0.4618802153517001 0
9.666666666666664 0.3464101615137791 0
8.4 0.692820323027548 0
8.466666666666667 0.692820323027548 0
8.333333333333334 0.692820323027548 0
9.699999999999996 0.4041451884327419 0
8.300000000000001 0.5196152422706604 0
9.633333333333331 0.2886751345948165 0
9.699999999999998 0.2886751345948169 0
9.499999999999998 0.2886751345948157 0
9.433333333333332 0.2886751345948151 0
8.266666666666667 0.5773502691896228 0
9.466666666666665 0.230940107675853 0
9.399999999999999 0.2309401076758523 0
9.666666666666664 0.2309401076758543 0
9.733333333333331 0.2309401076758545 0
9.366666666666665 0.2886751345948145 0
9.333333333333332 0.2309401076758515 0
8.933333333333332 0.2309401076758498 0
8.966666666666665 0.2886751345948123 0
8.999999999999998 0.23094010767585 0
9.033333333333331 0.2886751345948124 0
9.066666666666665 0.23094010767585 0
9.099999999999998 0.2886751345948124 0
9.133333333333331 0.2309401076758502 0
9.166666666666664 0.2886751345948128 0
9.666666666666663 0.461880215351704 0
9.733333333333329 0.4618802153517046 0
9.699999999999996 0.5196152422706668 0
8.433333333333334 0.7505553499465104 0
8.5 0.7505553499465105 0
8.533333333333333 0.692820323027548 0
8.566666666666666 0.7505553499465105 0
8.6 0.6928203230275483 0
8.633333333333333 0.7472240466676268 0
9.766666666666664 0.4041451884327423 0
9.766666666666662 0.5196152422706674 0
9.733333333333329 0.5773502691896295 0
9.799999999999995 0.5773502691896299 0
9.766666666666662 0.6350852961085922 0
9.699999999999996 0.6350852961085919 0
9.733333333333327 0.6928203230275545 0
9.666666666666661 0.6928203230275543 0
9.699999999999994 0.7505553499465167 0
9.633333333333328 0.7505553499465166 0
9.76666666666666 0.750555349946517 0
8.6 0.810246085694486 0
8.233333333333334 0.5196152422706602 0
8.200000000000001 0.5773502691896227 0
8.666666666666666 0.692265105814401 0
8.701930157659536 0.7569217199209526 0
8.933333333333332 0.3464101615137746 0
9.699999999999998 0.1732050807568919 0
9.766666666666664 0.1732050807568908 0
9.799999999999997 0.2309401076758538 0
8.666666666666666 0.1154700538379247 0
9.633333333333331 0.173205080756892 0
9.199999999999999 0.23094010767585 0
9.299999999999999 0.2886751345948135 0
9.599999999999994 0.6928203230275543 0
9.566666666666661 0.7505553499465167 0
9.599999999999994 0.808290376865479 0
9.533333333333328 0.8082903768654791 0
9.499999999999995 0.7505553499465168 0
9.466666666666661 0.8082903768654793 0
9.433333333333328 0.7505553499465164 0
9.399999999999995 0.8082903768654792 0
9.366666666666662 0.7505553499465163 0
9.333333333333329 0.8082903768654792 0
9.299999999999995 0.7505553499465162 0
9.266666666666662 0.8082903768654792 0
9.233333333333329 0.7505553499465161 0
9.199999999999996 0.804959073586595 0
9.166666666666663 0.7500001327333686 0
9.131403175673794 0.8146567468399186 0
9.09967830705674 0.7515238754067305 0
9.066666666666663 0.8082903768654794 0
9.033279717842788 0.7507167708565518 0
8.999991064084906 0.808317280350485 0
8.966656241432391 0.7505867373456895 0
8.933330106475104 0.8083000920128423 0
8.899999999999997 0.7505553499465168 0
8.866666128856959 0.8082919960567063 0
9.099999999999998 0.1732050807568878 0
9.333333333333332 0.3464101615137766 0
9.266666666666666 0.3464101615137761 0
9.433333333333332 0.1732050807568903 0
9.133333333333331 0.346410161513775 0
8.733333333333333 0.5773502691896237 0
8.766666666666666 0.6350852961085872 0
8.566666666666666 0.6350852961085858 0
8.233333333333334 0.6350852961085853 0
8.83333324369838 0.7505556198117211 0
8.799999999999997 0.8082903768654792 0
8.6 0.3464101615137737 0
8.266666666666667 0.4618802153516979 0
8.200000000000001 0.4618802153516978 0
8.233333333333334 0.4041451884327353 0
8.166666666666668 0.4041451884327352 0
8.200000000000001 0.3464101615137726 0
8.266666666666667 0.3464101615137729 0
8.233333333333334 0.2886751345948101 0
8.300000000000001 0.2886751345948104 0
8.266666666666667 0.2309401076758482 0
8.333333333333334 0.2309401076758481 0
8.200000000000001 0.2309401076758477 0
8.300000000000001 0.1732050807568865 0
8.366666666666667 0.1732050807568861 0
8.4 0.2309401076758482 0
8.433333333333334 0.173205080756886 0
8.466666666666667 0.2309401076758483 0
8.5 0.1732050807568861 0
8.533333333333333 0.2309401076758484 0
9.499999999999998 0.173205080756891 0
8.466666666666667 0.8082903768654729 0
8.4 0.8082903768654729 0
9.733333333333327 0.8082903768654792 0
9.80297721324923 0.8069086473878994 0
9.833333333333329 0.6350852961085923 0
8.166666666666668 0.6350852961085853 0
8.200000000000001 0.6928203230275478 0
9.834699240787524 0.7486121239125682 0
8.999989326545862 0.6928524577457523 0
9.666666666666666 0.1154700538379276 0
9.466666666666667 0.1154700538379276 0
9.333333333333329 0.6928203230275534 0
8.866666666666667 0.115470053837925 0
8.566666666666666 0.1732050807568862 0
8.6 0.2309401076758487 0
8.966666666666665 0.1732050807568876 0
8.933333333333332 0.4618802153516995 0
9.633333333333329 0.5196152422706661 0
8.466666666666667 0.1154700538379239 0
9.831757979355128 0.5205247733140512 0
9.831399576603591 0.1743215357253536 0
8.134908687311535 0.5782598002330064 0
9.431081482730535 0.8647252972327444 0
9.231403175673794 0.8662933121905275 0
8.431081482730541 0.8647252972327379 0
8.899999999999997 0.8660254037844416 0
9.566666666666661 0.8626941005055574 0
9.76666666666666 0.8660254037844419 0
9.032183670107834 0.8620601280222082 0
9.864073451755333 0.2315873994492827 0
9.831075358830191 0.2877289065910306 0
9.633333333333328 0.8621388832924095 0
8.366291358232868 0.8624774160802686 0
8.3332707819277 0.8076990455814451 0
8.122671229029944 0.3416425852471106 0
8.106198135256879 0.4020604152980922 0
8.495621036874452 0.8716828673995229 0
8.299981003581866 0.8641276536745784 0
8.266653075362706 0.807875529966492 0
8.23333191952476 0.8642230696202778 0
8.199997499147912 0.8079208466882828 0
8.167100306804704 0.8637272655313338 0
8.123836141087974 0.8048065319849926 0
9.834498055004362 0.8621702345496811 0
8.101617081174798 0.6354892361798462 0
8.4 0.9237604307033976 0
9.599999999999996 0.9189299186629438 0
8.064167333034254 0.5722572408711978 0
9.199999999999996 0.6927277868253604 0
8.866666651727506 0.692820368005086 0
8.799999982570981 0.6928203755013409 0
8.633333333333333 0.05773502691896226 0
9.166666666666664 0.635069873408223 0
9.233333333333333 0.2886751345948129 0
9.199999999999998 0.3464101615137755 0
9.166666666666664 0.4041451884327379 0
8.299999999999999 0.05773502691896193 0
9.766716511495591 0.9442187080836391 0
8.833333327938636 0.6350853123504749 0
8.5 0.6350852961085856 0
8.533333333333333 0.5773502691896233 0
8.233283488504409 0.9442187080836386 0
9.533333333333333 0.1154700538379278 0
8.533333333333333 0.3464101615137734 0
9.566666666666663 0.5196152422706657 0
9.666666666666663 0.577350269189629 0
9.864828753692093 0.578411388740244 0
9.898357644007094 0.6354955773699054 0
9.935791547849391 0.5722798022565271 0
8.134793499501678 0.6924559579370335 0
8.123016652586696 0.4648470040555143 0
8.833333333333334 0.05773502691896243 0
9.230963309812608 0.9358952279615926 0
9.700000000000001 0.0577350269189621 0
9.633333333333335 0.05773502691896276 0
9.733333333333333 0.1154700538379269 0
8.766666666666667 0.9455962763599218 0
8.733333333333334 0.8845299461620753 0
8.668918517269461 0.8858300527137722 0
8.694089591471529 0.8251115953495931 0
9.4 0.1154700538379276 0
9.466666666666661 0.6928203230275535 0
9.499999999999995 0.6350852961085907 0
9.865577819387994 0.6919817553071843 0
9.799677707211709 0.1156561296660041 0
9.876703565876619 0.1211745908494832 0
8.366656241432395 0.7504567947325058 0
9.433333333333334 0.05773502691896443 0
9.333333333333332 0.1154700538379256 0
9.497466785306891 0.8723084909398593 0
8.833333333333332 0.4041451884327368 0
9.566666666666665 0.2886751345948161 0
8.633708641767132 0.9424816575063203 0
8.600000000000001 0.8845299461620749 0
8.666666666666666 0.346410161513774 0
9.633333333333328 0.6350852961085915 0
8.566499437398546 0.945550178105651 0
9.43333333333333 0.4041451884327399 0
9.399999999999997 0.4618802153517021 0
9.33333333333333 0.4618802153517017 0
9.299999999999997 0.4041451884327388 0
9.366666666666664 0.4041451884327393 0
9.399999999999999 0.3464101615137772 0
9.300000000000001 0.05773502691896243 0
9.266666666666666 0.1154700538379247 0
9.299999999999999 0.1732050807568876 0
9.233333333333333 0.1732050807568873 0
9.800046176695917 0.692356690735168 0
9.533333333333331 0.2309401076758536 0
8.433333333333334 0.2886751345948107 0
8.366666666666667 0.2886751345948105 0
8.4 0.3464101615137732 0
8.333333333333334 0.3464101615137731 0
8.566666666666666 0.2886751345948111 0
8.633333333333333 0.2886751345948116 0
8.666666666666666 0.2309401076758493 0
9.599999999999996 0.5773502691896283 0
9.033331554424308 0.6350906518949543 0
9.066602039867171 0.693014895840021 0
9.133333333333331 0.4618802153517003 0
8.058526136061547 0.7677271006541727 0
8.9 0.0577350269189626 0
9.099999999999998 0.4041451884327374 0
9.033333333333331 0.4041451884327375 0
8.999999999999998 0.4618802153516998 0
9.733333333333331 0.3464101615137795 0
9.766290337582808 0.2885174299275192 0
9.799560949402164 0.3462261727352655 0
9.833260158233692 0.404114523636323 0
9.876933028084252 0.3414767450215851 0
9.893708081146032 0.4020211142937069 0
9.876734445602599 0.4649669419473158 0
8.5 0.2886751345948109 0
8.866666666666665 0.3464101615137745 0
8.899999999999999 0.404145188432737 0
8.966664591272805 0.6350915445260155 0
9.366291358232864 0.8624774160802746 0
9.399999999999997 0.9237604307034042 0
8.633333333333333 0.6349927599063947 0
8.6 0.5773348464892581 0
9.166666666666666 0.1732050807568877 0
9.931753240811792 0.232196307621411 0
8.566666666666666 0.5196126718206 0
9.033333333333331 0.1732050807568877 0
9.066666666666665 0.1154700538379252 0
9.066666666666665 0.3464101615137749 0
9.133333333333333 0.1154700538379251 0
9.1 0.05773502691896237 0
9.033333333333333 0.05773502691896221 0
8.233332635179957 0.7505213199817313 0
9.233333333333331 0.4041451884327384 0
9.5 0.05773502691896398 0
9.164019812143753 0.9430586726593084 0
9.133333333333333 0.8845299461620753 0
9.033333333333333 0.9441276676710892 0
8.9 0.9422649730810376 0
9.199999999999999 0.1154700538379247 0
8.733333333333333 0.2309401076758494 0
8.699999999999999 0.1732050807568871 0
9.199999999999998 0.4618802153517009 0
9.266666666666664 0.6928049003271876 0
9.299999999999997 0.6350827256585285 0
9.399999999999995 0.6928203230275518 0
8.933331361477768 0.6928262597207765 0
9.133268946709538 0.6929036433870484 0
9.266666666666666 0.23094010767585 0
9.366666666666665 0.1732050807568893 0
8.966666666666665 0.4041451884327371 0
8.999999999999998 0.3464101615137748 0
9.299899978043287 0.8641649315314719 0
8.933333333333332 0.1154700538379251 0
8.999999999999998 0.1154700538379252 0
8.166713748547565 0.05752110071086625 0
8.200007846980149 0.1154343994699079 0
9.899224843912885 0.94987206369869 0
8.100775156087115 0.9498720636986897 0
8.866666666666665 0.4618802153516994 0
8.5 0.5196148138623173 0
8.466666666666667 0.5773501977882326 0
8.766666666666664 0.7505553499465163 0
9.533333333333328 0.692820323027554 0
8.834482190969986 0.8620579779972268 0
9.834905352522712 0.05850286951747308 0
8.666666666666666 0.5773322760391975 0
8.699999999999999 0.5196122434122569 0
8.9 0.1732050807568874 0
8.531203563483059 0.8082680593814153 0
8.699999999999999 0.6349743383476254 0
8.733655023371751 0.6937703642732372 0
9.566666666666665 0.1732050807568914 0
9.599999999999998 0.230940107675854 0
9.566666666666661 0.6350852961085913 0
9.666666666666661 0.8076426234501403 0
9.699999999999994 0.8641105186735781 0
8.166666666666668 0.5196152422706601 0
9.599999999999996 0.4618802153517036 0
8.300000000000001 0.6350852961085857 0
8.266666550307772 0.6928146513667515 0
8.333333333333334 0.461880215351698 0
8.300000000000001 0.4041451884327355 0
8.166666666666668 0.2886751345948094 0
8.135604255456375 0.2314013236212007 0
8.633333333333333 0.1732050807568867 0
9.942595663060304 0.7676627374085978 0
9.879480726462475 0.8029137890236032 0
8.068200717361307 0.2321697253602544 0
8.533333333333333 0.1154700538379241 0
8.5 0.05773502691896198 0
8.966666666666663 0.8660254037844417 0
8.6 0.1154700538379242 0
8.266667974496691 0.115464111443255 0
9.6 0.1154700538379276 0
8.166666666666668 0.750555349946509 0
8.433333333333334 0.05773502691896171 0
8.4 0.115470053837924 0
8.299985436257311 0.750364610776079 0
9.801403208309679 0.462541147492134 0
9.233333333333333 0.05773502691896243 0
8.333333551305005 0.1154690634388126 0
8.122981988315239 0.120952860653388 0
8.166666666666664 0.1732050807568842 0
8.233334859135029 0.173198147963105 0
9.366666666666664 0.6350848677002461 0
9.936273155930675 0.9010815641602832 0
8.055458935739566 0.09939747270907062 0
9.944503630235655 0.09942386916098694 0
8.064017446275095 0.901192909349035 0
9.943564640063748 0.3678516274335191 0
8.056377082974002 0.3678760490085071 0
9.892177187612782 0.8612273416907454 0
8.109270821788352 0.8620954487813566 0
8.056248084020321 0.4356887918043335 0
9.943704182364197 0.4356954841034326 0
9.890075815785451 0.5272990921492084 0
8.109498597434222 0.5270583683836563 0
8.110143240743614 0.744699147172732 0
9.8912077593272 0.742641242446243 0
8.110526677420818 0.279573922867613 0
9.888919328096678 0.2802387362564777 0
9.955540208687722 0.6333333333333333 0
8.044459791312274 0.6333333333333333 0
9.88883535201006 0.1840329579996853 0
8.111352332178964 0.1808979220788214 0
8.645934955081531 0.8388040474224192 0
9.646881587228897 0.9527237558614375 0
8.353118412771101 0.9534138290100737 0
8.552352722827237 0.8565277504887685 0
9.086175900744967 0.8557863560962256 0
9.451982410547714 0.9130947788633577 0
8.451731433779161 0.9128386174440264 0
9.185623441485232 0.8943537020041661 0
8.782931992250681 0.8519771608830911 0
9.552939423606896 0.9530258824758959 0
9.353118412771099 0.9534138290100759 0
8.746491956896957 0.8128976915212845 0
8.048803387171258 0.04880338717125832 0
9.951196612828742 0.9511966128287418 0
9.951196612828742 0.04880338717125826 0
8.048803387171258 0.9511966128287417 0
8.266666666666666 0.9041451884327366 0
8.20006373025009 0.9046032013460823 0
9.269848547141516 0.9039178184361027 0
9.733533124699614 0.9047508277598464 0
8.866666666666667 0.9041451884327407 0
8.999863135330296 0.9039392356030322 0
8.933333333333334 0.9041451884327409 0
9.800235726311037 0.9047450250976861 0
8.539965882817768 0.9012997104224152 0
8.443403883280659 0.9556741494555114 0
8.332050045738413 0.9064530011895393 0
8.655057607509185 0.7956614990110156 0
8.801480797892914 0.9014110420176772 0
9.53686370215852 0.9059972626423587 0
9.332313723879249 0.9064368368919459 0
9.171608482261851 0.8495686922976265 0
9.667312966326119 0.9049114930334379 0
9.44333590571644 0.9558564184506395 0
9.065748868613325 0.9026308012400381 0
8.133333333333333 0.9072052410263891 0
9.866666666666667 0.9072052410263904 0
$EndNodes
$Elements
4 5453 1 5453
1 4 1 15
1 4 259 
2 259 260 
3 260 261 
4 261 262 
5 262 263 
6 263 264 
7 264 265 
8 265 266 
9 266 267 
10 267 268 
11 268 269 
12 269 270 
13 270 271 
14 271 272 
15 272 1 
1 7 1 30
16 6 316 
17 316 317 
18 317 318 
19 318 319 
20 319 320 
21 320 321 
22 321 322 
23 322 323 
24 323 324 
25 324 325 
26 325 326 
27 326 327 
28 327 328 
29 328 329 
30 329 330 
31 330 331 
32 331 332 
33 332 333 
34 333 334 
35 334 335 
36 335 336 
37 336 337 
38 337 338 
39 338 339 
40 339 340 
41 340 341 
42 341 342 
43 342 343 
44 343 344 
45 344 3 
2 1 2 4324
46 467 2221 462 
47 463 2222 1426 
48 462 2238 467 
49 1426 2237 463 
50 2102 2223 403 
51 406 2224 1530 
52 460 1859 1419 
53 1409 1759 461 
54 1995 2227 396 
55 397 2228 1403 
56 403 2234 2102 
57 1530 2233 406 
58 397 1896 265 
59 133 1420 396 
60 1859 2232 1419 
61 1409 2231 1759 
62 404 2136 1412 
63 405 1536 1534 
64 2065 2242 1038 
65 2242 2243 1038 
66 396 2230 1995 
67 1403 2229 397 
68 265 1896 264 
69 134 1420 133 
70 1403 2228 1405 
71 1531 2227 1995 
72 131 2227 2224 
73 2223 2228 267 
74 1530 2224 1531 
75 1405 2223 2102 
76 1426 2222 1427 
77 466 2221 467 
78 2117 2238 1883 
79 1862 2237 1508 
80 461 2226 1409 
81 1419 2225 460 
82 397 2229 1896 
83 1420 2230 396 
84 1508 2234 1862 
85 1883 2233 2117 
86 2224 2227 1531 
87 1405 2228 2223 
88 1412 2236 404 
89 405 2235 1536 
90 1534 2232 405 
91 404 2231 2136 
92 408 2244 1406 
93 144 2239 1413 
94 399 2240 1411 
95 1624 2241 1037 
96 1625 2245 831 
97 1916 2247 1320 
98 1917 2242 2065 
99 1678 2249 861 
100 2087 2250 1326 
101 429 2246 1563 
102 1852 2252 1330 
103 430 2248 1657 
104 1689 2253 1955 
105 381 2251 1722 
106 1815 2257 1351 
107 383 2254 1729 
108 1932 2258 1966 
109 428 2255 1968 
110 1693 2256 1039 
111 1694 2261 991 
112 1764 2262 2009 
113 367 2263 1512 
114 244 2260 1633 
115 401 2264 2134 
116 247 2259 1495 
117 2220 2372 465 
118 464 2371 2219 
119 2225 2372 2220 
120 2219 2371 2226 
121 1883 2238 462 
122 463 2237 1862 
123 686 2001 688 
124 721 1422 1421 
125 764 1571 1570 
126 676 1801 678 
127 1800 1983 1048 
128 1799 1983 1800 
129 2043 2187 718 
130 1050 1983 1799 
131 1050 1799 1797 
132 1797 1845 1050 
133 1798 1845 1797 
134 1051 1845 1798 
135 1987 2035 1052 
136 1986 2035 1987 
137 682 1423 684 
138 1802 2116 1047 
139 1053 2035 1986 
140 1053 2151 2086 
141 1986 2151 1053 
142 672 1572 674 
143 717 2039 1602 
144 1602 2039 1601 
145 1601 2039 793 
146 793 1603 1601 
147 793 2008 1603 
148 1603 2008 1604 
149 1604 2008 715 
150 1589 1604 715 
151 715 1661 1589 
152 1846 2044 718 
153 1589 1661 1586 
154 1586 1661 762 
155 762 1587 1586 
156 718 2187 1846 
157 2131 2218 1102 
158 791 1641 1639 
159 721 1423 1422 
160 791 2004 1641 
161 632 1944 634 
162 1641 2004 1642 
163 1573 1802 720 
164 1642 2004 714 
165 714 1788 1642 
166 714 1889 1788 
167 1788 1889 1789 
168 764 1572 1571 
169 1789 1889 777 
170 1881 2176 1062 
171 638 1588 640 
172 777 2092 1789 
173 1943 2092 777 
174 1882 2092 1943 
175 1945 2057 1057 
176 1882 1943 713 
177 1798 1846 1051 
178 785 1822 1783 
179 1783 1822 1782 
180 1782 1822 712 
181 712 1784 1782 
182 712 2000 1784 
183 1963 2175 1069 
184 1425 1426 459 
185 1065 2149 1103 
186 459 2064 1425 
187 1784 2000 1785 
188 1606 2094 1103 
189 684 1423 721 
190 1573 2116 1802 
191 1785 2000 779 
192 371 2124 1428 
193 1103 2149 1606 
194 779 1964 1785 
195 13 2072 12 
196 15 1825 14 
197 674 1572 764 
198 1369 1824 1516 
199 1109 2099 1113 
200 1899 1963 1068 
201 1516 1824 400 
202 1898 1964 779 
203 1823 2006 1062 
204 1062 2176 1823 
205 762 1588 1587 
206 19 1524 18 
207 1117 1547 1119 
208 1371 2130 2053 
209 1798 2044 1846 
210 782 1809 1807 
211 8 1427 7 
212 1807 1809 1806 
213 1640 1945 716 
214 1812 1820 774 
215 1806 1809 710 
216 780 1636 1431 
217 1899 2175 1963 
218 1121 2103 1123 
219 1431 1636 1382 
220 709 2202 2185 
221 1072 2172 1821 
222 24 1752 23 
223 1433 1634 393 
224 393 1757 1433 
225 760 1488 1432 
226 1757 2071 1433 
227 1416 2113 1509 
228 1509 2113 1498 
229 485 2078 483 
230 1810 1961 1069 
231 440 2071 1757 
232 760 2052 1488 
233 2048 2100 1578 
234 1488 2052 1434 
235 1257 2048 1498 
236 1069 2175 1810 
237 1498 2113 1257 
238 1435 2071 440 
239 1434 2052 798 
240 823 2001 1424 
241 1257 2100 2048 
242 798 1747 1434 
243 709 1872 1726 
244 720 1801 1573 
245 1421 2001 721 
246 1567 1747 798 
247 1864 2181 708 
248 1726 1872 1725 
249 688 2001 823 
250 1424 2131 823 
251 721 2001 686 
252 28 1997 27 
253 640 1588 762 
254 1570 1801 764 
255 1725 1872 773 
256 1436 1747 1567 
257 1437 1537 394 
258 1874 1941 708 
259 1436 1567 759 
260 759 2088 1436 
261 394 1885 1437 
262 1640 2057 1945 
263 1048 2156 1800 
264 2076 2088 759 
265 1783 1823 785 
266 1885 2081 1437 
267 1438 2088 2076 
268 764 1801 676 
269 441 2081 1885 
270 678 1801 720 
271 1438 2076 794 
272 1439 2081 441 
273 794 1551 1438 
274 1805 1811 1071 
275 441 1660 1439 
276 1426 1427 459 
277 794 1700 1551 
278 1551 1700 1440 
279 1440 1700 758 
280 1660 2082 1439 
281 758 2025 1440 
282 395 2082 1660 
283 1577 2025 758 
284 1865 1957 1075 
285 1372 2025 1577 
286 1577 1608 1372 
287 1590 2082 395 
288 1866 1957 1865 
289 2156 2189 1800 
290 395 1754 1590 
291 1076 1957 1866 
292 1590 1754 1373 
293 1866 1868 1076 
294 2179 2182 1945 
295 2139 2154 1374 
296 1868 1956 1076 
297 757 2154 2139 
298 1373 1754 1753 
299 710 1811 1806 
300 1588 2182 2179 
301 1869 1956 1868 
302 708 2181 1874 
303 2086 2151 1602 
304 1572 2189 2156 
305 1726 2202 709 
306 1293 1609 1291 
307 1807 1810 782 
308 1077 1956 1869 
309 1783 2006 1823 
310 513 1526 511 
311 1602 2151 717 
312 784 2142 1998 
313 1147 2036 1149 
314 1724 1873 1074 
315 731 1527 1525 
316 420 1978 1441 
317 1527 1579 1375 
318 731 1579 1527 
319 459 1427 8 
320 1579 1888 1375 
321 1821 2172 1812 
322 1441 1978 1568 
323 1893 2142 784 
324 784 1938 1893 
325 1802 2192 2191 
326 2191 2192 1423 
327 1888 2105 1375 
328 1811 1820 1812 
329 756 2105 1888 
330 1893 1938 1892 
331 1507 2147 1376 
332 716 1944 1640 
333 1568 1978 345 
334 1507 2105 756 
335 1892 1938 706 
336 1442 1568 345 
337 1987 2187 2043 
338 345 1902 1442 
339 756 2147 1507 
340 1639 1944 791 
341 773 1873 1725 
342 1079 1939 1706 
343 672 2189 1572 
344 634 1944 716 
345 791 1944 632 
346 1651 1737 755 
347 1155 2003 1157 
348 1047 2192 1802 
349 755 1745 1651 
350 1706 1951 1079 
351 1807 1961 1810 
352 682 2191 1423 
353 1651 1745 1377 
354 1891 1939 1079 
355 1705 1951 1706 
356 415 1803 1443 
357 1745 2028 1377 
358 1377 2028 1819 
359 1803 1969 1443 
360 1080 1951 1705 
361 1819 2028 754 
362 525 1738 523 
363 346 1969 1803 
364 1080 2144 2047 
365 1873 1941 1874 
366 1705 2144 1080 
367 1444 1969 346 
368 537 1598 535 
369 1267 2030 1265 
370 1806 1811 1805 
371 346 1903 1444 
372 774 1821 1812 
373 1052 2187 1987 
374 753 1599 1597 
375 705 1897 1664 
376 1903 2068 1444 
377 1599 1647 1379 
378 753 1647 1599 
379 1429 2094 1606 
380 1664 1897 1663 
381 1647 2029 1379 
382 442 2068 1903 
383 1379 2029 2015 
384 1429 1606 1605 
385 1663 1897 776 
386 2015 2029 752 
387 2014 2015 752 
388 1445 2068 442 
389 547 2137 545 
390 776 1665 1663 
391 1068 1964 1899 
392 442 1765 1445 
393 1605 2072 1429 
394 1825 2124 371 
395 549 1628 547 
396 776 1703 1665 
397 1628 2137 547 
398 1428 2072 371 
399 1445 1765 1591 
400 751 1880 1627 
401 1824 1825 15 
402 14 1825 371 
403 12 2072 1605 
404 2064 2149 1425 
405 1899 1964 1898 
406 371 2072 13 
407 1665 1703 1666 
408 1425 2149 1065 
409 1369 1825 1824 
410 1516 2099 1109 
411 1591 1765 347 
412 1666 1703 704 
413 1113 2099 1370 
414 1725 1873 1724 
415 1446 1591 347 
416 1244 1861 1242 
417 1370 2122 1524 
418 1811 1812 1071 
419 2099 2122 1370 
420 400 2099 1516 
421 1594 1666 704 
422 1996 2133 750 
423 372 1524 19 
424 1506 1547 1117 
425 553 1947 551 
426 1882 2176 1881 
427 1119 1547 1371 
428 704 2049 1594 
429 2053 2103 1371 
430 2078 2146 1101 
431 1506 1524 372 
432 47 1778 46 
433 1447 1996 789 
434 1547 2130 1371 
435 1447 2133 1996 
436 372 1547 1506 
437 1594 2049 1593 
438 1524 2122 18 
439 1593 2049 796 
440 1448 1863 749 
441 455 1752 1430 
442 1238 2024 1236 
443 1450 2101 422 
444 749 1637 1448 
445 1430 2103 455 
446 1431 2129 780 
447 1123 2103 1430 
448 796 1595 1593 
449 1371 2103 1121 
450 23 1752 455 
451 393 1752 24 
452 422 1766 1450 
453 1432 2078 760 
454 796 1937 1595 
455 1101 2146 1636 
456 713 2176 1882 
457 787 1975 1449 
458 1634 1752 393 
459 1450 1766 1653 
460 1940 1975 787 
461 1595 1937 1596 
462 567 1976 565 
463 1451 1975 1940 
464 483 2078 1101 
465 1636 2146 1382 
466 1873 1874 1074 
467 1653 1766 348 
468 1451 1940 748 
469 760 2078 485 
470 440 1997 1435 
471 1596 1937 703 
472 748 1736 1451 
473 1453 1653 348 
474 638 2182 1588 
475 703 1719 1596 
476 1424 2218 2131 
477 1057 2179 1945 
478 394 1997 28 
479 348 1833 1453 
480 27 1997 440 
481 775 1734 1452 
482 1537 1997 394 
483 775 1870 1734 
484 1608 1609 1372 
485 575 1735 573 
486 1453 1833 1732 
487 1734 1870 1454 
488 1454 1870 747 
489 1732 1833 421 
490 1456 1732 421 
491 763 1715 1714 
492 731 1526 513 
493 1455 1848 778 
494 1218 1871 1216 
495 778 1973 1455 
496 536 1717 538 
497 421 1667 1456 
498 1875 1973 778 
499 1525 1526 731 
500 763 1750 1715 
501 1372 1609 1293 
502 1087 2162 2104 
503 1457 1973 1875 
504 1715 1750 1716 
505 1457 1875 746 
506 746 1890 1457 
507 757 2139 1609 
508 1716 1750 702 
509 746 1991 1890 
510 1753 2036 1373 
511 1890 1991 1458 
512 1737 1738 755 
513 1183 1933 1185 
514 1458 1991 783 
515 706 1939 1892 
516 1149 2036 1441 
517 349 1904 1459 
518 1374 2154 1526 
519 1373 2036 1147 
520 1441 2036 420 
521 1460 1980 745 
522 1609 2139 1291 
523 1206 1992 1204 
524 1998 2142 1869 
525 1869 2142 1077 
526 2185 2202 1821 
527 1376 2147 1738 
528 755 1738 525 
529 1902 2003 1442 
530 1461 1813 769 
531 1187 1762 1189 
532 1526 2154 511 
533 1202 1981 1200 
534 788 1936 1712 
535 1892 1939 1891 
536 753 1598 537 
537 437 1668 1462 
538 1597 1598 753 
539 1157 2003 1443 
540 1442 2003 1155 
541 2030 2145 1378 
542 1463 1876 744 
543 1443 2003 415 
544 2148 2155 701 
545 754 2030 1819 
546 1712 1936 1711 
547 1198 1993 1196 
548 744 1791 1463 
549 1865 2181 1864 
550 744 1886 1791 
551 1791 1886 1464 
552 1711 1936 701 
553 1751 2162 1087 
554 1464 1886 781 
555 1191 1990 1193 
556 1265 2030 1378 
557 1819 2030 1267 
558 702 1751 1716 
559 751 1628 549 
560 1087 2031 1751 
561 1378 2145 1598 
562 1627 1628 751 
563 2047 2144 1664 
564 350 1905 1465 
565 1466 1942 743 
566 1860 1861 1381 
567 1738 2147 523 
568 701 2155 1711 
569 1190 1948 1188 
570 1381 1861 1244 
571 751 1947 1880 
572 1598 2145 535 
573 1664 2144 705 
574 1381 1947 1860 
575 545 2137 752 
576 752 2137 2014 
577 1467 1900 770 
578 1195 2002 1197 
579 1702 2095 1089 
580 1186 2005 1184 
581 770 1972 1467 
582 771 1701 1541 
583 347 1778 1446 
584 551 1947 751 
585 789 2024 1447 
586 1860 1947 553 
587 438 1669 1469 
588 2216 2217 1383 
589 422 1778 47 
590 46 1778 347 
591 750 2133 1861 
592 1448 2024 1863 
593 749 1976 1637 
594 1541 1701 1539 
595 1861 2133 1242 
596 1669 1792 1469 
597 742 1970 1468 
598 422 2101 1778 
599 1447 2024 1238 
600 1236 2024 1448 
601 1449 1976 787 
602 1539 1701 699 
603 1849 1970 742 
604 351 1792 1669 
605 619 1971 617 
606 1717 1719 703 
607 1075 2181 1865 
608 1735 1736 748 
609 1470 1970 1849 
610 1470 1849 766 
611 699 1540 1539 
612 565 1976 749 
613 787 1976 567 
614 1471 1792 351 
615 1452 1735 775 
616 1751 2031 1716 
617 351 1906 1471 
618 747 1871 1454 
619 1714 1717 763 
620 512 1542 514 
621 573 1735 748 
622 775 1735 575 
623 1471 1906 1814 
624 1472 1887 741 
625 1174 2020 1172 
626 1455 1871 1848 
627 741 1989 1472 
628 1667 1933 1456 
629 1814 1906 439 
630 1454 1871 1218 
631 763 1717 536 
632 1746 1989 741 
633 1216 1871 1455 
634 1821 2202 1072 
635 538 1717 703 
636 1473 1989 1746 
637 1474 1814 439 
638 783 1992 1458 
639 1572 2156 1571 
640 2022 2054 1091 
641 1473 1746 761 
642 1456 1933 1183 
643 1846 2150 1051 
644 1185 1933 1459 
645 1459 1904 1762 
646 1459 1933 349 
647 761 1790 1473 
648 439 1670 1474 
649 1541 1702 771 
650 745 1981 1460 
651 700 2021 1709 
652 1460 1992 1980 
653 1541 2095 1702 
654 1779 1790 761 
655 1709 2021 1708 
656 1204 1992 1460 
657 1670 1984 1474 
658 1458 1992 1206 
659 769 1993 1461 
660 1461 1981 1813 
661 1475 1790 1779 
662 1189 1762 1462 
663 1459 1762 1187 
664 1475 1779 740 
665 1708 2021 797 
666 1462 1762 437 
667 1668 1990 1462 
668 1200 1981 1461 
669 1460 1981 1202 
670 1093 2158 2034 
671 352 1984 1670 
672 1463 1993 1876 
673 740 2061 1475 
674 1196 1993 1463 
675 1461 1993 1198 
676 781 1948 1464 
677 1477 1984 352 
678 1702 2155 2148 
679 2104 2162 1712 
680 1462 1990 1191 
681 1193 1990 1465 
682 699 1542 1540 
683 1465 1990 350 
684 1905 2002 1465 
685 743 2005 1466 
686 1466 1948 1942 
687 352 1907 1477 
688 790 1548 1476 
689 514 1542 699 
690 710 1820 1811 
691 1971 1972 770 
692 1823 2140 785 
693 1188 1948 1466 
694 1464 1948 1190 
695 790 2007 1548 
696 1467 2005 1900 
697 1477 1907 1733 
698 1548 2007 1478 
699 797 2023 1708 
700 639 1946 637 
701 1465 2002 1195 
702 1197 2002 1469 
703 1184 2005 1467 
704 1466 2005 1186 
705 1468 1971 742 
706 1478 2007 739 
707 1733 1907 431 
708 1469 2002 438 
709 2152 2160 1542 
710 773 1941 1873 
711 1709 2022 700 
712 739 2083 1478 
713 1709 2054 2022 
714 2038 2083 739 
715 1810 2141 782 
716 1480 1733 431 
717 698 2106 1615 
718 766 2020 1470 
719 742 1971 619 
720 617 1971 770 
721 1707 2023 1093 
722 1479 2083 2038 
723 431 1671 1480 
724 2023 2158 1093 
725 1479 2038 792 
726 1472 2020 1887 
727 2022 2160 2152 
728 670 2189 672 
729 1089 2155 1702 
730 792 2070 1479 
731 1172 2020 1472 
732 1671 1894 1480 
733 1470 2020 1174 
734 1712 2162 788 
735 1555 1614 1094 
736 1654 2070 792 
737 774 2185 1821 
738 590 2185 774 
739 353 1894 1671 
740 1946 2061 740 
741 1481 2070 1654 
742 1708 2023 1707 
743 1481 1654 730 
744 1483 1894 353 
745 1812 2172 1071 
746 1476 1946 790 
747 512 2152 1542 
748 799 1554 1522 
749 1615 2106 1555 
750 730 1549 1481 
751 2062 2192 1047 
752 353 1826 1483 
753 1549 1758 1482 
754 1521 1554 697 
755 730 1758 1549 
756 1522 1554 1521 
757 1874 2169 1074 
758 1482 1758 768 
759 1094 1615 1555 
760 1826 1974 1483 
761 790 1946 639 
762 702 1816 1751 
763 1522 1614 1555 
764 637 1946 740 
765 768 1646 1482 
766 2034 2158 1615 
767 1071 2172 936 
768 697 1523 1521 
769 1522 1555 799 
770 680 2191 682 
771 1945 2182 716 
772 433 1974 1826 
773 1588 2179 1587 
774 768 1877 1646 
775 1074 2169 924 
776 697 2108 1523 
777 1748 2097 1096 
778 1485 1974 433 
779 1646 1877 1484 
780 818 2098 1546 
781 1484 1877 738 
782 738 1611 1484 
783 1584 1611 738 
784 1384 1611 1584 
785 1091 2160 2022 
786 818 1546 1545 
787 1582 1583 1384 
788 1384 1583 1134 
789 433 1908 1485 
790 1376 1738 1737 
791 1573 1801 1570 
792 1032 2128 1339 
793 1384 1584 1582 
794 1535 1895 1546 
795 797 2059 2023 
796 696 1503 1501 
797 1536 1895 1535 
798 795 1620 1502 
799 1523 2108 1748 
800 1502 2097 1748 
801 1640 1944 1639 
802 1134 1583 1132 
803 2069 2143 737 
804 1523 1748 1096 
805 706 2010 1939 
806 1542 2160 1540 
807 1785 1964 1850 
808 757 1609 1608 
809 735 1901 1487 
810 1714 1719 1717 
811 1850 1964 1068 
812 1939 2010 1706 
813 1544 2121 1114 
814 1546 2098 1535 
815 1575 2217 2216 
816 1908 2012 1485 
817 121 1576 120 
818 1545 1901 818 
819 1487 1901 1388 
820 1432 2146 2078 
821 805 1626 1490 
822 2069 2115 1389 
823 1476 2061 1946 
824 486 1620 488 
825 1502 1748 795 
826 1880 1947 1381 
827 736 2120 2109 
828 805 1490 1032 
829 1223 2012 1225 
830 1468 1972 1971 
831 1496 1497 1492 
832 1490 2128 1032 
833 1637 1976 1449 
834 1574 1575 402 
835 1702 2148 771 
836 1452 1736 1735 
837 1486 2128 1415 
838 1094 2034 1615 
839 1490 1626 1100 
840 1389 2115 1532 
841 123 2079 122 
842 736 2109 1532 
843 723 2091 694 
844 1491 1496 1492 
845 1501 1620 696 
846 2125 2135 1391 
847 402 1576 121 
848 2013 2084 1392 
849 1339 2128 1486 
850 1502 1620 1501 
851 1501 1503 1500 
852 1504 1610 1505 
853 1424 2001 1421 
854 455 2103 2053 
855 1813 1981 745 
856 1887 2020 766 
857 1848 1871 747 
858 1389 2143 2069 
859 1876 1993 769 
860 1900 2005 743 
861 1980 1992 783 
862 1615 2158 698 
863 1942 1948 781 
864 1388 2091 1487 
865 728 2121 1544 
866 2120 2132 1390 
867 1575 1576 402 
868 1863 2024 789 
869 818 1901 735 
870 696 1610 1503 
871 1512 1631 1630 
872 1390 2132 1499 
873 1532 2115 736 
874 1035 1533 1046 
875 1576 1977 120 
876 488 1620 795 
877 1098 1500 830 
878 2109 2120 1390 
879 1491 1492 1031 
880 1485 2012 1223 
881 782 2141 600 
882 815 2080 1982 
883 812 2114 1036 
884 696 1620 486 
885 1225 2012 1489 
886 1365 1510 1015 
887 1098 1501 1500 
888 466 467 458 
889 1499 2118 1120 
890 1793 1794 1623 
891 1553 2112 2090 
892 1029 1491 1031 
893 475 1528 1034 
894 1043 1515 1388 
895 1429 2072 1428 
896 729 2118 1499 
897 1100 1626 806 
898 1503 1610 1504 
899 124 466 458 
900 1031 2048 1578 
901 1520 1523 1096 
902 1995 2067 1529 
903 1115 1506 1117 
904 364 1613 114 
905 1283 1527 1375 
906 363 1612 110 
907 1603 1604 1055 
908 350 1990 1668 
909 458 2079 123 
910 1394 2067 1995 
911 1762 1904 437 
912 810 1515 1043 
913 785 2140 616 
914 809 1988 821 
915 1340 1533 1035 
916 1600 1603 1055 
917 1135 1537 1437 
918 1122 1499 1120 
919 354 1909 1489 
920 1116 1544 1114 
921 349 1933 1667 
922 110 1612 109 
923 1144 1549 1482 
924 114 1613 113 
925 415 2003 1902 
926 1299 1551 1440 
927 1365 1513 1510 
928 1385 1901 1545 
929 373 1793 1623 
930 438 2002 1905 
931 1411 2093 1317 
932 1007 2096 1009 
933 1366 1630 1019 
934 1589 2033 1604 
935 256 1550 409 
936 1489 2012 354 
937 1301 1551 1299 
938 1530 1531 1529 
939 354 2012 1908 
940 2089 2119 820 
941 830 1500 828 
942 1533 1534 1046 
943 1512 1630 1366 
944 735 1487 726 
945 1142 1646 1140 
946 1532 2109 1126 
947 1318 2110 1402 
948 1277 1507 1376 
949 694 2091 724 
950 1388 1901 1385 
951 1510 1513 1511 
952 1528 1529 1034 
953 1487 2091 723 
954 409 1699 255 
955 491 1567 798 
956 1482 1646 1142 
957 1538 1543 858 
958 1540 1543 1538 
959 1364 1645 1644 
960 1435 1997 1537 
961 1259 1599 1379 
962 457 1794 1793 
963 1015 1510 1017 
964 1261 1599 1259 
965 1604 2033 1055 
966 257 1550 256 
967 1748 2108 795 
968 1127 1634 1433 
969 1497 1498 1492 
970 402 2079 1574 
971 972 1787 970 
972 1571 2085 1569 
973 856 1543 1091 
974 1505 1610 482 
975 1011 1643 1013 
976 1528 1530 1529 
977 467 468 458 
978 2090 2112 727 
979 1128 1532 1126 
980 697 1554 494 
981 754 2145 2030 
982 865 1949 867 
983 1101 1636 1635 
984 1311 1488 1434 
985 1146 1549 1144 
986 255 1699 254 
987 473 1528 475 
988 1545 1546 1404 
989 1133 1537 1135 
990 1642 1788 1787 
991 1441 1568 1151 
992 845 1616 1322 
993 729 2125 2118 
994 1156 1548 1478 
995 1432 1488 1313 
996 860 1538 858 
997 482 1610 484 
998 1125 1634 1127 
999 457 1795 1794 
1000 867 1949 1326 
1001 1386 1545 1404 
1002 815 1982 803 
1003 122 2079 402 
1004 1422 2062 1367 
1005 408 1566 142 
1006 242 1777 241 
1007 457 1915 1795 
1008 1317 2093 825 
1009 420 2036 1753 
1010 1982 2080 1504 
1011 432 1740 116 
1012 241 1777 410 
1013 1364 1644 1643 
1014 858 1543 856 
1015 1019 1630 1021 
1016 1285 1527 1283 
1017 1391 2135 1544 
1018 1605 1606 407 
1019 11 1605 407 
1020 1407 1844 1410 
1021 1095 1520 838 
1022 875 1561 1328 
1023 992 1600 1055 
1024 1675 1679 1676 
1025 842 1614 840 
1026 1402 2110 1844 
1027 1044 2114 812 
1028 1169 1591 1446 
1029 1379 2015 1256 
1030 142 1566 141 
1031 1638 1641 1059 
1032 1498 2048 1492 
1033 1621 2037 147 
1034 1915 1916 1795 
1035 1641 1642 1059 
1036 1114 2121 1112 
1037 1597 1599 1261 
1038 151 1915 457 
1039 866 1710 1089 
1040 1505 1982 1504 
1041 1517 1518 1363 
1042 1515 2091 1388 
1043 1095 1521 1520 
1044 1287 1525 1285 
1045 1108 1552 1106 
1046 1561 1562 1328 
1047 758 1700 501 
1048 1107 1516 1109 
1049 808 1553 800 
1050 1536 1896 1895 
1051 1556 1559 1557 
1052 1561 1564 1562 
1053 1005 1517 1363 
1054 1275 1737 1273 
1055 801 1515 810 
1056 699 1701 516 
1057 1151 1568 1153 
1058 1256 2015 1254 
1059 493 1567 491 
1060 501 1700 499 
1061 2011 2073 370 
1062 1376 1737 1275 
1063 765 2044 1798 
1064 1013 1643 1365 
1065 1095 1614 1522 
1066 152 1915 151 
1067 994 1600 992 
1068 851 1556 853 
1069 524 1936 526 
1070 730 1654 651 
1071 155 2027 417 
1072 526 1936 788 
1073 970 1787 1060 
1074 1365 1514 1513 
1075 1761 1999 1930 
1076 635 1779 633 
1077 1082 1666 1650 
1078 1616 1617 1322 
1079 1421 1422 1367 
1080 1392 2084 1552 
1081 1909 2123 1489 
1082 1364 1643 1011 
1083 1085 1713 880 
1084 1028 2062 1026 
1085 137 1759 136 
1086 1061 2107 2092 
1087 226 1695 382 
1088 780 2129 474 
1089 633 1779 761 
1090 843 1616 845 
1091 853 1556 1324 
1092 862 2095 1090 
1093 974 1638 1059 
1094 1525 1527 1285 
1095 1059 1787 972 
1096 1534 1535 1046 
1097 654 1985 656 
1098 1321 2111 1619 
1099 25 1757 393 
1100 129 1883 128 
1101 1521 1523 1520 
1102 369 1755 234 
1103 26 1757 25 
1104 1438 1551 1301 
1105 516 1701 518 
1106 868 1710 866 
1107 1417 1418 1340 
1108 873 1561 875 
1109 239 1756 368 
1110 505 1608 1577 
1111 665 1582 663 
1112 1713 1715 1086 
1113 156 2027 155 
1114 269 1862 403 
1115 1099 2080 826 
1116 1145 1590 1373 
1117 37 1978 36 
1118 377 1851 1684 
1119 1167 1591 1169 
1120 94 1829 359 
1121 1094 1614 842 
1122 1158 1548 1156 
1123 1715 1716 1086 
1124 1930 1999 427 
1125 1558 1817 1324 
1126 465 1550 257 
1127 261 1859 460 
1128 1695 1696 382 
1129 270 1862 269 
1130 656 1985 786 
1131 262 1859 261 
1132 642 1661 644 
1133 1363 2096 1007 
1134 240 1756 239 
1135 228 1690 227 
1136 1529 2067 1034 
1137 737 2143 1583 
1138 822 1553 808 
1139 249 1652 366 
1140 651 1654 649 
1141 1650 1666 1594 
1142 1001 2040 1362 
1143 1318 1401 1400 
1144 1665 1666 1082 
1145 91 1648 90 
1146 234 1755 233 
1147 539 1647 753 
1148 552 554 553 
1149 1718 1719 1085 
1150 35 1753 34 
1151 641 2007 790 
1152 1631 1633 1632 
1153 1298 1300 1299 
1154 1263 1597 1261 
1155 385 1916 1915 
1156 976 1638 974 
1157 1518 1519 1363 
1158 999 2040 1001 
1159 1045 1508 1397 
1160 1391 1544 1116 
1161 1570 1571 1569 
1162 147 2037 146 
1163 373 1623 1622 
1164 644 1661 715 
1165 982 1607 1057 
1166 1395 1420 1412 
1167 141 1566 464 
1168 1556 1557 1324 
1169 478 1635 476 
1170 824 825 817 
1171 831 833 832 
1172 1662 1665 1082 
1173 227 1695 226 
1174 1386 1387 1044 
1175 1166 1790 1164 
1176 449 1857 1854 
1177 659 1877 657 
1178 2118 2125 1391 
1179 1693 1696 1695 
1180 108 2050 107 
1181 687 2084 2013 
1182 1390 1499 1122 
1183 468 2079 458 
1184 884 1718 882 
1185 1033 1100 806 
1186 1362 1517 1003 
1187 377 1683 1682 
1188 657 1877 768 
1189 971 1786 1356 
1190 1085 1719 1714 
1191 1315 1432 1313 
1192 36 1978 420 
1193 1468 1970 1178 
1194 481 1635 478 
1195 1328 2056 877 
1196 1595 1596 1084 
1197 2195 2196 1282 
1198 1323 2074 1560 
1199 1692 2073 2011 
1200 1124 1390 1122 
1201 1085 1714 1713 
1202 1336 1337 1100 
1203 798 2052 489 
1204 1557 1558 1324 
1205 83 1827 82 
1206 1769 1934 1924 
1207 1316 1383 1382 
1208 510 512 511 
1209 1493 1496 1491 
1210 1419 1533 1340 
1211 128 1883 462 
1212 1097 1575 1574 
1213 95 1829 94 
1214 136 1759 404 
1215 153 1749 385 
1216 418 1741 158 
1217 164 1675 411 
1218 376 1675 165 
1219 170 1918 386 
1220 224 2042 428 
1221 515 1579 731 
1222 629 1746 741 
1223 886 1592 1084 
1224 1282 1284 1283 
1225 90 1648 358 
1226 1250 1627 1248 
1227 445 1648 91 
1228 836 1520 1096 
1229 1110 1394 1111 
1230 1237 1239 1238 
1231 473 474 472 
1232 840 1095 838 
1233 1088 1710 868 
1234 1286 1287 1285 
1235 1097 1574 470 
1236 1009 2096 1364 
1237 969 1786 971 
1238 1476 1548 1158 
1239 1235 1237 1236 
1240 1314 1315 1313 
1241 417 1749 154 
1242 1151 1153 1152 
1243 643 2007 641 
1244 1025 1027 1026 
1245 1418 1419 1340 
1246 1233 1235 1234 
1247 1277 1376 1275 
1248 1327 1561 873 
1249 1359 2019 985 
1250 1181 1732 1456 
1251 1386 1404 1403 
1252 433 1826 71 
1253 540 1937 542 
1254 832 1098 830 
1255 1370 1506 1115 
1256 1451 1736 1226 
1257 1448 1637 1234 
1258 1497 1509 1498 
1259 1539 1540 1538 
1260 109 1612 447 
1261 1799 1800 719 
1262 706 1938 564 
1263 784 1998 568 
1264 1705 1706 767 
1265 772 1867 1866 
1266 973 1965 975 
1267 1781 1784 1064 
1268 1473 1790 1166 
1269 154 1749 153 
1270 377 1682 173 
1271 1690 1695 227 
1272 1985 1986 786 
1273 891 1655 1332 
1274 894 1662 1082 
1275 1098 1502 1501 
1276 1657 2018 1332 
1277 1655 1658 1656 
1278 1753 1754 34 
1279 395 1660 32 
1280 33 1754 395 
1281 996 2086 1054 
1282 1017 1510 1366 
1283 1601 1603 1600 
1284 49 1766 48 
1285 896 1662 894 
1286 838 1520 836 
1287 1030 1368 1367 
1288 1477 1733 1211 
1289 1696 1697 382 
1290 1481 1549 1146 
1291 1232 1637 1449 
1292 187 1835 186 
1293 1323 1556 851 
1294 113 1613 436 
1295 1929 1930 427 
1296 472 1097 470 
1297 1585 1607 984 
1298 1123 1124 1122 
1299 490 492 491 
1300 1179 1732 1181 
1301 1280 1282 1281 
1302 486 488 487 
1303 768 1758 655 
1304 1325 1949 865 
1305 1326 2046 869 
1306 1178 1970 1176 
1307 1593 1595 1592 
1308 897 1950 899 
1309 986 1585 984 
1310 1397 1426 1425 
1311 806 1626 732 
1312 733 2051 1102 
1313 1655 1656 1332 
1314 165 1675 164 
1315 183 1854 182 
1316 527 1745 755 
1317 853 855 854 
1318 882 1718 1085 
1319 975 1965 1357 
1320 1642 1787 1059 
1321 1742 1760 1743 
1322 1854 1857 1855 
1323 1295 1372 1293 
1324 692 1629 722 
1325 1385 1386 1044 
1326 1331 1655 889 
1327 1286 1288 1287 
1328 1312 1313 1311 
1329 1407 1409 1408 
1330 1714 1715 1713 
1331 471 472 470 
1332 1066 2094 1429 
1333 489 2052 487 
1334 977 1966 979 
1335 1367 2062 1028 
1336 1056 1586 1585 
1337 1169 1446 1171 
1338 1399 1528 473 
1339 712 1822 612 
1340 633 761 631 
1341 1337 1490 1100 
1342 148 1621 147 
1343 1928 1929 427 
1344 503 1577 758 
1345 1021 1040 1023 
1346 1484 1611 1138 
1347 1278 1279 1277 
1348 449 1854 183 
1349 250 1652 249 
1350 492 697 494 
1351 1049 1569 1020 
1352 1511 1512 1366 
1353 865 867 866 
1354 1083 1592 888 
1355 1081 1662 896 
1356 1333 1950 897 
1357 1394 1395 1111 
1358 1365 1643 1514 
1359 647 2038 645 
1360 1017 1366 1019 
1361 1257 2113 1033 
1362 1313 1488 1311 
1363 664 2044 765 
1364 816 817 815 
1365 985 2019 987 
1366 1029 1031 1030 
1367 1032 1339 1035 
1368 1430 1634 1125 
1369 48 1766 422 
1370 631 1746 629 
1371 889 1655 891 
1372 892 1650 890 
1373 995 2009 997 
1374 1716 2031 1086 
1375 1104 2112 1553 
1376 500 698 502 
1377 527 755 525 
1378 545 752 543 
1379 724 801 800 
1380 1041 1491 1029 
1381 1061 1882 1881 
1382 1592 1595 1084 
1383 157 1741 374 
1384 188 1685 419 
1385 384 1742 217 
1386 423 1690 228 
1387 376 1679 1675 
1388 508 700 510 
1389 724 1515 801 
1390 1555 2106 799 
1391 848 1093 846 
1392 849 850 848 
1393 848 1707 1093 
1394 863 864 862 
1395 899 1950 1334 
1396 1785 1850 1064 
1397 1302 1303 1301 
1398 1314 1316 1315 
1399 495 759 493 
1400 828 1099 826 
1401 831 832 830 
1402 1318 1402 1401 
1403 34 1754 33 
1404 522 524 523 
1405 554 556 555 
1406 557 750 555 
1407 556 1704 558 
1408 688 689 687 
1409 750 1861 1860 
1410 1352 1727 957 
1411 1357 1966 977 
1412 1003 1004 1002 
1413 1118 1391 1116 
1414 1140 1646 1484 
1415 503 758 501 
1416 507 1608 505 
1417 649 792 647 
1418 722 723 694 
1419 1056 1585 986 
1420 1596 1719 1718 
1421 1663 1665 1662 
1422 479 695 480 
1423 825 826 817 
1424 1088 1711 1710 
1425 1369 1516 1107 
1426 1130 1389 1128 
1427 1389 1532 1128 
1428 1167 1169 1168 
1429 1266 1268 1267 
1430 807 1033 806 
1431 810 1043 812 
1432 880 1713 878 
1433 987 1039 989 
1434 1017 1019 1018 
1435 1113 1114 1112 
1436 1445 1591 1167 
1437 1290 1292 1291 
1438 82 1827 356 
1439 540 542 541 
1440 705 1704 556 
1441 878 1086 876 
1442 1112 1392 1108 
1443 1450 1653 1175 
1444 1692 1694 1691 
1445 56 437 55 
1446 60 438 59 
1447 64 439 63 
1448 158 1741 157 
1449 373 1622 1621 
1450 558 1704 767 
1451 562 2010 706 
1452 740 1779 635 
1453 644 715 646 
1454 646 2008 648 
1455 821 822 808 
1456 1036 1042 811 
1457 1177 1653 1453 
1458 1310 1311 1309 
1459 167 2016 166 
1460 389 1767 201 
1461 391 1773 209 
1462 427 1999 219 
1463 1742 1743 426 
1464 1771 1772 452 
1465 506 507 505 
1466 512 513 511 
1467 844 1094 842 
1468 1360 2009 995 
1469 1048 1983 1014 
1470 1125 1127 1126 
1471 1562 1563 1328 
1472 52 421 51 
1473 80 1673 435 
1474 792 2038 647 
1475 707 1868 1867 
1476 961 963 962 
1477 973 975 974 
1478 1049 1570 1569 
1479 1107 1109 1108 
1480 1311 1434 1309 
1481 480 1505 482 
1482 532 534 533 
1483 548 550 549 
1484 825 827 826 
1485 68 1671 431 
1486 765 1796 666 
1487 810 812 811 
1488 1133 1134 1132 
1489 1268 1269 1267 
1490 345 1978 37 
1491 86 1828 357 
1492 1115 1117 1116 
1493 420 1753 35 
1494 506 2021 508 
1495 542 796 544 
1496 564 1938 566 
1497 823 1629 690 
1498 887 1331 889 
1499 895 1333 897 
1500 898 1081 896 
1501 1395 1412 1396 
1502 776 1897 552 
1503 655 1758 653 
1504 1066 1067 822 
1505 1145 1147 1146 
1506 1153 1155 1154 
1507 1534 1536 1535 
1508 350 1668 57 
1509 100 1674 414 
1510 105 1649 416 
1511 173 1682 172 
1512 178 1853 387 
1513 203 1847 202 
1514 213 1776 212 
1515 216 426 215 
1516 220 427 219 
1517 224 428 223 
1518 428 1931 223 
1519 231 370 230 
1520 235 369 234 
1521 239 368 238 
1522 243 367 242 
1523 367 1777 242 
1524 246 401 245 
1525 254 1698 253 
1526 389 1847 1832 
1527 1925 1935 390 
1528 1770 1771 452 
1529 499 1700 794 
1530 725 732 726 
1531 801 809 808 
1532 839 840 838 
1533 923 1723 1344 
1534 957 958 956 
1535 988 2033 1056 
1536 1148 1481 1146 
1537 1368 1421 1367 
1538 1587 1607 1585 
1539 1685 1688 1686 
1540 1727 1730 1728 
1541 76 1672 434 
1542 469 471 470 
1543 1104 1553 822 
1544 828 1500 1099 
1545 837 838 836 
1546 1004 1052 1002 
1547 1021 1023 1022 
1548 1115 1116 1114 
1549 1283 1375 1281 
1550 1303 1438 1301 
1551 258 465 257 
1552 524 526 525 
1553 538 703 540 
1554 546 548 547 
1555 550 552 551 
1556 558 767 560 
1557 561 789 559 
1558 569 787 567 
1559 571 1940 569 
1560 648 2008 793 
1561 827 828 826 
1562 867 869 868 
1563 1344 1958 925 
1564 969 971 970 
1565 1043 1385 1044 
1566 1045 1397 1065 
1567 1435 1537 1133 
1568 440 1757 26 
1569 642 644 643 
1570 1141 1142 1140 
1571 1233 1234 1232 
1572 1306 1307 1305 
1573 1639 1641 1638 
1574 759 1567 493 
1575 686 688 687 
1576 890 1083 888 
1577 902 1080 900 
1578 1504 2080 1099 
1579 1259 1379 1256 
1580 690 692 691 
1581 814 815 803 
1582 1117 1118 1116 
1583 1127 1128 1126 
1584 1129 1130 1128 
1585 1469 1792 1199 
1586 1352 1730 1727 
1587 534 763 536 
1588 539 753 537 
1589 565 749 563 
1590 570 707 572 
1591 573 748 571 
1592 572 1867 574 
1593 576 1864 578 
1594 581 747 579 
1595 580 1941 582 
1596 589 746 587 
1597 692 722 694 
1598 875 1328 877 
1599 961 1818 963 
1600 995 997 996 
1601 1002 2035 1000 
1602 1407 1408 1406 
1603 1101 1635 481 
1604 546 547 545 
1605 1020 1569 1018 
1606 1098 2097 1502 
1607 1192 1791 1464 
1608 1201 1792 1471 
1609 1217 1894 1483 
1610 1243 1244 1242 
1611 1246 1880 1381 
1612 1274 1275 1273 
1613 1273 1737 1651 
1614 1858 1921 1837 
1615 201 1767 200 
1616 205 1770 204 
1617 1764 2011 370 
1618 391 1815 1773 
1619 1398 1508 1045 
1620 1147 1148 1146 
1621 1194 1791 1192 
1622 1279 1507 1277 
1623 1374 1525 1287 
1624 1304 1306 1305 
1625 494 495 493 
1626 734 1626 805 
1627 869 871 870 
1628 873 875 874 
1629 979 981 980 
1630 1003 1005 1004 
1631 1131 1132 1130 
1632 1153 1568 1442 
1633 502 504 503 
1634 528 530 529 
1635 530 532 531 
1636 574 772 576 
1637 577 775 575 
1638 579 1870 577 
1639 578 708 580 
1640 582 773 584 
1641 585 778 583 
1642 584 1872 586 
1643 587 1875 585 
1644 598 600 599 
1645 769 1813 599 
1646 608 610 609 
1647 612 1822 614 
1648 614 785 616 
1649 770 1900 615 
1650 616 618 617 
1651 620 622 621 
1652 741 1887 627 
1653 711 1899 1898 
1654 772 1865 1864 
1655 1988 2094 821 
1656 987 989 988 
1657 1121 1122 1120 
1658 1627 1880 1248 
1659 368 1830 238 
1660 480 481 478 
1661 645 739 643 
1662 801 810 809 
1663 1165 1166 1164 
1664 1455 1973 1214 
1665 1260 1261 1259 
1666 1298 1299 1297 
1667 899 1334 901 
1668 904 1951 902 
1669 1058 1639 1638 
1670 1199 1792 1201 
1671 107 2050 362 
1672 509 757 507 
1673 559 1996 557 
1674 562 706 564 
1675 566 784 568 
1676 583 1848 581 
1677 586 709 588 
1678 592 1820 594 
1679 595 1980 593 
1680 594 710 596 
1681 597 745 595 
1682 599 1813 597 
1683 613 743 611 
1684 650 2039 652 
1685 737 1582 665 
1686 676 678 677 
1687 971 1356 973 
1688 1054 1600 994 
1689 1383 1431 1382 
1690 476 780 474 
1691 703 1937 540 
1692 704 1703 548 
1693 774 1820 592 
1694 602 604 603 
1695 604 606 605 
1696 606 608 607 
1697 713 1943 620 
1698 622 624 623 
1699 777 1889 624 
1700 628 630 629 
1701 761 1746 631 
1702 640 642 641 
1703 664 666 665 
1704 843 845 844 
1705 879 1329 881 
1706 1005 1363 1007 
1707 1013 1015 1014 
1708 1023 1025 1024 
1709 1152 1479 1150 
1710 1211 1733 1213 
1711 60 1669 438 
1712 64 1670 439 
1713 385 1915 152 
1714 168 1681 448 
1715 194 1838 381 
1716 202 1847 389 
1717 204 1770 452 
1718 209 1773 208 
1719 212 1776 454 
1720 377 1684 1683 
1721 1837 1921 379 
1722 388 1934 1842 
1723 1924 1934 388 
1724 389 1831 1767 
1725 1675 1676 411 
1726 1687 1835 419 
1727 449 1858 1857 
1728 449 1921 1858 
1729 1769 1924 451 
1730 1775 1925 453 
1731 500 2106 698 
1732 514 515 513 
1733 518 1701 771 
1734 522 523 521 
1735 542 1937 796 
1736 841 842 840 
1737 1321 1616 843 
1738 845 846 844 
1739 853 854 852 
1740 857 858 856 
1741 865 866 864 
1742 869 870 868 
1743 879 880 878 
1744 881 882 880 
1745 903 904 902 
1746 943 1780 1349 
1747 954 1781 1064 
1748 971 972 970 
1749 983 1967 1359 
1750 1056 1589 1586 
1751 1070 1807 1806 
1752 1081 1664 1663 
1753 1149 1441 1151 
1754 1159 1969 1161 
1755 1164 1475 1162 
1756 1175 1177 1176 
1757 1177 1179 1178 
1758 1185 1187 1186 
1759 1236 1448 1234 
1760 1241 1243 1242 
1761 1246 1381 1244 
1762 1255 1256 1254 
1763 1258 1260 1259 
1764 1269 1819 1267 
1765 1273 1651 1271 
1766 1282 1283 1281 
1767 1288 1289 1287 
1768 1323 1559 1556 
1769 1729 1818 1353 
1770 1531 1995 1529 
1771 1624 2037 1621 
1772 1851 1852 1684 
1773 1691 1693 1690 
1774 1720 1879 1721 
1775 1767 1831 1768 
1776 1770 1808 1771 
1777 1832 1847 1772 
1778 1773 1815 1774 
1779 1841 1842 1840 
1780 1928 2045 1929 
1781 361 1674 101 
1782 251 2017 456 
1783 596 1809 598 
1784 615 1900 613 
1785 738 1877 659 
1786 661 1584 738 
1787 829 830 828 
1788 835 836 834 
1789 881 883 882 
1790 885 887 886 
1791 909 911 910 
1792 927 929 928 
1793 1345 1959 929 
1794 931 933 932 
1795 937 939 938 
1796 945 947 946 
1797 953 955 954 
1798 1063 1781 956 
1799 1070 1961 1807 
1800 1109 1112 1108 
1801 1161 1444 1163 
1802 1440 2025 1297 
1803 1721 1722 1343 
1804 1517 1580 1518 
1805 610 612 611 
1806 618 620 619 
1807 626 628 627 
1808 680 682 681 
1809 1067 1104 822 
1810 995 996 994 
1811 1056 2033 1589 
1812 1140 1484 1138 
1813 1145 1146 1144 
1814 1339 1417 1340 
1815 52 1667 421 
1816 793 2039 650 
1817 668 719 670 
1818 1159 1160 1158 
1819 1205 1814 1474 
1820 1209 1210 1208 
1821 1265 1378 1263 
1822 410 1756 240 
1823 477 479 478 
1824 668 670 669 
1825 733 806 732 
1826 1011 1012 1010 
1827 1135 1437 1137 
1828 1139 1140 1138 
1829 1157 1158 1156 
1830 1196 1463 1194 
1831 1200 1461 1198 
1832 71 1826 70 
1833 744 1876 603 
1834 624 626 625 
1835 714 2004 628 
1836 739 2007 643 
1837 646 648 647 
1838 650 651 649 
1839 959 1353 961 
1840 966 1061 964 
1841 982 1057 980 
1842 990 2033 988 
1843 1105 1106 1104 
1844 1133 1135 1134 
1845 1165 1167 1166 
1846 358 1912 89 
1847 492 494 493 
1848 504 797 506 
1849 654 655 653 
1850 660 2043 718 
1851 668 1796 719 
1852 725 2051 733 
1853 734 805 804 
1854 996 1054 994 
1855 1145 1373 1147 
1856 31 441 30 
1857 33 395 32 
1858 50 1833 348 
1859 81 1673 80 
1860 386 1681 169 
1861 412 1851 175 
1862 179 1853 178 
1863 1835 1836 379 
1864 1773 1774 453 
1865 534 1750 763 
1866 574 1867 772 
1867 606 1898 779 
1868 622 1943 777 
1869 626 1889 714 
1870 632 633 631 
1871 636 637 635 
1872 1091 2054 854 
1873 1015 1017 1016 
1874 1164 1790 1475 
1875 1223 1225 1224 
1876 1262 1263 1261 
1877 1284 1285 1283 
1878 1430 1752 1634 
1879 1775 1935 1925 
1880 475 1034 477 
1881 476 1635 780 
1882 673 736 671 
1883 725 733 732 
1884 850 1707 848 
1885 854 2054 852 
1886 1151 1152 1150 
1887 1192 1464 1190 
1888 1226 1736 1224 
1889 67 1907 66 
1890 69 1671 68 
1891 492 493 491 
1892 766 1849 623 
1893 667 737 665 
1894 732 734 726 
1895 1704 1705 767 
1896 1084 1718 884 
1897 1078 1891 908 
1898 1077 1954 912 
1899 913 915 914 
1900 917 919 918 
1901 919 921 920 
1902 1075 1957 920 
1903 921 923 922 
1904 923 925 924 
1905 925 927 926 
1906 929 931 930 
1907 933 935 934 
1908 935 937 936 
1909 939 941 940 
1910 943 945 944 
1911 947 949 948 
1912 949 951 950 
1913 951 953 952 
1914 957 959 958 
1915 1061 1881 964 
1916 1355 1786 969 
1917 971 973 972 
1918 983 985 984 
1919 1005 1007 1006 
1920 1013 1365 1015 
1921 1247 1249 1248 
1922 679 729 677 
1923 682 684 683 
1924 1796 1799 719 
1925 734 735 726 
1926 765 1797 1796 
1927 1058 1638 976 
1928 1153 1442 1155 
1929 1171 1173 1172 
1930 1268 1270 1269 
1931 1292 1294 1293 
1932 261 460 260 
1933 482 483 481 
1934 648 649 647 
1935 674 764 676 
1936 692 693 691 
1937 1011 1013 1012 
1938 1171 1172 1170 
1939 1177 1178 1176 
1940 1177 1453 1179 
1941 1449 1975 1230 
1942 1231 1233 1232 
1943 1245 1247 1246 
1944 1247 1248 1246 
1945 1380 1627 1250 
1946 1274 1276 1275 
1947 29 394 28 
1948 45 1765 44 
1949 59 1905 58 
1950 70 1826 353 
1951 75 1909 74 
1952 84 1911 443 
1953 405 1859 262 
1954 499 794 497 
1955 1019 1021 1020 
1956 1204 1460 1202 
1957 1212 1457 1210 
1958 359 2026 93 
1959 263 405 262 
1960 266 397 265 
1961 269 403 268 
1962 271 463 270 
1963 833 1319 835 
1964 863 1325 865 
1965 888 1592 886 
1966 891 1332 893 
1967 894 1082 892 
1968 903 1335 905 
1969 906 1079 904 
1970 978 1058 976 
1971 984 1607 982 
1972 992 1055 990 
1973 999 1001 1000 
1974 1083 1593 1592 
1975 1143 1590 1145 
1976 1183 1185 1184 
1977 1306 1308 1307 
1978 446 1829 95 
1979 447 2050 108 
1980 516 518 517 
1981 568 1998 570 
1982 762 1661 642 
1983 653 1758 730 
1984 660 661 659 
1985 666 667 665 
1986 813 814 803 
1987 836 1096 834 
1988 862 1090 860 
1989 962 1062 960 
1990 964 1881 962 
1991 1172 1472 1170 
1992 1201 1471 1203 
1993 1203 1814 1205 
1994 1225 1489 1227 
1995 54 1904 349 
1996 58 1905 350 
1997 61 1669 60 
1998 65 1670 64 
1999 66 1907 352 
2000 74 1909 354 
2001 172 1682 429 
2002 174 1851 377 
2003 379 1921 185 
2004 380 1685 189 
2005 450 1922 191 
2006 381 1923 193 
2007 413 1838 195 
2008 451 1924 199 
2009 390 1770 205 
2010 453 1925 207 
2011 383 1776 213 
2012 214 1927 383 
2013 216 1742 426 
2014 229 2073 423 
2015 233 1755 424 
2016 235 1843 369 
2017 380 1688 1685 
2018 380 1689 1688 
2019 380 1922 1689 
2020 384 1761 1760 
2021 389 1832 1831 
2022 390 1935 1808 
2023 413 1840 1839 
2024 413 1841 1840 
2025 1686 1687 419 
2026 1744 1927 426 
2027 1767 1768 451 
2028 504 2059 797 
2029 516 517 515 
2030 521 756 519 
2031 524 525 523 
2032 536 537 535 
2033 538 539 537 
2034 542 543 541 
2035 550 1703 776 
2036 554 1897 705 
2037 562 563 561 
2038 566 567 565 
2039 566 1938 784 
2040 569 1940 787 
2041 572 573 571 
2042 574 575 573 
2043 578 579 577 
2044 580 581 579 
2045 582 583 581 
2046 586 587 585 
2047 586 1872 709 
2048 588 589 587 
2049 590 591 589 
2050 592 593 591 
2051 598 599 597 
2052 602 603 601 
2053 604 605 603 
2054 614 615 613 
2055 620 621 619 
2056 628 629 627 
2057 638 639 637 
2058 717 1985 654 
2059 707 1869 1868 
2060 772 1866 1865 
2061 832 2097 1098 
2062 851 852 850 
2063 855 856 854 
2064 857 1038 859 
2065 861 862 860 
2066 873 874 872 
2067 878 1713 1086 
2068 885 886 884 
2069 889 890 888 
2070 891 892 890 
2071 897 898 896 
2072 901 902 900 
2073 902 1951 1080 
2074 903 1884 1335 
2075 905 906 904 
2076 909 910 908 
2077 911 912 910 
2078 911 1953 1341 
2079 913 914 912 
2080 915 916 914 
2081 914 1956 1077 
2082 915 1955 1342 
2083 917 918 916 
2084 918 1957 1076 
2085 923 924 922 
2086 927 928 926 
2087 926 1724 1074 
2088 929 930 928 
2089 930 1878 1073 
2090 933 934 932 
2091 935 1804 1347 
2092 939 940 938 
2093 943 944 942 
2094 945 946 944 
2095 947 948 946 
2096 946 1963 1069 
2097 947 1962 1350 
2098 953 954 952 
2099 955 1994 1352 
2100 959 1727 1353 
2101 961 962 960 
2102 965 966 964 
2103 979 980 978 
2104 981 982 980 
2105 983 984 982 
2106 987 988 986 
2107 989 990 988 
2108 991 992 990 
2109 1063 1783 1782 
2110 1073 1726 1725 
2111 1083 1594 1593 
2112 1150 2070 1148 
2113 1176 1970 1470 
2114 1185 1186 1184 
2115 1189 1462 1191 
2116 1208 1458 1206 
2117 1213 1733 1480 
2118 1222 1734 1220 
2119 1220 1734 1454 
2120 1221 1974 1485 
2121 1225 1226 1224 
2122 1224 1736 1452 
2123 1228 1451 1226 
2124 1231 1232 1230 
2125 1234 1637 1232 
2126 1240 1447 1238 
2127 1264 1265 1263 
2128 1308 1309 1307 
2129 1327 1565 1564 
2130 1352 1731 1730 
2131 1867 1868 1866 
2132 406 1883 129 
2133 254 1699 1698 
2134 498 499 497 
2135 630 791 632 
2136 654 656 655 
2137 658 660 659 
2138 670 671 669 
2139 672 673 671 
2140 682 683 681 
2141 686 687 685 
2142 690 1629 692 
2143 692 694 693 
2144 840 1614 1095 
2145 993 994 992 
2146 1784 1785 1064 
2147 1219 1221 1220 
2148 1483 1974 1219 
2149 1239 1241 1240 
2150 38 1902 345 
2151 57 1668 56 
2152 56 1668 437 
2153 63 1906 62 
2154 73 1908 72 
2155 435 1910 79 
2156 111 2058 363 
2157 504 506 505 
2158 518 520 519 
2159 560 2010 562 
2160 563 1863 561 
2161 638 640 639 
2162 644 645 643 
2163 688 823 690 
2164 1080 2047 900 
2165 905 907 906 
2166 911 913 912 
2167 1341 1955 913 
2168 915 917 916 
2169 1076 1956 916 
2170 941 943 942 
2171 1348 1780 941 
2172 1068 1963 948 
2173 989 991 990 
2174 997 998 996 
2175 1003 1517 1005 
2176 1193 1465 1195 
2177 1205 1474 1207 
2178 1271 1377 1269 
2179 1278 1280 1279 
2180 62 1906 351 
2181 72 1908 433 
2182 355 1672 77 
2183 360 1913 97 
2184 484 485 483 
2185 678 680 679 
2186 1066 1429 1428 
2187 1135 1137 1136 
2188 1175 1176 1174 
2189 1189 1190 1188 
2190 1193 1194 1192 
2191 1195 1196 1194 
2192 1199 1200 1198 
2193 1201 1202 1200 
2194 1203 1204 1202 
2195 1211 1212 1210 
2196 1213 1214 1212 
2197 1217 1219 1218 
2198 1221 1223 1222 
2199 1229 1231 1230 
2200 1558 2065 1817 
2201 40 415 39 
2202 44 442 43 
2203 46 347 45 
2204 347 1765 45 
2205 48 422 47 
2206 50 348 49 
2207 348 1766 49 
2208 421 1833 51 
2209 70 353 69 
2210 74 354 73 
2211 78 355 77 
2212 82 356 81 
2213 84 443 83 
2214 86 357 85 
2215 88 444 87 
2216 90 358 89 
2217 94 359 93 
2218 96 446 95 
2219 100 414 99 
2220 105 416 104 
2221 107 362 106 
2222 109 447 108 
2223 111 363 110 
2224 115 364 114 
2225 117 1914 432 
2226 119 365 118 
2227 649 1654 792 
2228 661 738 659 
2229 685 728 683 
2230 833 835 834 
2231 871 1327 873 
2232 883 1330 885 
2233 905 1952 907 
2234 907 1338 909 
2235 909 1953 911 
2236 916 1956 914 
2237 917 1720 919 
2238 927 1345 929 
2239 941 1780 943 
2240 957 1727 959 
2241 1009 1010 1008 
2242 1008 1845 1051 
2243 1013 1014 1012 
2244 1015 1016 1014 
2245 1027 1041 1029 
2246 1155 1157 1156 
2247 1219 1974 1221 
2248 1224 1452 1222 
2249 1380 1628 1627 
2250 38 345 37 
2251 415 1902 39 
2252 42 346 41 
2253 439 1906 63 
2254 354 1908 73 
2255 92 445 91 
2256 96 1913 446 
2257 122 402 121 
2258 124 458 123 
2259 475 477 476 
2260 488 795 490 
2261 767 2010 560 
2262 979 1358 981 
2263 1010 1845 1008 
2264 1153 1154 1152 
2265 1181 1183 1182 
2266 1727 1728 1353 
2267 11 407 10 
2268 14 371 13 
2269 17 400 16 
2270 20 372 19 
2271 438 1905 59 
2272 434 1909 75 
2273 77 1672 76 
2274 444 1828 87 
2275 97 1913 96 
2276 630 632 631 
2277 666 668 667 
2278 666 1796 668 
2279 678 720 680 
2280 1173 1175 1174 
2281 1207 1984 1209 
2282 1221 1485 1223 
2283 1414 1415 1337 
2284 1386 1403 1387 
2285 9 459 8 
2286 12 1605 11 
2287 431 1907 67 
2288 353 1671 69 
2289 78 1910 355 
2290 356 1673 81 
2291 146 399 145 
2292 151 457 150 
2293 153 385 152 
2294 155 417 154 
2295 159 418 158 
2296 161 375 160 
2297 166 376 165 
2298 168 448 167 
2299 170 386 169 
2300 176 412 175 
2301 178 387 177 
2302 430 1853 179 
2303 378 1920 181 
2304 184 449 183 
2305 186 379 185 
2306 188 419 187 
2307 190 380 189 
2308 192 450 191 
2309 193 1923 192 
2310 194 381 193 
2311 196 413 195 
2312 198 388 197 
2313 199 1924 198 
2314 200 451 199 
2315 202 389 201 
2316 204 452 203 
2317 452 1847 203 
2318 206 390 205 
2319 208 453 207 
2320 210 391 209 
2321 212 454 211 
2322 454 1926 211 
2323 214 383 213 
2324 217 1742 216 
2325 218 384 217 
2326 219 1999 218 
2327 222 392 221 
2328 226 382 225 
2329 229 423 228 
2330 233 424 232 
2331 237 425 236 
2332 241 410 240 
2333 249 366 248 
2334 251 456 250 
2335 253 398 252 
2336 388 1842 1841 
2337 390 1808 1770 
2338 413 1839 1838 
2339 1743 1744 426 
2340 1768 1769 451 
2341 518 519 517 
2342 532 533 531 
2343 544 545 543 
2344 548 549 547 
2345 550 551 549 
2346 554 555 553 
2347 556 557 555 
2348 558 559 557 
2349 560 561 559 
2350 564 565 563 
2351 568 569 567 
2352 570 571 569 
2353 576 577 575 
2354 577 1870 775 
2355 578 1864 708 
2356 581 1848 747 
2357 582 1941 773 
2358 584 585 583 
2359 585 1875 778 
2360 594 595 593 
2361 593 1980 783 
2362 596 597 595 
2363 597 1813 745 
2364 598 1809 782 
2365 600 601 599 
2366 601 1876 769 
2367 606 607 605 
2368 605 1886 744 
2369 608 609 607 
2370 610 611 609 
2371 612 613 611 
2372 613 1900 743 
2373 616 617 615 
2374 618 619 617 
2375 622 623 621 
2376 626 627 625 
2377 625 1887 766 
2378 630 631 629 
2379 634 635 633 
2380 640 641 639 
2381 715 2008 646 
2382 653 730 651 
2383 849 1323 851 
2384 1137 1139 1138 
2385 1143 1145 1144 
2386 1163 1164 1162 
2387 1169 1170 1168 
2388 1173 1174 1172 
2389 1183 1184 1182 
2390 1191 1192 1190 
2391 1197 1198 1196 
2392 1205 1206 1204 
2393 1207 1208 1206 
2394 1474 1984 1207 
2395 1208 1890 1458 
2396 1215 1216 1214 
2397 1215 1217 1216 
2398 1217 1218 1216 
2399 1219 1220 1218 
2400 1221 1222 1220 
2401 1223 1224 1222 
2402 1452 1734 1222 
2403 1227 1228 1226 
2404 1235 1236 1234 
2405 1237 1238 1236 
2406 1241 1242 1240 
2407 1243 1245 1244 
2408 1251 1252 1250 
2409 1361 2041 2040 
2410 443 1827 83 
2411 143 408 142 
2412 256 409 255 
2413 500 501 499 
2414 504 505 503 
2415 676 677 675 
2416 680 681 679 
2417 1129 1131 1130 
2418 1173 1450 1175 
2419 1210 1890 1208 
2420 1216 1455 1214 
2421 1232 1449 1230 
2422 2092 2107 1789 
2423 128 462 127 
2424 130 406 129 
2425 138 461 137 
2426 461 1759 137 
2427 463 1862 270 
2428 871 873 872 
2429 883 885 884 
2430 1082 1650 892 
2431 1335 1952 905 
2432 907 909 908 
2433 1338 1953 909 
2434 1346 1804 933 
2435 1353 1818 961 
2436 967 969 968 
2437 975 977 976 
2438 991 993 992 
2439 1125 1126 1124 
2440 1137 1138 1136 
2441 1181 1456 1183 
2442 1189 1191 1190 
2443 1211 1213 1212 
2444 1728 1729 1353 
2445 79 1910 78 
2446 136 404 135 
2447 1763 1764 370 
2448 505 1577 503 
2449 819 2098 804 
2450 1149 1150 1148 
2451 1217 1483 1219 
2452 1336 1414 1337 
2453 39 1902 38 
2454 349 1667 53 
2455 133 396 132 
2456 657 768 655 
2457 827 829 828 
2458 1052 2035 1002 
2459 1121 1123 1122 
2460 1138 1611 1136 
2461 1187 1188 1186 
2462 1191 1193 1192 
2463 1197 1199 1198 
2464 1205 1207 1206 
2465 1207 1209 1208 
2466 1457 1890 1210 
2467 1225 1227 1226 
2468 1227 1229 1228 
2469 1249 1250 1248 
2470 1258 1259 1256 
2471 1290 1291 1289 
2472 517 1579 515 
2473 518 771 520 
2474 637 740 635 
2475 821 1066 822 
2476 988 1056 986 
2477 1443 1969 1159 
2478 1214 1973 1212 
2479 1220 1454 1218 
2480 1230 1975 1228 
2481 54 349 53 
2482 58 350 57 
2483 62 351 61 
2484 66 352 65 
2485 748 1940 571 
2486 707 1998 1869 
2487 870 1088 868 
2488 910 1078 908 
2489 911 1341 913 
2490 914 1077 912 
2491 913 1955 915 
2492 915 1342 917 
2493 918 1076 916 
2494 922 1075 920 
2495 928 1724 926 
2496 930 1073 928 
2497 929 1959 931 
2498 931 1346 933 
2499 934 1072 932 
2500 935 1347 937 
2501 937 1960 939 
2502 940 1805 938 
2503 944 1961 942 
2504 947 1350 949 
2505 950 1068 948 
2506 967 1355 969 
2507 983 1359 985 
2508 1045 1065 1042 
2509 1063 1782 1781 
2510 1107 1108 1106 
2511 1149 1151 1150 
2512 1201 1203 1202 
2513 1471 1814 1203 
2514 1720 1721 1343 
2515 1362 1580 1517 
2516 36 420 35 
2517 346 1803 41 
2518 648 650 649 
2519 658 659 657 
2520 662 663 661 
2521 662 664 663 
2522 664 665 663 
2523 664 765 666 
2524 1070 1806 1805 
2525 53 1667 52 
2526 351 1669 61 
2527 352 1670 65 
2528 373 1621 148 
2529 411 2066 163 
2530 182 1854 378 
2531 185 1921 184 
2532 184 1921 449 
2533 186 1835 379 
2534 419 1835 187 
2535 189 1685 188 
2536 191 1922 190 
2537 190 1922 380 
2538 192 1923 450 
2539 196 1841 413 
2540 388 1841 197 
2541 198 1924 388 
2542 200 1767 451 
2543 206 1925 390 
2544 208 1773 453 
2545 218 1999 384 
2546 1856 1920 378 
2547 1836 1837 379 
2548 384 1760 1742 
2549 423 1692 1691 
2550 1772 1847 452 
2551 1774 1775 453 
2552 520 521 519 
2553 526 527 525 
2554 528 529 527 
2555 530 531 529 
2556 540 541 539 
2557 594 1820 710 
2558 614 1822 785 
2559 621 1849 742 
2560 624 625 623 
2561 641 790 639 
2562 640 762 642 
2563 812 1036 811 
2564 843 844 842 
2565 852 1092 850 
2566 867 868 866 
2567 877 878 876 
2568 883 884 882 
2569 887 888 886 
2570 893 894 892 
2571 895 896 894 
2572 899 900 898 
2573 907 908 906 
2574 907 1952 1338 
2575 910 1954 1078 
2576 919 920 918 
2577 919 1720 1343 
2578 921 922 920 
2579 925 926 924 
2580 927 1958 1345 
2581 931 932 930 
2582 931 1959 1346 
2583 935 936 934 
2584 937 938 936 
2585 938 1805 1071 
2586 941 942 940 
2587 942 1961 1070 
2588 949 950 948 
2589 951 952 950 
2590 951 1979 1351 
2591 955 956 954 
2592 959 960 958 
2593 963 964 962 
2594 962 1881 1062 
2595 963 1818 1354 
2596 967 968 966 
2597 969 970 968 
2598 973 974 972 
2599 975 976 974 
2600 977 978 976 
2601 985 986 984 
2602 987 2019 1039 
2603 1058 1640 1639 
2604 1066 1428 1067 
2605 1078 1893 1892 
2606 1105 1369 1107 
2607 1161 1162 1160 
2608 1163 1165 1164 
2609 1167 1168 1166 
2610 1453 1732 1179 
2611 1184 1467 1182 
2612 1203 1205 1204 
2613 1212 1973 1457 
2614 1215 1894 1217 
2615 1253 1254 1252 
2616 1377 1819 1269 
2617 1276 1277 1275 
2618 1297 2025 1295 
2619 1687 1836 1835 
2620 87 1828 86 
2621 253 1698 398 
2622 508 509 507 
2623 624 1889 626 
2624 642 643 641 
2625 656 786 658 
2626 668 669 667 
2627 674 675 673 
2628 678 679 677 
2629 805 819 804 
2630 863 865 864 
2631 893 895 894 
2632 903 905 904 
2633 1079 1951 904 
2634 1342 1720 917 
2635 1073 1724 928 
2636 959 961 960 
2637 985 987 986 
2638 997 2009 1361 
2639 1095 1522 1521 
2640 1187 1189 1188 
2641 1656 1657 1332 
2642 484 1610 696 
2643 506 508 507 
2644 636 638 637 
2645 660 718 662 
2646 804 2098 818 
2647 999 1000 998 
2648 1005 1006 1004 
2649 1136 1611 1384 
2650 1308 1310 1309 
2651 1586 1587 1585 
2652 27 440 26 
2653 494 496 495 
2654 1179 1181 1180 
2655 1195 1197 1196 
2656 1252 1380 1250 
2657 23 455 22 
2658 25 393 24 
2659 32 1660 31 
2660 650 652 651 
2661 688 690 689 
2662 835 837 836 
2663 997 1361 999 
2664 1050 1845 1010 
2665 1019 1020 1018 
2666 1021 1022 1020 
2667 1025 1026 1024 
2668 1027 1028 1026 
2669 1031 1578 1030 
2670 1175 1653 1177 
2671 1264 1266 1265 
2672 1296 1298 1297 
2673 1336 1416 1414 
2674 1402 1406 1401 
2675 797 2021 506 
2676 543 2029 541 
2677 779 2000 608 
2678 625 766 623 
2679 912 1954 910 
2680 920 1957 918 
2681 919 1343 921 
2682 921 1723 923 
2683 923 1344 925 
2684 926 1074 924 
2685 932 1878 930 
2686 933 1804 935 
2687 938 1071 936 
2688 939 1348 941 
2689 942 1070 940 
2690 943 1349 945 
2691 948 1963 946 
2692 951 1351 953 
2693 958 1063 956 
2694 1008 1051 1006 
2695 1016 1048 1014 
2696 1213 1215 1214 
2697 1284 1393 1286 
2698 473 475 474 
2699 652 653 651 
2700 656 657 655 
2701 802 813 803 
2702 1817 2065 1038 
2703 1109 1113 1112 
2704 1176 1470 1174 
2705 1494 1495 1493 
2706 44 1765 442 
2707 68 431 67 
2708 72 433 71 
2709 76 434 75 
2710 80 435 79 
2711 98 360 97 
2712 102 361 101 
2713 106 1649 105 
2714 362 1649 106 
2715 113 436 112 
2716 117 432 116 
2717 149 373 148 
2718 157 374 156 
2719 164 411 163 
2720 172 429 171 
2721 174 377 173 
2722 180 430 179 
2723 182 378 181 
2724 195 1838 194 
2725 207 1925 206 
2726 215 1927 214 
2727 252 2017 251 
2728 384 1999 1761 
2729 1685 1686 419 
2730 561 1863 789 
2731 589 1991 746 
2732 609 1942 781 
2733 644 646 645 
2734 845 847 846 
2735 857 859 858 
2736 859 861 860 
2737 1147 1149 1148 
2738 1179 1180 1178 
2739 1180 1972 1468 
2740 1463 1791 1194 
2741 1209 1984 1477 
2742 1270 1271 1269 
2743 1292 1293 1291 
2744 141 464 140 
2745 502 503 501 
2746 1787 1788 1060 
2747 1161 1163 1162 
2748 125 466 124 
2749 490 491 489 
2750 749 1863 563 
2751 602 711 604 
2752 605 744 603 
2753 606 779 608 
2754 618 713 620 
2755 620 1943 622 
2756 622 777 624 
2757 626 714 628 
2758 628 2004 630 
2759 646 647 645 
2760 891 893 892 
2761 1356 1965 973 
2762 1001 1003 1002 
2763 1078 1954 1893 
2764 1503 1504 1099 
2765 1127 1129 1128 
2766 1199 1201 1200 
2767 1307 1436 1305 
2768 1352 1994 1731 
2769 520 522 521 
2770 634 636 635 
2771 684 721 686 
2772 690 691 689 
2773 1510 1511 1366 
2774 648 793 650 
2775 805 1032 819 
2776 1030 1578 1368 
2777 1139 1141 1140 
2778 1181 1182 1180 
2779 1193 1195 1194 
2780 1272 1273 1271 
2781 1635 1636 780 
2782 1986 1987 786 
2783 837 839 838 
2784 874 1087 872 
2785 877 2056 879 
2786 886 1084 884 
2787 908 1891 906 
2788 925 1958 927 
2789 946 1069 944 
2790 954 1064 952 
2791 953 1994 955 
2792 955 1352 957 
2793 963 1354 965 
2794 970 1060 968 
2795 993 995 994 
2796 1067 1105 1104 
2797 1073 1725 1724 
2798 1078 1892 1891 
2799 1169 1171 1170 
2800 1213 1480 1215 
2801 1248 1880 1246 
2802 1342 1879 1720 
2803 566 568 567 
2804 572 574 573 
2805 593 783 591 
2806 745 1980 595 
2807 596 598 597 
2808 710 1809 596 
2809 601 769 599 
2810 711 1898 604 
2811 781 1886 607 
2812 611 1942 609 
2813 743 1942 611 
2814 612 614 613 
2815 614 616 615 
2816 617 770 615 
2817 629 741 627 
2818 801 808 800 
2819 1397 1425 1065 
2820 1165 1445 1167 
2821 1185 1459 1187 
2822 41 1803 40 
2823 1676 1677 411 
2824 477 478 476 
2825 488 490 489 
2826 508 510 509 
2827 737 1583 1582 
2828 1131 1133 1132 
2829 88 1912 444 
2830 166 2016 376 
2831 169 1681 168 
2832 197 1841 196 
2833 211 1926 210 
2834 220 1928 427 
2835 392 2045 1928 
2836 530 702 532 
2837 722 725 723 
2838 844 2034 1094 
2839 845 1322 847 
2840 847 848 846 
2841 849 851 850 
2842 859 860 858 
2843 871 872 870 
2844 875 877 876 
2845 1086 2031 876 
2846 879 2056 1329 
2847 906 1891 1079 
2848 939 1960 1348 
2849 950 1850 1068 
2850 979 1966 1358 
2851 1596 1718 1084 
2852 1119 1121 1120 
2853 1245 1246 1244 
2854 1284 1286 1285 
2855 1296 1297 1295 
2856 1563 2056 1328 
2857 1331 1659 1658 
2858 31 1660 441 
2859 55 1904 54 
2860 536 538 537 
2861 538 540 539 
2862 750 1860 555 
2863 789 1996 559 
2864 562 564 563 
2865 568 570 569 
2866 574 576 575 
2867 576 578 577 
2868 578 580 579 
2869 747 1870 579 
2870 580 582 581 
2871 582 584 583 
2872 778 1848 583 
2873 584 586 585 
2874 586 588 587 
2875 746 1875 587 
2876 588 590 589 
2877 591 1991 589 
2878 590 592 591 
2879 590 774 592 
2880 783 1991 591 
2881 592 594 593 
2882 594 596 595 
2883 598 782 600 
2884 600 602 601 
2885 603 1876 601 
2886 609 781 607 
2887 610 712 612 
2888 621 742 619 
2889 623 1849 621 
2890 627 1887 625 
2891 660 662 661 
2892 684 685 683 
2893 889 891 890 
2894 899 901 900 
2895 901 903 902 
2896 1069 1961 944 
2897 1349 1962 945 
2898 1350 1979 949 
2899 1064 1850 952 
2900 965 967 966 
2901 981 983 982 
2902 1055 2033 990 
2903 1001 1362 1003 
2904 1063 2006 1783 
2905 456 1652 250 
2906 480 482 481 
2907 486 487 485 
2908 488 489 487 
2909 512 514 513 
2910 645 2038 739 
2911 826 2080 817 
2912 1000 1053 998 
2913 1001 1002 1000 
2914 1000 2035 1053 
2915 1065 1103 1042 
2916 1157 1443 1159 
2917 1160 1476 1158 
2918 1643 1644 1514 
2919 809 821 808 
2920 1143 1144 1142 
2921 1197 1469 1199 
2922 1239 1240 1238 
2923 1294 1295 1293 
2924 1362 2040 1581 
2925 51 1833 50 
2926 484 696 486 
2927 670 672 671 
2928 1007 1008 1006 
2929 1007 1009 1008 
2930 1009 1011 1010 
2931 1017 1018 1016 
2932 1026 2062 1047 
2933 1029 1030 1028 
2934 1131 1435 1133 
2935 1327 1564 1561 
2936 475 476 474 
2937 542 544 543 
2938 752 2029 543 
2939 558 560 559 
2940 564 566 565 
2941 570 572 571 
2942 707 1867 572 
2943 772 1864 576 
2944 708 1941 580 
2945 773 1872 584 
2946 604 1898 606 
2947 684 686 685 
2948 694 724 693 
2949 765 1798 1797 
2950 811 1988 809 
2951 814 820 816 
2952 945 1962 947 
2953 949 1979 951 
2954 974 1059 972 
2955 1012 1050 1010 
2956 1374 1526 1525 
2957 479 802 695 
2958 802 803 695 
2959 733 807 806 
2960 29 1885 394 
2961 442 1903 43 
2962 425 1843 236 
2963 238 1830 237 
2964 1854 1855 378 
2965 479 480 478 
2966 484 486 485 
2967 552 553 551 
2968 630 2004 791 
2969 734 804 735 
2970 856 1091 854 
2971 1022 1049 1020 
2972 1092 1708 1707 
2973 1144 1482 1142 
2974 1168 1989 1473 
2975 1472 1989 1170 
2976 1188 1466 1186 
2977 1229 1230 1228 
2978 510 511 509 
2979 1110 1111 813 
2980 1090 1538 860 
2981 861 863 862 
2982 1062 2006 960 
2983 1154 2083 1152 
2984 1676 1678 1677 
2985 43 1903 42 
2986 496 799 498 
2987 522 701 524 
2988 529 1745 527 
2989 546 704 548 
2990 551 751 549 
2991 560 562 561 
2992 887 889 888 
2993 897 899 898 
2994 1072 1878 932 
2995 1351 1994 953 
2996 955 957 956 
2997 977 979 978 
2998 1361 2040 999 
2999 1123 1430 1125 
3000 1136 1384 1134 
3001 1155 1156 1154 
3002 652 717 654 
3003 804 818 735 
3004 1009 1364 1011 
3005 1392 1552 1108 
3006 1180 1468 1178 
3007 1209 1477 1211 
3008 1266 1267 1265 
3009 1304 1305 1303 
3010 437 1904 55 
3011 533 754 531 
3012 550 776 552 
3013 672 674 673 
3014 1378 1597 1263 
3015 491 798 489 
3016 652 654 653 
3017 656 658 657 
3018 674 676 675 
3019 839 841 840 
3020 866 1089 864 
3021 952 1850 950 
3022 997 999 998 
3023 1081 1663 1662 
3024 1119 1371 1121 
3025 1358 1968 1967 
3026 42 1903 346 
3027 851 853 852 
3028 1159 1161 1160 
3029 146 2037 399 
3030 159 1834 418 
3031 210 1926 391 
3032 426 1927 215 
3033 237 1830 425 
3034 1677 2066 411 
3035 534 535 533 
3036 557 1996 750 
3037 570 1998 707 
3038 610 2000 712 
3039 725 726 723 
3040 841 1321 843 
3041 875 876 874 
3042 877 879 878 
3043 1117 1119 1118 
3044 1294 1296 1295 
3045 1307 1747 1436 
3046 1323 1560 1559 
3047 1722 1723 1343 
3048 467 469 468 
3049 496 497 495 
3050 502 2059 504 
3051 754 2028 531 
3052 544 546 545 
3053 556 558 557 
3054 833 834 832 
3055 895 897 896 
3056 1347 1960 937 
3057 1623 1625 1622 
3058 496 1554 799 
3059 498 500 499 
3060 732 1626 734 
3061 691 727 689 
3062 548 1703 550 
3063 956 1781 954 
3064 1023 1024 1022 
3065 1054 2086 1602 
3066 1105 1107 1106 
3067 494 1554 496 
3068 526 528 527 
3069 607 1886 605 
3070 1987 2043 786 
3071 882 1085 880 
3072 1027 1029 1028 
3073 1127 1433 1129 
3074 1156 1478 1154 
3075 1316 1382 1315 
3076 1318 1400 1317 
3077 1855 1856 378 
3078 423 1691 1690 
3079 482 484 483 
3080 855 857 856 
3081 1479 2070 1150 
3082 1170 1989 1168 
3083 175 1851 174 
3084 225 2042 224 
3085 236 1843 235 
3086 508 2021 700 
3087 529 2028 1745 
3088 824 1317 825 
3089 853 1324 855 
3090 1036 1398 1045 
3091 1141 1143 1142 
3092 1228 1975 1451 
3093 552 1897 554 
3094 554 705 556 
3095 98 1739 360 
3096 483 1101 481 
3097 1070 1805 940 
3098 1157 1159 1158 
3099 1782 1784 1781 
3100 40 1803 415 
3101 814 816 815 
3102 816 824 817 
3103 1090 1539 1538 
3104 1209 1211 1210 
3105 1161 1969 1444 
3106 1182 1972 1180 
3107 1276 1278 1277 
3108 85 1911 84 
3109 89 1912 88 
3110 487 760 485 
3111 541 1647 539 
3112 900 2047 898 
3113 975 1357 977 
3114 1300 1302 1301 
3115 1331 1658 1655 
3116 788 1816 528 
3117 1168 1473 1166 
3118 1043 1388 1385 
3119 1272 1274 1273 
3120 149 1793 373 
3121 161 1917 375 
3122 176 1919 412 
3123 181 1920 180 
3124 230 2073 229 
3125 231 1763 370 
3126 376 1680 1679 
3127 531 2028 529 
3128 1706 2010 767 
3129 810 811 809 
3130 1032 1035 819 
3131 879 881 880 
3132 890 1650 1083 
3133 958 2006 1063 
3134 1058 2057 1640 
3135 1088 1712 1711 
3136 1113 1370 1115 
3137 1280 1281 1279 
3138 1362 1581 1580 
3139 1693 1695 1690 
3140 1434 1747 1309 
3141 2040 2041 1581 
3142 116 1740 115 
3143 695 1505 480 
3144 1036 2114 1398 
3145 1249 1251 1250 
3146 1260 1262 1261 
3147 1492 2048 1031 
3148 1054 1601 1600 
3149 1090 2095 1541 
3150 469 470 468 
3151 514 516 515 
3152 702 1750 532 
3153 1053 2086 998 
3154 1139 1439 1141 
3155 392 1928 221 
3156 864 2095 862 
3157 1467 1972 1182 
3158 1289 1374 1287 
3159 1932 2045 392 
3160 530 1816 702 
3161 546 2049 704 
3162 802 1110 813 
3163 1135 1136 1134 
3164 1271 1651 1377 
3165 515 731 513 
3166 1332 2018 893 
3167 963 965 964 
3168 1083 1650 1594 
3169 632 634 633 
3170 726 1487 723 
3171 634 716 636 
3172 652 2039 717 
3173 993 1360 995 
3174 795 2108 490 
3175 608 2000 610 
3176 893 2018 895 
3177 1339 1340 1035 
3178 1788 1789 1060 
3179 374 2027 156 
3180 387 1919 177 
3181 370 2073 230 
3182 733 1102 807 
3183 841 843 842 
3184 180 1920 430 
3185 517 1888 1579 
3186 852 2054 1092 
3187 857 1817 1038 
3188 874 2031 1087 
3189 895 2018 1333 
3190 1288 1290 1289 
3191 1302 1304 1303 
3192 1378 1598 1597 
3193 1403 1405 1387 
3194 496 498 497 
3195 534 536 535 
3196 1331 2055 1659 
3197 101 1674 100 
3198 500 502 501 
3199 1054 1602 1601 
3200 1113 1115 1114 
3201 1119 1120 1118 
3202 357 1911 85 
3203 1385 1545 1386 
3204 555 1860 553 
3205 1629 2051 722 
3206 701 1936 524 
3207 441 1885 30 
3208 448 2016 167 
3209 424 1763 232 
3210 847 849 848 
3211 998 2086 996 
3212 724 800 693 
3213 1036 1045 1042 
3214 1295 2025 1372 
3215 471 1399 473 
3216 736 2115 671 
3217 1330 2055 885 
3218 1343 1723 921 
3219 495 2076 759 
3220 414 1739 99 
3221 1035 1046 819 
3222 1480 1894 1215 
3223 1253 1255 1254 
3224 1312 1314 1313 
3225 1396 2119 2089 
3226 1582 1584 663 
3227 1319 2077 835 
3228 1043 1044 812 
3229 1123 1125 1124 
3230 960 2006 958 
3231 163 2066 162 
3232 849 2074 1323 
3233 883 2060 1330 
3234 967 2032 1355 
3235 1092 1709 1708 
3236 1165 2068 1445 
3237 1255 1258 1256 
3238 1407 1410 1409 
3239 1446 2101 1171 
3240 1251 1253 1252 
3241 658 2043 660 
3242 796 2049 544 
3243 867 1326 869 
3244 807 1257 1033 
3245 221 1928 220 
3246 232 1763 231 
3247 1254 2015 2014 
3248 30 1885 29 
3249 398 2017 252 
3250 528 1816 530 
3251 532 1750 534 
3252 1500 1503 1099 
3253 1778 2101 1446 
3254 820 2119 1844 
3255 1310 1312 1311 
3256 1399 1530 1528 
3257 1262 1264 1263 
3258 1300 1301 1299 
3259 1797 1799 1796 
3260 93 2026 92 
3261 99 1739 98 
3262 981 1967 983 
3263 1014 1983 1012 
3264 1553 2090 800 
3265 876 2031 874 
3266 885 2055 887 
3267 1030 1367 1028 
3268 887 2055 1331 
3269 898 2047 1081 
3270 1354 2032 965 
3271 1358 1967 981 
3272 1073 1878 1726 
3273 1090 1541 1539 
3274 1163 2068 1165 
3275 1026 1047 1024 
3276 471 473 472 
3277 673 2120 736 
3278 1025 2127 2126 
3279 1034 2063 477 
3280 1931 1932 392 
3281 829 831 830 
3282 901 1884 903 
3283 1012 1983 1050 
3284 382 2042 225 
3285 1148 2070 1481 
3286 412 1852 1851 
3287 514 699 516 
3288 837 1320 839 
3289 1478 2083 1154 
3290 1299 1440 1297 
3291 470 1574 468 
3292 497 2076 495 
3293 722 2051 725 
3294 1444 2068 1163 
3295 1270 1272 1271 
3296 457 1793 150 
3297 1401 1413 1400 
3298 171 1918 170 
3299 966 2107 1061 
3300 1033 1336 1100 
3301 1616 1618 1617 
3302 92 2026 445 
3303 423 2073 1692 
3304 817 2080 815 
3305 827 1037 829 
3306 1395 1396 1111 
3307 1324 1817 855 
3308 823 2131 1629 
3309 1049 1573 1570 
3310 1546 1895 1404 
3311 802 2063 1110 
3312 786 2043 658 
3313 1309 1747 1307 
3314 1697 2042 382 
3315 526 788 528 
3316 541 2029 1647 
3317 1160 2061 1476 
3318 1321 1619 1618 
3319 1436 2088 1305 
3320 881 2060 883 
3321 965 2032 967 
3322 1033 2113 1336 
3323 477 2063 479 
3324 1802 2191 720 
3325 118 1914 117 
3326 120 1977 119 
3327 162 1917 161 
3328 177 1919 176 
3329 223 1931 222 
3330 855 1817 857 
3331 1087 2104 872 
3332 365 1914 118 
3333 1364 2096 1645 
3334 681 2135 2125 
3335 1162 2061 1160 
3336 1152 2083 1479 
3337 1046 2098 819 
3338 835 2077 837 
3339 1092 2054 1709 
3340 376 2016 1680 
3341 1034 2067 2063 
3342 1368 1424 1421 
3343 824 2110 1318 
3344 2127 2134 2126 
3345 1475 2061 1162 
3346 1305 2088 1303 
3347 1402 1407 1406 
3348 824 1318 1317 
3349 693 2090 691 
3350 1339 1486 1417 
3351 1645 2096 1519 
3352 1089 2095 864 
3353 1569 2085 1018 
3354 119 1977 365 
3355 869 2046 871 
3356 1110 2067 1394 
3357 1622 1624 1621 
3358 162 2066 1917 
3359 222 1931 392 
3360 434 2123 1909 
3361 1327 2046 1565 
3362 487 2052 760 
3363 1400 1411 1317 
3364 1334 1884 901 
3365 1252 2014 1380 
3366 1081 2047 1664 
3367 698 2059 502 
3368 757 1608 507 
3369 1057 2057 980 
3370 2063 2067 1110 
3371 978 2057 1058 
3372 1279 2105 1507 
3373 1303 2088 1438 
3374 1041 1494 1493 
3375 1499 2132 729 
3376 1173 2101 1450 
3377 1254 2014 1252 
3378 691 2090 727 
3379 834 2097 832 
3380 1433 2071 1129 
3381 1370 1524 1506 
3382 544 2049 546 
3383 112 2058 111 
3384 115 1740 364 
3385 1041 1493 1491 
3386 1329 2060 881 
3387 1552 2112 1106 
3388 756 1888 519 
3389 1021 1630 1040 
3390 1519 2096 1363 
3391 1437 2081 1137 
3392 429 1918 171 
3393 1092 1707 850 
3394 727 2112 1552 
3395 479 2063 802 
3396 870 2104 1088 
3397 1061 2092 1882 
3398 800 2090 693 
3399 814 2089 820 
3400 375 1834 160 
3401 150 1793 149 
3402 160 1834 159 
3403 407 2149 2064 
3404 1281 2105 1279 
3405 407 2064 10 
3406 794 2076 497 
3407 1583 2143 1132 
3408 871 2046 1327 
3409 1789 2107 1060 
3410 662 2044 664 
3411 1111 2089 813 
3412 813 2089 814 
3413 980 2057 978 
3414 669 2115 2069 
3415 837 2077 1320 
3416 1139 2081 1439 
3417 1060 2107 968 
3418 1143 2082 1590 
3419 1171 2101 1173 
3420 841 2111 1321 
3421 1439 2082 1141 
3422 663 1584 661 
3423 1844 2119 1410 
3424 669 2069 667 
3425 1402 1844 1407 
3426 1405 2102 1387 
3427 519 1888 517 
3428 2197 2198 103 
3429 1103 2094 1988 
3430 1088 2104 1712 
3431 1129 2071 1131 
3432 1383 2217 1431 
3433 872 2104 870 
3434 847 2074 849 
3435 718 2044 662 
3436 1631 1632 1040 
3437 1630 1631 1040 
3438 1137 2081 1139 
3439 1322 2074 847 
3440 1016 2085 1048 
3441 1415 2128 1337 
3442 1131 2071 1435 
3443 1535 2098 1046 
3444 1574 2079 468 
3445 2074 2075 1560 
3446 968 2107 966 
3447 1396 2089 1111 
3448 1141 2082 1143 
3449 803 1982 695 
3450 667 2069 737 
3451 436 2058 112 
3452 400 2122 2099 
3453 1844 2110 820 
3454 16 1824 15 
3455 695 1982 1505 
3456 1489 2123 1227 
3457 816 2110 824 
3458 1320 2111 839 
3459 2022 2152 700 
3460 1375 2105 1281 
3461 1369 2124 1825 
3462 1387 2114 1044 
3463 839 2111 841 
3464 671 2115 669 
3465 1106 2112 1104 
3466 1018 2085 1016 
3467 724 2091 1515 
3468 1321 1618 1616 
3469 1428 2124 1067 
3470 1423 2192 1422 
3471 1126 2109 1124 
3472 821 2094 1066 
3473 1336 2113 1416 
3474 2053 2130 21 
3475 1049 2116 1573 
3476 820 2110 816 
3477 1096 2097 834 
3478 400 1824 16 
3479 825 2093 827 
3480 681 2125 679 
3481 10 2064 9 
3482 827 2093 1037 
3483 1242 2133 1240 
3484 9 2064 459 
3485 17 2122 400 
3486 2014 2137 1380 
3487 1124 2109 1390 
3488 474 2129 472 
3489 717 2151 1985 
3490 1022 2116 1049 
3491 1132 2143 1130 
3492 1103 1988 1042 
3493 679 2125 729 
3494 1047 2116 1024 
3495 1120 2118 1118 
3496 675 2120 673 
3497 1102 2218 2100 
3498 687 2013 685 
3499 2016 2087 1680 
3500 685 2013 728 
3501 1042 1988 811 
3502 1617 2075 1322 
3503 1227 2123 1229 
3504 799 2106 498 
3505 2013 2121 728 
3506 1093 2034 846 
3507 1552 2084 727 
3508 846 2034 844 
3509 1024 2116 1022 
3510 372 2130 1547 
3511 448 2087 2016 
3512 1040 2127 1023 
3513 498 2106 500 
3514 455 2053 22 
3515 522 2148 701 
3516 1105 2124 1369 
3517 729 2132 677 
3518 705 2144 1704 
3519 1412 2136 1396 
3520 20 2130 372 
3521 1041 2126 1494 
3522 1118 2118 1391 
3523 600 2141 602 
3524 1672 2153 2138 
3525 472 2129 1097 
3526 1077 2142 1954 
3527 616 2140 618 
3528 1396 2136 2119 
3529 2138 2153 1231 
3530 1710 2155 1089 
3531 1544 2135 728 
3532 1023 2127 1025 
3533 689 2084 687 
3534 22 2053 21 
3535 1392 2121 2013 
3536 2051 2131 1102 
3537 1540 2160 1543 
3538 1632 2127 1040 
3539 469 2117 471 
3540 728 2135 683 
3541 1112 2121 1392 
3542 2102 2114 1387 
3543 1291 2139 1289 
3544 1398 2114 2102 
3545 1102 2100 807 
3546 1229 2138 1231 
3547 1025 2126 1027 
3548 1067 2124 1105 
3549 1571 2156 2085 
3550 490 2108 492 
3551 807 2100 1257 
3552 1337 2128 1490 
3553 510 2152 512 
3554 1027 2126 1041 
3555 21 2130 20 
3556 1004 2150 1052 
3557 727 2084 689 
3558 1051 2150 1006 
3559 1629 2131 2051 
3560 492 2108 697 
3561 2126 2134 1494 
3562 535 2145 533 
3563 1240 2133 1447 
3564 683 2135 681 
3565 1322 2075 2074 
3566 471 2117 1399 
3567 675 2132 2120 
3568 1382 2146 1315 
3569 523 2147 521 
3570 677 2132 675 
3571 771 2148 520 
3572 511 2154 509 
3573 1672 2138 434 
3574 1380 2137 1628 
3575 18 2122 17 
3576 2119 2136 1410 
3577 618 2140 713 
3578 1289 2139 1374 
3579 602 2141 711 
3580 1954 2142 1893 
3581 1130 2143 1389 
3582 434 2138 2123 
3583 1704 2144 1705 
3584 1606 2149 407 
3585 2123 2138 1229 
3586 1632 2134 2127 
3587 355 2153 1672 
3588 533 2145 754 
3589 1315 2146 1432 
3590 521 2147 756 
3591 520 2148 522 
3592 1006 2150 1004 
3593 1985 2151 1986 
3594 700 2152 510 
3595 2059 2158 2023 
3596 1231 2153 1233 
3597 1910 2159 2157 
3598 1816 2162 1751 
3599 2157 2159 1235 
3600 1233 2157 1235 
3601 509 2154 757 
3602 1711 2155 1710 
3603 2085 2156 1048 
3604 698 2158 2059 
3605 1910 2157 355 
3606 1543 2160 1091 
3607 355 2157 2153 
3608 2153 2157 1233 
3609 435 2159 1910 
3610 1235 2159 1237 
3611 2161 2163 1239 
3612 1673 2163 2161 
3613 788 2162 1816 
3614 1237 2161 1239 
3615 1673 2161 435 
3616 435 2161 2159 
3617 2159 2161 1237 
3618 356 2163 1673 
3619 924 2169 922 
3620 1239 2163 1241 
3621 2140 2176 713 
3622 936 2172 934 
3623 1823 2176 2140 
3624 1241 2164 1243 
3625 2164 2165 1243 
3626 1827 2165 2164 
3627 2150 2187 1052 
3628 1827 2164 356 
3629 2163 2164 1241 
3630 356 2164 2163 
3631 443 2165 1827 
3632 443 2166 2165 
3633 1846 2187 2150 
3634 2141 2175 711 
3635 1243 2165 1245 
3636 1810 2175 2141 
3637 1607 2179 1057 
3638 2165 2166 1245 
3639 1911 2166 443 
3640 1911 2167 2166 
3641 1245 2166 1247 
3642 636 2182 638 
3643 2166 2167 1247 
3644 357 2167 1911 
3645 357 2168 2167 
3646 1247 2167 1249 
3647 588 2185 590 
3648 1828 2168 357 
3649 2167 2168 1249 
3650 719 2189 670 
3651 1249 2168 1251 
3652 2170 2171 1253 
3653 444 2171 2170 
3654 1251 2170 1253 
3655 922 2169 1075 
3656 444 2170 1828 
3657 1828 2170 2168 
3658 2168 2170 1251 
3659 1912 2171 444 
3660 1874 2181 2169 
3661 2169 2181 1075 
3662 1422 2192 2062 
3663 1253 2171 1255 
3664 361 2196 2195 
3665 934 2172 1072 
3666 1255 2173 1258 
3667 358 2173 1912 
3668 1912 2173 2171 
3669 2173 2174 1258 
3670 1282 2196 1284 
3671 2171 2173 1255 
3672 720 2191 680 
3673 2174 2177 1260 
3674 1258 2174 1260 
3675 102 2198 361 
3676 358 2174 2173 
3677 1648 2177 2174 
3678 104 2197 103 
3679 1393 2198 2197 
3680 1393 2199 1286 
3681 711 2175 1899 
3682 1648 2174 358 
3683 445 2177 1648 
3684 1260 2177 1262 
3685 445 2178 2177 
3686 1262 2178 1264 
3687 1072 2202 1878 
3688 2177 2178 1262 
3689 2026 2178 445 
3690 2180 2183 1266 
3691 1264 2180 1266 
3692 2178 2180 1264 
3693 359 2183 2180 
3694 1587 2179 1607 
3695 2026 2180 2178 
3696 359 2180 2026 
3697 716 2182 636 
3698 1829 2183 359 
3699 1266 2183 1268 
3700 2183 2184 1268 
3701 1268 2184 1270 
3702 1829 2184 2183 
3703 446 2184 1829 
3704 2184 2186 1270 
3705 446 2186 2184 
3706 1270 2186 1272 
3707 709 2185 588 
3708 1913 2186 446 
3709 2186 2188 1272 
3710 1913 2188 2186 
3711 1272 2188 1274 
3712 360 2188 1913 
3713 2188 2190 1274 
3714 360 2190 2188 
3715 1800 2189 719 
3716 1274 2190 1276 
3717 1739 2190 360 
3718 1575 2216 1576 
3719 2190 2193 1276 
3720 1739 2193 2190 
3721 414 2193 1739 
3722 1276 2193 1278 
3723 2193 2194 1278 
3724 414 2194 2193 
3725 1674 2194 414 
3726 1278 2194 1280 
3727 2129 2217 1097 
3728 1431 2217 2129 
3729 1674 2195 2194 
3730 2194 2195 1280 
3731 361 2195 1674 
3732 1280 2195 1282 
3733 361 2198 2196 
3734 1284 2196 1393 
3735 416 2197 104 
3736 103 2198 102 
3737 2197 2199 1393 
3738 1286 2199 1288 
3739 2199 2200 1288 
3740 416 2200 2199 
3741 1288 2200 1290 
3742 1649 2200 416 
3743 2200 2201 1290 
3744 1649 2201 2200 
3745 1290 2201 1292 
3746 362 2201 1649 
3747 1878 2202 1726 
3748 2201 2203 1292 
3749 362 2203 2201 
3750 2050 2203 362 
3751 1292 2203 1294 
3752 2203 2204 1294 
3753 2050 2204 2203 
3754 1294 2204 1296 
3755 447 2204 2050 
3756 2204 2205 1296 
3757 447 2205 2204 
3758 1296 2205 1298 
3759 2205 2206 1298 
3760 1612 2205 447 
3761 1298 2206 1300 
3762 1612 2206 2205 
3763 2206 2207 1300 
3764 363 2206 1612 
3765 363 2207 2206 
3766 2058 2207 363 
3767 2058 2208 2207 
3768 1300 2207 1302 
3769 2207 2208 1302 
3770 1302 2208 1304 
3771 2209 2210 1306 
3772 436 2208 2058 
3773 1613 2210 2209 
3774 1304 2209 1306 
3775 2196 2198 1393 
3776 364 2210 1613 
3777 2208 2209 1304 
3778 436 2209 2208 
3779 1613 2209 436 
3780 1306 2210 1308 
3781 364 2211 2210 
3782 1740 2211 364 
3783 2210 2211 1308 
3784 1308 2211 1310 
3785 1740 2212 2211 
3786 432 2212 1740 
3787 2211 2212 1310 
3788 2212 2213 1312 
3789 416 2199 2197 
3790 432 2213 2212 
3791 1310 2212 1312 
3792 1312 2213 1314 
3793 1914 2213 432 
3794 1914 2214 2213 
3795 2213 2214 1314 
3796 365 2214 1914 
3797 1314 2214 1316 
3798 2100 2218 1578 
3799 1578 2218 1368 
3800 365 2215 2214 
3801 1977 2215 365 
3802 2214 2215 1316 
3803 1316 2215 1383 
3804 1977 2216 2215 
3805 2215 2216 1383 
3806 1576 2216 1977 
3807 1097 2217 1575 
3808 1368 2218 1424 
3809 1406 2269 408 
3810 1320 2271 1916 
3811 2065 2279 1917 
3812 1326 2281 2087 
3813 1563 2284 429 
3814 1330 2286 1852 
3815 1657 2289 430 
3816 1955 2303 1689 
3817 1722 2305 381 
3818 1351 2319 1815 
3819 1729 2322 383 
3820 1966 2329 1932 
3821 1039 2331 1693 
3822 2009 2332 1764 
3823 1512 2343 367 
3824 1413 2346 144 
3825 1411 2349 399 
3826 1037 2350 1624 
3827 831 2351 1625 
3828 861 2354 1678 
3829 1968 2362 428 
3830 991 2366 1694 
3831 1633 2367 244 
3832 2134 2369 401 
3833 1495 2368 247 
3834 1862 2234 403 
3835 406 2233 1883 
3836 139 2219 138 
3837 127 2221 126 
3838 260 2220 259 
3839 272 2222 271 
3840 268 2223 267 
3841 131 2224 130 
3842 405 2232 1859 
3843 1759 2231 404 
3844 132 2227 131 
3845 267 2228 266 
3846 462 2221 127 
3847 460 2220 260 
3848 138 2219 461 
3849 271 2222 463 
3850 1896 2229 1895 
3851 1404 2229 1403 
3852 1395 2230 1420 
3853 1995 2230 1394 
3854 1410 2231 1409 
3855 1419 2232 1533 
3856 1399 2233 1530 
3857 2102 2234 1398 
3858 263 2235 405 
3859 404 2236 135 
3860 1397 2237 1426 
3861 467 2238 469 
3862 145 2239 144 
3863 2037 2240 399 
3864 1622 2241 1624 
3865 1406 2244 1401 
3866 2066 2242 1917 
3867 831 2245 833 
3868 1682 2246 429 
3869 1920 2248 430 
3870 1320 2247 2111 
3871 861 2249 863 
3872 1326 2250 2046 
3873 1838 2251 381 
3874 1330 2252 2055 
3875 1955 2253 1342 
3876 1927 2254 383 
3877 2042 2255 428 
3878 1691 2256 1693 
3879 1351 2257 1994 
3880 1512 2263 1631 
3881 1966 2258 1358 
3882 248 2259 247 
3883 245 2260 244 
3884 2009 2262 1361 
3885 991 2261 993 
3886 2134 2264 1494 
3887 126 2267 2 
3888 2 2267 125 
3889 3 2265 139 
3890 259 2266 4 
3891 140 2265 3 
3892 4 2266 258 
3893 1 2268 272 
3894 7 2268 1 
3895 403 2223 268 
3896 130 2224 406 
3897 1623 2347 1625 
3898 1411 2350 2093 
3899 385 2348 1916 
3900 143 2346 408 
3901 1676 2352 1678 
3902 1413 2349 1400 
3903 448 2353 2087 
3904 412 2355 1852 
3905 1037 2351 829 
3906 1038 2354 859 
3907 1563 2356 2056 
3908 1657 2357 2018 
3909 1922 2358 1689 
3910 1722 2359 1723 
3911 391 2360 1815 
3912 1729 2361 1818 
3913 1931 2362 1932 
3914 246 2368 401 
3915 1968 2364 1967 
3916 1039 2366 989 
3917 1763 2365 1764 
3918 1692 2363 1694 
3919 243 2367 367 
3920 1495 2370 1493 
3921 1633 2369 1632 
3922 1409 2226 1408 
3923 1418 2225 1419 
3924 134 2236 1420 
3925 1896 2235 264 
3926 396 2227 132 
3927 266 2228 397 
3928 1420 2236 1412 
3929 1536 2235 1896 
3930 1895 2229 1404 
3931 1394 2230 1395 
3932 460 2225 2220 
3933 2219 2226 461 
3934 2136 2231 1410 
3935 1533 2232 1534 
3936 2259 2370 1495 
3937 2260 2369 1633 
3938 2256 2366 1039 
3939 401 2368 2264 
3940 2255 2364 1968 
3941 367 2367 2263 
3942 2254 2361 1729 
3943 1764 2365 2262 
3944 1694 2363 2261 
3945 1932 2362 2258 
3946 2251 2359 1722 
3947 1815 2360 2257 
3948 2248 2357 1657 
3949 2246 2356 1563 
3950 1689 2358 2253 
3951 2243 2354 1038 
3952 1852 2355 2252 
3953 2240 2350 1411 
3954 2239 2349 1413 
3955 2087 2353 2250 
3956 1678 2352 2249 
3957 2241 2351 1037 
3958 1625 2347 2245 
3959 1916 2348 2247 
3960 408 2346 2244 
3961 2117 2233 1399 
3962 1398 2234 1508 
3963 264 2235 263 
3964 135 2236 134 
3965 1508 2237 1397 
3966 469 2238 2117 
3967 399 2239 145 
3968 1624 2240 2037 
3969 1625 2241 1622 
3970 1677 2242 2066 
3971 1678 2243 1677 
3972 1677 2243 2242 
3973 1401 2244 1413 
3974 833 2245 1319 
3975 1683 2246 1682 
3976 2111 2247 1619 
3977 1856 2248 1920 
3978 863 2249 1325 
3979 2046 2250 1565 
3980 1839 2251 1838 
3981 2055 2252 1659 
3982 1342 2253 1879 
3983 1744 2254 1927 
3984 1697 2255 2042 
3985 1694 2256 1691 
3986 1994 2257 1731 
3987 1358 2258 1968 
3988 401 2260 245 
3989 366 2259 248 
3990 993 2261 1360 
3991 1361 2262 2041 
3992 1631 2263 1633 
3993 1494 2264 1495 
3994 272 2268 2222 
3995 139 2265 2219 
3996 2220 2266 259 
3997 2221 2267 126 
3998 1427 2268 7 
3999 464 2265 140 
4000 258 2266 465 
4001 125 2267 466 
4002 1408 2371 2269 
4003 2300 2372 1418 
4004 2285 2356 1683 
4005 1619 2348 2272 
4006 2323 2361 1744 
4007 2290 2357 1856 
4008 1319 2347 2270 
4009 2306 2359 1839 
4010 2344 2370 366 
4011 1731 2360 2320 
4012 1325 2352 2280 
4013 2330 2364 1697 
4014 1565 2353 2282 
4015 1360 2363 2332 
4016 1659 2355 2287 
4017 1879 2358 2304 
4018 2041 2365 2333 
4019 2339 2345 456 
4020 1509 2345 2339 
4021 2027 2274 2273 
4022 2273 2274 1617 
4023 2276 2277 1559 
4024 418 2277 2276 
4025 2282 2283 1564 
4026 386 2283 2282 
4027 1680 2281 2280 
4028 2280 2281 1949 
4029 387 2288 2287 
4030 2287 2288 1658 
4031 2291 2292 1334 
4032 1857 2292 2291 
4033 1408 2269 1406 
4034 2294 2295 1952 
4035 1836 2295 2294 
4036 1923 2305 2304 
4037 2304 2305 1721 
4038 2299 2302 1953 
4039 1686 2302 2299 
4040 1795 2270 1794 
4041 1916 2271 1795 
4042 1795 2271 2270 
4043 2297 2300 1417 
4044 409 2300 2297 
4045 1619 2272 1618 
4046 2027 2273 417 
4047 408 2269 1566 
4048 1741 2276 2275 
4049 1741 2275 374 
4050 1617 2274 2075 
4051 1559 2277 1557 
4052 418 2276 1741 
4053 2307 2308 1345 
4054 1842 2308 2307 
4055 375 2279 2278 
4056 375 2278 1834 
4057 1917 2279 375 
4058 1319 2270 2077 
4059 1769 2310 2309 
4060 2309 2310 1346 
4061 2270 2271 2077 
4062 2077 2271 1320 
4063 2311 2312 1347 
4064 1831 2312 2311 
4065 1680 2280 1679 
4066 417 2272 1749 
4067 1618 2273 1617 
4068 1949 2281 1326 
4069 374 2274 2027 
4070 2275 2276 1560 
4071 1564 2283 1562 
4072 386 2282 1681 
4073 2075 2275 1560 
4074 1776 2322 2321 
4075 1935 2317 2316 
4076 2321 2322 1728 
4077 2316 2317 1962 
4078 1560 2276 1559 
4079 1834 2277 418 
4080 1562 2284 1563 
4081 2283 2284 1562 
4082 1557 2278 1558 
4083 2278 2279 1558 
4084 1558 2279 2065 
4085 2285 2286 2060 
4086 1329 2285 2060 
4087 2060 2286 1330 
4088 1325 2280 1949 
4089 387 2287 1919 
4090 1658 2288 1656 
4091 2296 2301 1698 
4092 2087 2281 1680 
4093 2288 2289 1656 
4094 1656 2289 1657 
4095 1565 2282 1564 
4096 1918 2283 386 
4097 2326 2327 1356 
4098 1930 2327 2326 
4099 1918 2284 2283 
4100 1855 2290 1856 
4101 1855 2291 2290 
4102 429 2284 1918 
4103 1857 2291 1855 
4104 1684 2286 2285 
4105 1684 2285 1683 
4106 1334 2292 1884 
4107 1852 2286 1684 
4108 1837 2293 1858 
4109 1837 2294 2293 
4110 1836 2294 1837 
4111 398 2298 2017 
4112 1952 2295 1338 
4113 1698 2301 398 
4114 398 2301 2298 
4115 2334 2335 1580 
4116 369 2335 2334 
4117 1659 2287 1658 
4118 409 2297 1699 
4119 1686 2299 1687 
4120 1699 2297 2296 
4121 1415 2301 2296 
4122 1853 2288 387 
4123 1417 2300 1418 
4124 1953 2302 1341 
4125 1415 2296 1486 
4126 1699 2296 1698 
4127 2302 2303 1341 
4128 1853 2289 2288 
4129 430 2289 1853 
4130 1341 2303 1955 
4131 1923 2304 450 
4132 1333 2290 1950 
4133 2290 2291 1950 
4134 1721 2305 1722 
4135 1950 2291 1334 
4136 1830 2338 2337 
4137 2337 2338 1645 
4138 1858 2292 1857 
4139 1884 2293 1335 
4140 2340 2341 1514 
4141 1756 2341 2340 
4142 2293 2294 1335 
4143 1335 2294 1952 
4144 1840 2306 1839 
4145 2296 2297 1486 
4146 1840 2307 2306 
4147 2017 2339 456 
4148 1550 2300 409 
4149 1687 2295 1836 
4150 1486 2297 1417 
4151 1842 2307 1840 
4152 1338 2299 1953 
4153 1416 2298 1414 
4154 2342 2343 1511 
4155 1345 2308 1959 
4156 1777 2343 2342 
4157 1414 2301 1415 
4158 2298 2301 1414 
4159 1688 2302 1686 
4160 1769 2309 1934 
4161 1688 2303 2302 
4162 1689 2303 1688 
4163 1346 2310 1804 
4164 1831 2311 1768 
4165 1347 2312 1960 
4166 1772 2313 1832 
4167 1879 2304 1721 
4168 1772 2314 2313 
4169 1771 2314 1772 
4170 381 2305 1923 
4171 1771 2315 2314 
4172 1808 2315 1771 
4173 1808 2316 2315 
4174 1935 2316 1808 
4175 1344 2306 1958 
4176 417 2273 2272 
4177 2306 2307 1958 
4178 2272 2273 1618 
4179 1962 2317 1350 
4180 1958 2307 1345 
4181 2317 2318 1350 
4182 1350 2318 1979 
4183 1934 2308 1842 
4184 1815 2319 1774 
4185 1959 2309 1346 
4186 2274 2275 2075 
4187 374 2275 2274 
4188 1768 2310 1769 
4189 1731 2320 1730 
4190 1804 2311 1347 
4191 2277 2278 1557 
4192 1834 2278 2277 
4193 1776 2321 454 
4194 1832 2312 1831 
4195 1728 2322 1729 
4196 1960 2313 1348 
4197 2313 2314 1348 
4198 1348 2314 1780 
4199 2314 2315 1780 
4200 1780 2315 1349 
4201 2315 2316 1349 
4202 1354 2323 2032 
4203 1349 2316 1962 
4204 2323 2324 2032 
4205 1775 2317 1935 
4206 2032 2324 1355 
4207 1775 2318 2317 
4208 1761 2325 1760 
4209 1761 2326 2325 
4210 1774 2318 1775 
4211 1930 2326 1761 
4212 1979 2319 1351 
4213 1356 2327 1965 
4214 2045 2329 2328 
4215 2045 2328 1929 
4216 1932 2329 2045 
4217 454 2320 1926 
4218 1730 2321 1728 
4219 383 2322 1776 
4220 1696 2330 1697 
4221 1743 2323 1744 
4222 1693 2331 1696 
4223 1696 2331 2330 
4224 1743 2324 2323 
4225 1760 2324 1743 
4226 2325 2326 1786 
4227 1355 2325 1786 
4228 1786 2326 1356 
4229 1929 2327 1930 
4230 1360 2332 2009 
4231 1965 2328 1357 
4232 2328 2329 1357 
4233 1858 2293 2292 
4234 2292 2293 1884 
4235 1357 2329 1966 
4236 1755 2333 424 
4237 1755 2334 2333 
4238 369 2334 1755 
4239 1580 2335 1518 
4240 2295 2299 1338 
4241 1687 2299 2295 
4242 1518 2336 1519 
4243 1359 2330 2019 
4244 2330 2331 2019 
4245 2335 2336 1518 
4246 1830 2337 425 
4247 2019 2331 1039 
4248 1645 2338 1644 
4249 1756 2340 368 
4250 1514 2341 1513 
4251 1777 2342 410 
4252 1764 2332 2011 
4253 1511 2343 1512 
4254 2041 2333 1581 
4255 2333 2334 1581 
4256 2308 2309 1959 
4257 1934 2309 2308 
4258 1581 2334 1580 
4259 1843 2335 369 
4260 1496 2344 1497 
4261 1768 2311 2310 
4262 2310 2311 1804 
4263 425 2336 1843 
4264 1509 2339 1416 
4265 1843 2336 2335 
4266 1519 2337 1645 
4267 456 2345 1652 
4268 1832 2313 2312 
4269 2312 2313 1960 
4270 368 2338 1830 
4271 1513 2342 1511 
4272 1644 2340 1514 
4273 410 2341 1756 
4274 367 2343 1777 
4275 1774 2319 2318 
4276 2318 2319 1979 
4277 1652 2344 366 
4278 1497 2345 1509 
4279 1760 2325 2324 
4280 2324 2325 1355 
4281 454 2321 2320 
4282 2320 2321 1730 
4283 2327 2328 1965 
4284 1929 2328 2327 
4285 425 2337 2336 
4286 2336 2337 1519 
4287 368 2340 2338 
4288 2341 2342 1513 
4289 2338 2340 1644 
4290 410 2342 2341 
4291 1652 2345 2344 
4292 2344 2345 1497 
4293 2298 2339 2017 
4294 1416 2339 2298 
4295 1329 2356 2285 
4296 2272 2348 1749 
4297 1354 2361 2323 
4298 2270 2347 1794 
4299 1333 2357 2290 
4300 1496 2370 2344 
4301 1344 2359 2306 
4302 2280 2352 1679 
4303 2320 2360 1926 
4304 2282 2353 1681 
4305 2287 2355 1919 
4306 1359 2364 2330 
4307 2332 2363 2011 
4308 2304 2358 450 
4309 2333 2365 424 
4310 144 2346 143 
4311 1794 2347 1623 
4312 1749 2348 385 
4313 1400 2349 1411 
4314 829 2351 831 
4315 2093 2350 1037 
4316 1679 2352 1676 
4317 1681 2353 448 
4318 859 2354 861 
4319 1919 2355 412 
4320 2056 2356 1329 
4321 2018 2357 1333 
4322 450 2358 1922 
4323 1723 2359 1344 
4324 1926 2360 391 
4325 1818 2361 1354 
4326 428 2362 1931 
4327 2011 2363 1692 
4328 1967 2364 1359 
4329 424 2365 1763 
4330 989 2366 991 
4331 244 2367 243 
4332 247 2368 246 
4333 1632 2369 2134 
4334 1493 2370 1496 
4335 2269 2371 1566 
4336 1550 2372 2300 
4337 1566 2371 464 
4338 465 2372 1550 
4339 2219 2265 464 
4340 465 2266 2220 
4341 466 2267 2221 
4342 2222 2268 1427 
4343 2226 2371 1408 
4344 1418 2372 2225 
4345 399 2349 2239 
4346 1624 2350 2240 
4347 1625 2351 2241 
4348 2244 2346 1413 
4349 2245 2347 1319 
4350 1678 2354 2243 
4351 2247 2348 1619 
4352 1683 2356 2246 
4353 2249 2352 1325 
4354 1856 2357 2248 
4355 2250 2353 1565 
4356 2252 2355 1659 
4357 1839 2359 2251 
4358 2253 2358 1879 
4359 1744 2361 2254 
4360 2257 2360 1731 
4361 1697 2364 2255 
4362 1694 2366 2256 
4363 2258 2362 1968 
4364 2261 2363 1360 
4365 401 2369 2260 
4366 366 2370 2259 
4367 2262 2365 2041 
4368 2263 2367 1633 
4369 2264 2368 1495 
2 2 2 1084
4370 2399 2815 2810 
4371 2676 2816 2400 
4372 2594 2795 2634 
4373 2810 2833 2399 
4374 2400 2832 2676 
4375 2389 2818 2720 
4376 2625 2819 2390 
4377 2401 2711 2633 
4378 2722 2823 2381 
4379 2380 2822 2661 
4380 2720 2829 2389 
4381 2390 2828 2625 
4382 2598 2795 2594 
4383 309 2659 2381 
4384 2380 2638 133 
4385 2711 2826 2633 
4386 2635 2660 2388 
4387 2392 2674 2658 
4388 2670 2845 2668 
4389 2668 2845 2842 
4390 2381 2824 2722 
4391 2661 2825 2380 
4392 310 2659 309 
4393 133 2638 134 
4394 2795 2820 2634 
4395 2721 2823 2722 
4396 2661 2822 2626 
4397 307 2823 2818 
4398 2819 2822 131 
4399 2626 2819 2625 
4400 2720 2818 2721 
4401 2403 2816 2676 
4402 2810 2815 2404 
4403 2620 2832 2732 
4404 2796 2833 2792 
4405 2633 2821 2401 
4406 2659 2824 2381 
4407 2380 2825 2638 
4408 2732 2829 2620 
4409 2792 2828 2796 
4410 2626 2822 2819 
4411 2818 2823 2721 
4412 2388 2831 2635 
4413 2658 2830 2392 
4414 2660 2826 2388 
4415 2392 2827 2674 
4416 339 2836 2636 
4417 2379 2840 2627 
4418 2523 2834 2684 
4419 2684 2837 2523 
4420 2527 2845 2670 
4421 2637 2835 321 
4422 2663 2841 2614 
4423 324 2844 2728 
4424 2744 2838 2551 
4425 2378 2839 2680 
4426 321 2843 2637 
4427 2765 2870 2814 
4428 2817 2869 2766 
4429 2821 2869 2817 
4430 2814 2870 2820 
4431 2399 2833 2796 
4432 2732 2832 2400 
4433 2600 2802 2665 
4434 2665 2802 2385 
4435 2470 2673 2672 
4436 2676 2773 2403 
4437 2566 2649 2641 
4438 2664 2666 2600 
4439 2599 2726 2708 
4440 2640 2649 2471 
4441 2641 2649 2640 
4442 2731 2747 2697 
4443 2558 2754 2556 
4444 2600 2665 2664 
4445 2554 2709 2552 
4446 2552 2755 2550 
4447 2375 2743 328 
4448 2521 2537 2536 
4449 2526 2779 2527 
4450 2591 2777 2627 
4451 2433 2769 2438 
4452 2377 2712 286 
4453 2379 2687 337 
4454 2431 2432 2430 
4455 2435 2654 2426 
4456 2617 2680 2539 
4457 2811 2812 2582 
4458 2653 2742 2385 
4459 2568 2596 2525 
4460 2384 2738 289 
4461 2573 2661 2575 
4462 2482 2512 2504 
4463 2534 2756 2644 
4464 2597 2660 2596 
4465 2639 2643 2469 
4466 2621 2717 2531 
4467 2403 2773 300 
4468 2407 2603 2409 
4469 2409 2776 2411 
4470 292 2694 291 
4471 327 2663 326 
4472 341 2391 340 
4473 284 2383 283 
4474 2407 2662 2603 
4475 2506 2677 2479 
4476 2548 2751 2546 
4477 2601 2742 2653 
4478 2639 2751 2548 
4479 2482 2716 2512 
4480 2674 2698 2595 
4481 2641 2779 2566 
4482 2385 2802 2653 
4483 2645 2646 2564 
4484 2671 2679 2376 
4485 2640 2754 2558 
4486 2544 2753 2542 
4487 294 2678 293 
4488 298 2664 297 
4489 2384 2747 2737 
4490 2610 2807 2722 
4491 2530 2675 2611 
4492 2386 2809 2647 
4493 2805 2809 2386 
4494 2708 2709 2599 
4495 2471 2754 2640 
4496 2737 2747 2731 
4497 2675 2676 2611 
4498 2529 2666 2530 
4499 2455 2752 2469 
4500 2550 2755 2639 
4501 2556 2754 2599 
4502 2722 2807 2719 
4503 2697 2756 2534 
4504 2534 2731 2697 
4505 2666 2675 2530 
4506 2599 2754 2726 
4507 2763 2810 2404 
4508 2469 2751 2639 
4509 2647 2809 2801 
4510 2393 2666 2664 
4511 2393 2773 2675 
4512 2739 2762 2377 
4513 2751 2752 2602 
4514 2764 2812 2811 
4515 333 2667 2374 
4516 2534 2644 2502 
4517 2542 2753 2672 
4518 2546 2751 2602 
4519 296 2665 2385 
4520 2393 2675 2666 
4521 2673 2771 2672 
4522 2490 2757 2563 
4523 2592 2677 2506 
4524 2735 2762 2739 
4525 293 2678 2376 
4526 2801 2809 2583 
4527 2502 2645 2564 
4528 2695 2808 2694 
4529 2675 2773 2676 
4530 294 2742 2678 
4531 326 2663 2382 
4532 2457 2752 2455 
4533 2461 2673 2470 
4534 2531 2717 2492 
4535 2603 2776 2409 
4536 2519 2686 2517 
4537 2618 2784 2593 
4538 2644 2756 2535 
4539 2598 2698 2674 
4540 274 2763 2404 
4541 2647 2801 2394 
4542 2686 2782 2707 
4543 2635 2638 2612 
4544 2639 2755 2643 
4545 341 2652 2391 
4546 2605 2706 2705 
4547 318 2648 2398 
4548 2783 2784 2622 
4549 2793 2800 2532 
4550 2707 2782 2463 
4551 2686 2707 2656 
4552 2621 2718 2717 
4553 2691 2741 2562 
4554 2394 2763 275 
4555 2720 2721 2719 
4556 2535 2756 2494 
4557 2710 2713 2646 
4558 2646 2750 2710 
4559 2735 2739 2738 
4560 2716 2718 2512 
4561 2721 2722 2719 
4562 2718 2719 2512 
4563 2770 2779 2641 
4564 2407 2408 2406 
4565 2515 2657 2595 
4566 2714 2736 2713 
4567 289 2738 288 
4568 2584 2809 2805 
4569 2677 2806 2481 
4570 2704 2723 2589 
4571 2656 2707 2608 
4572 2679 2757 2696 
4573 2714 2759 2736 
4574 2718 2720 2719 
4575 2568 2788 2597 
4576 2679 2694 2376 
4577 2761 2776 2603 
4578 2605 2705 2704 
4579 2747 2808 2695 
4580 2625 2791 2576 
4581 2477 2713 2710 
4582 2563 2590 2489 
4583 2493 2535 2494 
4584 2709 2755 2552 
4585 2596 2660 2635 
4586 2602 2813 2753 
4587 2696 2697 2695 
4588 336 2687 2683 
4589 2377 2761 2712 
4590 2377 2762 2761 
4591 2395 2669 2668 
4592 2727 2760 2545 
4593 297 2665 296 
4594 2737 2738 2384 
4595 2561 2693 2692 
4596 2633 2803 2631 
4597 2730 2733 2428 
4598 2467 2688 2474 
4599 2508 2650 2567 
4600 2565 2778 2774 
4601 2570 2770 2569 
4602 2576 2791 2578 
4603 2605 2704 2589 
4604 2774 2778 2729 
4605 2651 2768 2733 
4606 2429 2702 2435 
4607 2435 2723 2654 
4608 2700 2723 2435 
4609 2472 2473 2468 
4610 2658 2674 2595 
4611 2434 2702 2429 
4612 2434 2703 2702 
4613 2473 2478 2475 
4614 2481 2806 2788 
4615 2632 2633 2631 
4616 336 2683 335 
4617 337 2687 336 
4618 2395 2683 2669 
4619 2710 2750 2452 
4620 2477 2714 2713 
4621 2477 2715 2714 
4622 2517 2656 2514 
4623 2539 2680 2541 
4624 2607 2758 2715 
4625 2631 2803 2740 
4626 2715 2758 2714 
4627 2436 2787 2488 
4628 2488 2787 2568 
4629 2493 2693 2561 
4630 2561 2692 2691 
4631 286 2712 285 
4632 2394 2764 2763 
4633 2402 2795 2794 
4634 2460 2689 2464 
4635 2540 2771 2537 
4636 2651 2730 2567 
4637 2577 2790 2574 
4638 2654 2723 2704 
4639 2388 2711 136 
4640 2621 2720 2718 
4641 2402 2794 313 
4642 2607 2715 2446 
4643 2477 2710 2450 
4644 2564 2736 2500 
4645 2596 2612 2525 
4646 313 2794 312 
4647 2415 2416 2413 
4648 2604 2793 2605 
4649 285 2712 2662 
4650 2410 2748 2408 
4651 2417 2418 2416 
4652 2416 2685 2439 
4653 2571 2685 2422 
4654 2606 2734 2497 
4655 2533 2600 2529 
4656 2611 2620 2531 
4657 2749 2793 2532 
4658 2735 2737 2560 
4659 2609 2797 2588 
4660 2393 2664 298 
4661 2383 2662 2407 
4662 2423 2425 2424 
4663 2482 2504 2503 
4664 2518 2519 2517 
4665 2701 2703 2579 
4666 282 2642 281 
4667 2385 2742 295 
4668 328 2743 327 
4669 2396 2745 330 
4670 2374 2746 332 
4671 2395 2667 334 
4672 335 2683 2395 
4673 2375 2744 2743 
4674 2412 2413 2410 
4675 2411 2495 2414 
4676 2495 2496 2414 
4677 2415 2724 2681 
4678 2426 2654 2424 
4679 2444 2445 2443 
4680 2444 2446 2445 
4681 2444 2767 2607 
4682 2446 2447 2445 
4683 2445 2726 2471 
4684 2446 2448 2447 
4685 2448 2449 2447 
4686 2708 2726 2447 
4687 2448 2450 2449 
4688 2450 2451 2449 
4689 2476 2708 2449 
4690 2452 2453 2451 
4691 2451 2643 2476 
4692 2452 2454 2453 
4693 2454 2455 2453 
4694 2456 2457 2455 
4695 2456 2458 2457 
4696 2458 2459 2457 
4697 2460 2461 2459 
4698 2466 2741 2691 
4699 2469 2752 2751 
4700 2478 2716 2482 
4701 2492 2717 2485 
4702 2495 2497 2496 
4703 2497 2498 2496 
4704 2497 2499 2498 
4705 2501 2534 2502 
4706 2562 2644 2535 
4707 2541 2542 2540 
4708 2541 2543 2542 
4709 2541 2613 2543 
4710 2541 2680 2613 
4711 2543 2544 2542 
4712 2543 2545 2544 
4713 2543 2727 2545 
4714 2545 2546 2544 
4715 2547 2548 2546 
4716 2547 2549 2548 
4717 2547 2614 2549 
4718 2549 2550 2548 
4719 2549 2551 2550 
4720 2551 2552 2550 
4721 2551 2553 2552 
4722 2553 2554 2552 
4723 2553 2555 2554 
4724 2555 2556 2554 
4725 2555 2557 2556 
4726 2557 2558 2556 
4727 2616 2772 2559 
4728 2578 2582 2580 
4729 2613 2728 2727 
4730 2724 2725 2681 
4731 2706 2793 2749 
4732 2406 2749 2532 
4733 2432 2789 2430 
4734 2442 2565 2440 
4735 2441 2443 2442 
4736 2441 2444 2443 
4737 2442 2649 2566 
4738 2471 2649 2443 
4739 2458 2690 2689 
4740 2485 2717 2716 
4741 2493 2494 2490 
4742 2560 2731 2501 
4743 2510 2511 2509 
4744 2539 2540 2537 
4745 2538 2622 2617 
4746 2569 2641 2640 
4747 2703 2790 2577 
4748 2645 2741 2646 
4749 2689 2692 2688 
4750 2691 2692 2690 
4751 281 2642 2373 
4752 285 2662 284 
4753 2397 2652 342 
4754 2420 2423 2422 
4755 2420 2775 2428 
4756 2423 2424 2422 
4757 2428 2733 2423 
4758 2424 2654 2571 
4759 2428 2774 2730 
4760 2428 2775 2774 
4761 2565 2775 2440 
4762 2462 2463 2461 
4763 2474 2487 2486 
4764 2480 2650 2508 
4765 2507 2591 2506 
4766 2591 2592 2506 
4767 2508 2509 2507 
4768 2508 2510 2509 
4769 2523 2777 2509 
4770 2510 2526 2511 
4771 2510 2729 2526 
4772 2567 2729 2510 
4773 2526 2527 2511 
4774 2521 2538 2537 
4775 2521 2783 2538 
4776 2537 2771 2536 
4777 2771 2782 2536 
4778 2538 2617 2539 
4779 2538 2783 2622 
4780 2559 2570 2569 
4781 2566 2778 2565 
4782 2568 2597 2596 
4783 2569 2770 2641 
4784 2584 2586 2585 
4785 2591 2627 2615 
4786 2615 2623 2592 
4787 2650 2769 2651 
4788 2651 2733 2730 
4789 2702 2703 2701 
4790 284 2662 2383 
4791 2532 2642 2405 
4792 2408 2749 2406 
4793 2407 2409 2408 
4794 2409 2411 2410 
4795 2528 2724 2414 
4796 2430 2789 2434 
4797 2438 2650 2480 
4798 2480 2508 2507 
4799 2499 2501 2500 
4800 2528 2759 2758 
4801 2620 2621 2531 
4802 2575 2625 2576 
4803 2623 2624 2592 
4804 2761 2762 2606 
4805 2725 2767 2681 
4806 2734 2762 2735 
4807 278 2386 277 
4808 281 2373 280 
4809 283 2405 282 
4810 287 2377 286 
4811 290 2384 289 
4812 293 2376 292 
4813 296 2385 295 
4814 2398 2765 317 
4815 2425 2427 2426 
4816 2425 2768 2427 
4817 2438 2480 2479 
4818 2438 2769 2650 
4819 2705 2706 2439 
4820 2706 2748 2439 
4821 2655 2707 2463 
4822 2468 2786 2465 
4823 2484 2781 2491 
4824 2520 2521 2519 
4825 2521 2536 2519 
4826 2536 2686 2519 
4827 2520 2783 2521 
4828 2536 2782 2686 
4829 2561 2691 2562 
4830 2576 2578 2577 
4831 2584 2585 2581 
4832 2624 2677 2592 
4833 2628 2629 2624 
4834 2651 2769 2768 
4835 2690 2692 2689 
4836 274 2404 273 
4837 2376 2694 292 
4838 299 2393 298 
4839 301 2403 300 
4840 2406 2532 2405 
4841 2427 2429 2426 
4842 2427 2768 2431 
4843 2431 2769 2433 
4844 2433 2438 2437 
4845 2438 2479 2437 
4846 2479 2677 2481 
4847 2593 2783 2520 
4848 2734 2735 2560 
4849 2604 2605 2589 
4850 127 2399 128 
4851 2405 2642 282 
4852 2427 2430 2429 
4853 2430 2434 2429 
4854 2431 2433 2432 
4855 2479 2481 2437 
4856 2481 2787 2437 
4857 2529 2530 2492 
4858 2518 2522 2520 
4859 320 2387 319 
4860 323 2378 322 
4861 326 2382 325 
4862 329 2375 328 
4863 330 2745 329 
4864 331 2396 330 
4865 332 2746 331 
4866 333 2374 332 
4867 334 2667 333 
4868 338 2379 337 
4869 2395 2668 2667 
4870 2411 2412 2410 
4871 2413 2748 2410 
4872 2411 2414 2412 
4873 2411 2776 2495 
4874 2412 2415 2413 
4875 2412 2724 2415 
4876 2681 2767 2421 
4877 2433 2436 2432 
4878 2437 2787 2436 
4879 2441 2767 2444 
4880 2448 2715 2477 
4881 2452 2750 2454 
4882 2454 2750 2466 
4883 2726 2754 2471 
4884 2485 2716 2478 
4885 2496 2759 2528 
4886 2499 2500 2498 
4887 2500 2736 2498 
4888 2499 2734 2560 
4889 2501 2502 2500 
4890 2502 2564 2500 
4891 2501 2731 2534 
4892 2522 2594 2593 
4893 2528 2725 2724 
4894 2528 2758 2725 
4895 2542 2672 2540 
4896 2546 2602 2544 
4897 2550 2639 2548 
4898 2553 2619 2555 
4899 2556 2599 2554 
4900 2557 2616 2559 
4901 2563 2671 2601 
4902 2713 2736 2564 
4903 2589 2723 2587 
4904 2683 2687 2684 
4905 2788 2806 2740 
4906 318 2398 317 
4907 343 2397 342 
4908 2394 2801 2764 
4909 2415 2681 2417 
4910 2417 2421 2419 
4911 2421 2441 2440 
4912 2429 2435 2426 
4913 2436 2483 2432 
4914 2483 2789 2432 
4915 2436 2488 2483 
4916 2442 2566 2565 
4917 2508 2567 2510 
4918 2513 2515 2514 
4919 2516 2698 2518 
4920 2518 2698 2522 
4921 2538 2539 2537 
4922 2559 2772 2570 
4923 2579 2703 2577 
4924 2586 2587 2585 
4925 2615 2636 2623 
4926 2622 2637 2617 
4927 2679 2695 2694 
4928 2399 2796 128 
4929 135 2388 136 
4930 136 2711 137 
4931 137 2401 138 
4932 304 2400 303 
4933 2389 2732 305 
4934 314 2402 313 
4935 317 2765 316 
4936 344 2766 343 
4937 2804 2805 2386 
4938 2409 2410 2408 
4939 2416 2439 2413 
4940 2418 2685 2416 
4941 2420 2422 2418 
4942 2420 2428 2423 
4943 2424 2571 2422 
4944 2685 2705 2439 
4945 2464 2688 2467 
4946 2467 2474 2472 
4947 2488 2524 2483 
4948 2487 2490 2489 
4949 2487 2693 2493 
4950 2488 2568 2525 
4951 2590 2699 2489 
4952 2495 2606 2497 
4953 2499 2560 2501 
4954 2509 2777 2507 
4955 2569 2640 2558 
4956 2576 2577 2574 
4957 2588 2589 2587 
4958 2588 2604 2589 
4959 2591 2615 2592 
4960 128 2796 129 
4961 129 2390 130 
4962 132 2380 133 
4963 305 2732 304 
4964 306 2389 305 
4965 309 2381 308 
4966 312 2392 311 
4967 2427 2431 2430 
4968 2494 2757 2490 
4969 2530 2531 2492 
4970 2719 2807 2512 
4971 2515 2595 2516 
4972 2524 2573 2572 
4973 2573 2575 2574 
4974 2575 2576 2574 
4975 2748 2749 2408 
4976 2496 2528 2414 
4977 2425 2426 2424 
4978 2465 2655 2462 
4979 2473 2475 2468 
4980 2473 2682 2484 
4981 2480 2506 2479 
4982 2682 2781 2484 
4983 2498 2759 2496 
4984 2497 2734 2499 
4985 2736 2759 2498 
4986 2524 2785 2573 
4987 2560 2737 2731 
4988 2578 2580 2579 
4989 2586 2609 2588 
4990 2606 2762 2734 
4991 2741 2750 2646 
4992 2415 2417 2416 
4993 2417 2419 2418 
4994 2421 2440 2419 
4995 2562 2741 2645 
4996 2630 2632 2631 
4997 2735 2738 2737 
4998 290 2808 2384 
4999 2612 2785 2525 
5000 2433 2437 2436 
5001 2478 2482 2475 
5002 2491 2529 2492 
5003 2533 2802 2600 
5004 2573 2574 2572 
5005 2580 2583 2581 
5006 2631 2740 2629 
5007 327 2743 2663 
5008 329 2745 2375 
5009 331 2746 2396 
5010 2414 2724 2412 
5011 2445 2471 2443 
5012 2444 2607 2446 
5013 2447 2726 2445 
5014 2446 2715 2448 
5015 2449 2708 2447 
5016 2448 2477 2450 
5017 2451 2476 2449 
5018 2453 2643 2451 
5019 2456 2690 2458 
5020 2476 2709 2708 
5021 2476 2755 2709 
5022 2491 2533 2529 
5023 2539 2541 2540 
5024 2613 2727 2543 
5025 2545 2760 2547 
5026 2547 2760 2614 
5027 2555 2799 2557 
5028 2557 2799 2616 
5029 2563 2757 2671 
5030 2587 2700 2585 
5031 2683 2684 2669 
5032 2439 2748 2413 
5033 2789 2790 2434 
5034 2441 2442 2440 
5035 2443 2649 2442 
5036 2504 2513 2505 
5037 2512 2807 2504 
5038 2511 2523 2509 
5039 2516 2518 2517 
5040 2672 2771 2540 
5041 2559 2569 2558 
5042 2787 2788 2568 
5043 2573 2785 2661 
5044 2575 2661 2626 
5045 2669 2670 2668 
5046 2422 2685 2418 
5047 2460 2464 2462 
5048 2688 2693 2474 
5049 2507 2777 2591 
5050 2522 2698 2598 
5051 2527 2779 2770 
5052 2774 2775 2565 
5053 2566 2779 2778 
5054 2650 2651 2567 
5055 2780 2781 2699 
5056 2700 2702 2701 
5057 2524 2572 2483 
5058 2488 2525 2524 
5059 2706 2749 2748 
5060 2758 2759 2714 
5061 278 2804 2386 
5062 291 2808 290 
5063 343 2766 2397 
5064 2423 2733 2425 
5065 2733 2768 2425 
5066 2768 2769 2431 
5067 2475 2786 2468 
5068 2480 2507 2506 
5069 2587 2723 2700 
5070 2623 2628 2624 
5071 2630 2631 2629 
5072 2419 2775 2420 
5073 2464 2467 2465 
5074 2467 2472 2468 
5075 2484 2491 2485 
5076 2608 2786 2503 
5077 2517 2686 2656 
5078 2518 2520 2519 
5079 2654 2704 2571 
5080 2571 2705 2685 
5081 2585 2701 2581 
5082 2522 2593 2520 
5083 2581 2701 2579 
5084 2792 2811 2582 
5085 2594 2618 2593 
5086 2594 2634 2618 
5087 276 2647 2394 
5088 295 2742 294 
5089 342 2652 341 
5090 2450 2710 2452 
5091 2455 2469 2453 
5092 2454 2466 2456 
5093 2458 2689 2460 
5094 2461 2470 2459 
5095 2466 2691 2690 
5096 2643 2755 2476 
5097 2481 2788 2787 
5098 2493 2561 2535 
5099 2487 2489 2486 
5100 2801 2812 2764 
5101 2463 2673 2461 
5102 2473 2484 2478 
5103 2515 2516 2514 
5104 2595 2698 2516 
5105 2567 2730 2729 
5106 2572 2790 2789 
5107 2791 2792 2582 
5108 2696 2756 2697 
5109 2730 2774 2729 
5110 280 2798 279 
5111 2797 2798 2373 
5112 2482 2503 2475 
5113 2513 2807 2610 
5114 2525 2785 2524 
5115 2608 2707 2655 
5116 2629 2806 2624 
5117 2384 2808 2747 
5118 2474 2486 2472 
5119 2588 2797 2604 
5120 137 2711 2401 
5121 2490 2563 2489 
5122 2505 2656 2608 
5123 129 2796 2390 
5124 287 2739 2377 
5125 304 2732 2400 
5126 312 2794 2392 
5127 2532 2800 2642 
5128 2563 2601 2590 
5129 2671 2678 2601 
5130 2678 2742 2601 
5131 2513 2514 2505 
5132 2386 2647 277 
5133 2486 2699 2682 
5134 2504 2505 2503 
5135 2778 2779 2526 
5136 2694 2808 291 
5137 2472 2682 2473 
5138 2605 2793 2706 
5139 2609 2804 2798 
5140 275 2763 274 
5141 279 2804 278 
5142 2373 2800 2797 
5143 2584 2805 2586 
5144 2604 2800 2793 
5145 277 2647 276 
5146 335 2395 334 
5147 300 2773 299 
5148 2717 2718 2716 
5149 2383 2405 283 
5150 2383 2406 2405 
5151 276 2394 275 
5152 2642 2800 2373 
5153 2593 2784 2783 
5154 2655 2786 2608 
5155 2530 2611 2531 
5156 2533 2781 2780 
5157 2657 2658 2595 
5158 2457 2813 2752 
5159 2602 2753 2544 
5160 2664 2665 297 
5161 2463 2782 2673 
5162 2609 2798 2797 
5163 2376 2678 2671 
5164 2580 2812 2583 
5165 2692 2693 2688 
5166 2583 2809 2584 
5167 288 2739 287 
5168 2597 2803 2660 
5169 2644 2645 2502 
5170 2672 2753 2470 
5171 2671 2757 2679 
5172 2780 2802 2533 
5173 2459 2813 2457 
5174 2753 2813 2470 
5175 2679 2696 2695 
5176 319 2648 318 
5177 2599 2709 2554 
5178 2712 2761 2603 
5179 2610 2657 2515 
5180 2383 2407 2406 
5181 2495 2776 2606 
5182 2673 2782 2771 
5183 2600 2666 2529 
5184 2697 2747 2695 
5185 2624 2806 2677 
5186 2653 2780 2590 
5187 2657 2659 2658 
5188 299 2773 2393 
5189 2586 2805 2609 
5190 2494 2756 2696 
5191 2696 2757 2494 
5192 2582 2812 2580 
5193 2583 2812 2801 
5194 2752 2813 2602 
5195 2764 2810 2763 
5196 2470 2813 2459 
5197 2653 2802 2780 
5198 2590 2780 2699 
5199 2738 2739 288 
5200 2606 2776 2761 
5201 2466 2750 2741 
5202 2740 2803 2597 
5203 2561 2562 2535 
5204 2487 2493 2490 
5205 2601 2653 2590 
5206 2469 2643 2453 
5207 2454 2456 2455 
5208 2607 2767 2725 
5209 2460 2462 2461 
5210 2578 2791 2582 
5211 2729 2778 2526 
5212 2462 2655 2463 
5213 2562 2645 2644 
5214 2725 2758 2607 
5215 2699 2781 2682 
5216 2435 2702 2700 
5217 2628 2630 2629 
5218 2662 2712 2603 
5219 2464 2465 2462 
5220 2464 2689 2688 
5221 2486 2682 2472 
5222 2484 2485 2478 
5223 2489 2699 2486 
5224 2505 2608 2503 
5225 2704 2705 2571 
5226 2387 2648 319 
5227 2450 2452 2451 
5228 2466 2690 2456 
5229 2458 2460 2459 
5230 2467 2468 2465 
5231 2514 2656 2505 
5232 2646 2713 2564 
5233 2440 2775 2419 
5234 2434 2790 2703 
5235 2516 2517 2514 
5236 2522 2598 2594 
5237 2597 2788 2740 
5238 2474 2693 2487 
5239 2503 2786 2475 
5240 2575 2626 2625 
5241 2421 2767 2441 
5242 2465 2786 2655 
5243 2417 2681 2421 
5244 2504 2807 2513 
5245 2419 2420 2418 
5246 2596 2635 2612 
5247 2373 2798 280 
5248 2491 2492 2485 
5249 2586 2588 2587 
5250 2545 2547 2546 
5251 2583 2584 2581 
5252 2700 2701 2585 
5253 2609 2805 2804 
5254 2572 2789 2483 
5255 2580 2581 2579 
5256 2513 2610 2515 
5257 2574 2790 2572 
5258 2740 2806 2629 
5259 2619 2799 2555 
5260 2557 2559 2558 
5261 2578 2579 2577 
5262 2491 2781 2533 
5263 2798 2804 279 
5264 2797 2800 2604 
5265 2764 2811 2810 
5266 2614 2852 2663 
5267 2627 2858 2379 
5268 2636 2859 339 
5269 2670 2861 2527 
5270 2680 2863 2378 
5271 2551 2865 2744 
5272 2728 2867 324 
5273 2389 2829 2732 
5274 2796 2828 2390 
5275 303 2816 302 
5276 315 2814 314 
5277 126 2815 127 
5278 138 2817 139 
5279 130 2819 131 
5280 307 2818 306 
5281 2388 2826 2711 
5282 131 2822 132 
5283 308 2823 307 
5284 2402 2820 2795 
5285 314 2814 2402 
5286 2401 2817 138 
5287 2400 2816 303 
5288 127 2815 2399 
5289 2638 2825 2612 
5290 2722 2824 2610 
5291 2657 2824 2659 
5292 2785 2825 2661 
5293 2633 2826 2803 
5294 2794 2827 2392 
5295 2625 2828 2791 
5296 2621 2829 2720 
5297 135 2831 2388 
5298 2392 2830 311 
5299 2811 2833 2810 
5300 2676 2832 2611 
5301 2770 2845 2527 
5302 340 2836 339 
5303 321 2835 320 
5304 2627 2840 2615 
5305 2551 2838 2553 
5306 2523 2837 2777 
5307 2684 2834 2669 
5308 325 2844 324 
5309 322 2843 321 
5310 2680 2839 2613 
5311 2743 2841 2663 
5312 273 2846 2 
5313 2 2846 126 
5314 139 2849 3 
5315 302 2848 5 
5316 6 2847 315 
5317 3 2849 344 
5318 5 2848 301 
5319 316 2847 6 
5320 306 2818 2389 
5321 2390 2819 130 
5322 2636 2860 2623 
5323 2614 2865 2549 
5324 2687 2858 2684 
5325 2728 2864 2727 
5326 323 2867 2378 
5327 338 2859 2379 
5328 2375 2868 2744 
5329 2622 2866 2637 
5330 2511 2861 2523 
5331 2637 2863 2617 
5332 2668 2862 2667 
5333 2632 2821 2633 
5334 2598 2827 2795 
5335 310 2830 2659 
5336 2638 2831 134 
5337 132 2822 2380 
5338 2381 2823 308 
5339 2635 2831 2638 
5340 2659 2830 2658 
5341 2610 2824 2657 
5342 2612 2825 2785 
5343 2814 2820 2402 
5344 2401 2821 2817 
5345 2674 2827 2598 
5346 2803 2826 2660 
5347 2684 2858 2837 
5348 2842 2862 2668 
5349 2836 2860 2636 
5350 2637 2866 2835 
5351 2378 2867 2839 
5352 2744 2868 2838 
5353 2844 2864 2728 
5354 2841 2865 2614 
5355 2843 2863 2637 
5356 2523 2861 2834 
5357 2379 2859 2840 
5358 2795 2827 2794 
5359 2620 2829 2621 
5360 2791 2828 2792 
5361 311 2830 310 
5362 134 2831 135 
5363 2611 2832 2620 
5364 2792 2833 2811 
5365 320 2835 2387 
5366 2615 2840 2636 
5367 2777 2837 2627 
5368 2613 2839 2728 
5369 2669 2834 2670 
5370 2842 2845 2570 
5371 2553 2838 2619 
5372 2382 2844 325 
5373 2391 2836 340 
5374 2570 2845 2770 
5375 2378 2843 322 
5376 2744 2841 2743 
5377 2772 2842 2570 
5378 315 2847 2814 
5379 126 2846 2815 
5380 2816 2848 302 
5381 2817 2849 139 
5382 301 2848 2403 
5383 2404 2846 273 
5384 2765 2847 316 
5385 344 2849 2766 
5386 2851 2869 2632 
5387 2634 2870 2857 
5388 2850 2860 2391 
5389 2619 2868 2855 
5390 2387 2866 2853 
5391 2854 2862 2772 
5392 2852 2864 2382 
5393 2618 2857 2853 
5394 2853 2857 2648 
5395 2663 2852 2382 
5396 2648 2857 2398 
5397 2850 2851 2630 
5398 2630 2851 2632 
5399 2628 2850 2630 
5400 2397 2851 2652 
5401 2652 2851 2850 
5402 2652 2850 2391 
5403 2634 2857 2618 
5404 2387 2853 2648 
5405 2760 2852 2614 
5406 2396 2855 2745 
5407 2799 2856 2616 
5408 2616 2854 2772 
5409 2616 2856 2854 
5410 2374 2854 2746 
5411 2746 2856 2396 
5412 2619 2855 2799 
5413 2618 2853 2784 
5414 2396 2856 2855 
5415 2855 2856 2799 
5416 2854 2856 2746 
5417 2855 2868 2745 
5418 2628 2860 2850 
5419 2374 2862 2854 
5420 2853 2866 2784 
5421 2760 2864 2852 
5422 2667 2862 2374 
5423 2784 2866 2622 
5424 339 2859 338 
5425 2379 2858 2687 
5426 2623 2860 2628 
5427 2527 2861 2511 
5428 2617 2863 2680 
5429 2549 2865 2551 
5430 2727 2864 2760 
5431 324 2867 323 
5432 2745 2868 2375 
5433 2397 2869 2851 
5434 2857 2870 2398 
5435 2766 2869 2397 
5436 2398 2870 2765 
5437 2814 2847 2765 
5438 2766 2849 2817 
5439 2815 2846 2404 
5440 2403 2848 2816 
5441 2820 2870 2634 
5442 2632 2869 2821 
5443 2837 2858 2627 
5444 2840 2859 2636 
5445 2835 2866 2387 
5446 2834 2861 2670 
5447 2839 2867 2728 
5448 2838 2868 2619 
5449 2391 2860 2836 
5450 2772 2862 2842 
5451 2744 2865 2841 
5452 2382 2864 2844 
5453 2378 2863 2843 
$EndElements
